2026-04-20 17:09:34,701 - SofascoreBot - INFO - Sofascore Automation Bot - Multi-Account System Started
2026-04-20 17:09:34,701 - SofascoreBot - INFO - Execution Mode: sequential
2026-04-20 17:09:34,720 - SofascoreBot - INFO - Loaded 2 accounts.
2026-04-20 17:09:34,721 - SofascoreBot - INFO - Starting sequential execution for 2 accounts.
2026-04-20 17:09:34,721 - SofascoreBot - INFO - ==== Switching to account: user1 ====
2026-04-20 17:09:34,722 - SofascoreBot - INFO - Setting proxy 192.168.1.100:8080 for device emulator-5554...
2026-04-20 17:09:34,945 - SofascoreBot - ERROR - Failed to set proxy via ADB. Stderr: adb.exe: device 'emulator-5554' not found

2026-04-20 17:09:34,945 - SofascoreBot - ERROR - Failed to set proxy for user1. Aborting session start.
2026-04-20 17:09:34,946 - SofascoreBot - WARNING - Account user1 marked as failed. Reason: Session failed to start
2026-04-20 17:09:34,946 - SofascoreBot - INFO - ==== Switching to account: user2 ====
2026-04-20 17:09:34,946 - SofascoreBot - INFO - Setting proxy 192.168.1.101:8080 for device emulator-5556...
2026-04-20 17:09:35,066 - SofascoreBot - ERROR - Failed to set proxy via ADB. Stderr: adb.exe: device 'emulator-5556' not found

2026-04-20 17:09:35,066 - SofascoreBot - ERROR - Failed to set proxy for user2. Aborting session start.
2026-04-20 17:09:35,066 - SofascoreBot - WARNING - Account user2 marked as failed. Reason: Session failed to start
2026-04-20 17:09:35,066 - SofascoreBot - WARNING - All accounts have failed or hit limits. Stopping scheduler.
2026-04-20 17:09:35,066 - SofascoreBot - INFO - Bot execution terminated.
2026-04-21 11:10:44,131 - [INFO] Bot started - Sofascore Automation System
2026-04-21 11:10:44,132 - [INFO] Execution Mode: sequential
2026-04-21 11:10:44,153 - [INFO] Loaded 2 accounts.
2026-04-21 11:10:44,153 - [INFO] Starting sequential execution for 2 accounts.
2026-04-21 11:10:44,154 - [INFO] Running account: user1
2026-04-21 11:10:44,154 - [INFO] Setting proxy 192.168.1.100:8080 for device emulator-5554...
2026-04-21 11:10:44,261 - [ERROR] Failed to set proxy via ADB. Stderr: adb.exe: device 'emulator-5554' not found

2026-04-21 11:10:44,262 - [WARNING] Failed to set proxy for user1. Proceeding natively (Direct Network).
2026-04-21 11:10:44,262 - [INFO] [user1] Starting Appium session on device emulator-5554...
2026-04-21 11:10:52,835 - [ERROR] [user1] Failed to start Appium session: HTTPConnectionPool(host='127.0.0.1', port=4723): Max retries exceeded with url: /session (Caused by NewConnectionError("HTTPConnection(host='127.0.0.1', port=4723): Failed to establish a new connection: [WinError 10061] No connection could be made because the target machine actively refused it"))
Traceback (most recent call last):
  File "C:\Users\Lenovo\AppData\Roaming\Python\Python314\site-packages\urllib3\connection.py", line 204, in _new_conn
    sock = connection.create_connection(
        (self._dns_host, self.port),
    ...<2 lines>...
        socket_options=self.socket_options,
    )
  File "C:\Users\Lenovo\AppData\Roaming\Python\Python314\site-packages\urllib3\util\connection.py", line 85, in create_connection
    raise err
  File "C:\Users\Lenovo\AppData\Roaming\Python\Python314\site-packages\urllib3\util\connection.py", line 73, in create_connection
    sock.connect(sa)
    ~~~~~~~~~~~~^^^^
ConnectionRefusedError: [WinError 10061] No connection could be made because the target machine actively refused it

The above exception was the direct cause of the following exception:

Traceback (most recent call last):
  File "C:\Users\Lenovo\AppData\Roaming\Python\Python314\site-packages\urllib3\connectionpool.py", line 787, in urlopen
    response = self._make_request(
        conn,
    ...<10 lines>...
        **response_kw,
    )
  File "C:\Users\Lenovo\AppData\Roaming\Python\Python314\site-packages\urllib3\connectionpool.py", line 493, in _make_request
    conn.request(
    ~~~~~~~~~~~~^
        method,
        ^^^^^^^
    ...<6 lines>...
        enforce_content_length=enforce_content_length,
        ^^^^^^^^^^^^^^^^^^^^^^^^^^^^^^^^^^^^^^^^^^^^^^
    )
    ^
  File "C:\Users\Lenovo\AppData\Roaming\Python\Python314\site-packages\urllib3\connection.py", line 500, in request
    self.endheaders()
    ~~~~~~~~~~~~~~~^^
  File "C:\Python314\Lib\http\client.py", line 1353, in endheaders
    self._send_output(message_body, encode_chunked=encode_chunked)
    ~~~~~~~~~~~~~~~~~^^^^^^^^^^^^^^^^^^^^^^^^^^^^^^^^^^^^^^^^^^^^^
  File "C:\Python314\Lib\http\client.py", line 1113, in _send_output
    self.send(msg)
    ~~~~~~~~~^^^^^
  File "C:\Python314\Lib\http\client.py", line 1057, in send
    self.connect()
    ~~~~~~~~~~~~^^
  File "C:\Users\Lenovo\AppData\Roaming\Python\Python314\site-packages\urllib3\connection.py", line 331, in connect
    self.sock = self._new_conn()
                ~~~~~~~~~~~~~~^^
  File "C:\Users\Lenovo\AppData\Roaming\Python\Python314\site-packages\urllib3\connection.py", line 219, in _new_conn
    raise NewConnectionError(
        self, f"Failed to establish a new connection: {e}"
    ) from e
urllib3.exceptions.NewConnectionError: HTTPConnection(host='127.0.0.1', port=4723): Failed to establish a new connection: [WinError 10061] No connection could be made because the target machine actively refused it

The above exception was the direct cause of the following exception:

Traceback (most recent call last):
  File "C:\Users\Lenovo\OneDrive\Desktop\SofaApp\core\session_manager.py", line 52, in start_session
    driver = webdriver.Remote(server_url, options=options)
  File "C:\Users\Lenovo\AppData\Roaming\Python\Python314\site-packages\appium\webdriver\webdriver.py", line 229, in __init__
    super().__init__(
    ~~~~~~~~~~~~~~~~^
        command_executor=command_executor,
        ^^^^^^^^^^^^^^^^^^^^^^^^^^^^^^^^^^
        options=options,
        ^^^^^^^^^^^^^^^^
    )
    ^
  File "C:\Users\Lenovo\AppData\Roaming\Python\Python314\site-packages\selenium\webdriver\remote\webdriver.py", line 208, in __init__
    self.start_session(capabilities)
    ~~~~~~~~~~~~~~~~~~^^^^^^^^^^^^^^
  File "C:\Users\Lenovo\AppData\Roaming\Python\Python314\site-packages\appium\webdriver\webdriver.py", line 321, in start_session
    response = self.execute(RemoteCommand.NEW_SESSION, w3c_caps)
  File "C:\Users\Lenovo\AppData\Roaming\Python\Python314\site-packages\selenium\webdriver\remote\webdriver.py", line 345, in execute
    response = self.command_executor.execute(driver_command, params)
  File "C:\Users\Lenovo\AppData\Roaming\Python\Python314\site-packages\selenium\webdriver\remote\remote_connection.py", line 300, in execute
    return self._request(command_info[0], url, body=data)
           ~~~~~~~~~~~~~^^^^^^^^^^^^^^^^^^^^^^^^^^^^^^^^^
  File "C:\Users\Lenovo\AppData\Roaming\Python\Python314\site-packages\selenium\webdriver\remote\remote_connection.py", line 321, in _request
    response = self._conn.request(method, url, body=body, headers=headers)
  File "C:\Users\Lenovo\AppData\Roaming\Python\Python314\site-packages\urllib3\_request_methods.py", line 143, in request
    return self.request_encode_body(
           ~~~~~~~~~~~~~~~~~~~~~~~~^
        method, url, fields=fields, headers=headers, **urlopen_kw
        ^^^^^^^^^^^^^^^^^^^^^^^^^^^^^^^^^^^^^^^^^^^^^^^^^^^^^^^^^
    )
    ^
  File "C:\Users\Lenovo\AppData\Roaming\Python\Python314\site-packages\urllib3\_request_methods.py", line 278, in request_encode_body
    return self.urlopen(method, url, **extra_kw)
           ~~~~~~~~~~~~^^^^^^^^^^^^^^^^^^^^^^^^^
  File "C:\Users\Lenovo\AppData\Roaming\Python\Python314\site-packages\urllib3\poolmanager.py", line 457, in urlopen
    response = conn.urlopen(method, u.request_uri, **kw)
  File "C:\Users\Lenovo\AppData\Roaming\Python\Python314\site-packages\urllib3\connectionpool.py", line 871, in urlopen
    return self.urlopen(
           ~~~~~~~~~~~~^
        method,
        ^^^^^^^
    ...<13 lines>...
        **response_kw,
        ^^^^^^^^^^^^^^
    )
    ^
  File "C:\Users\Lenovo\AppData\Roaming\Python\Python314\site-packages\urllib3\connectionpool.py", line 871, in urlopen
    return self.urlopen(
           ~~~~~~~~~~~~^
        method,
        ^^^^^^^
    ...<13 lines>...
        **response_kw,
        ^^^^^^^^^^^^^^
    )
    ^
  File "C:\Users\Lenovo\AppData\Roaming\Python\Python314\site-packages\urllib3\connectionpool.py", line 871, in urlopen
    return self.urlopen(
           ~~~~~~~~~~~~^
        method,
        ^^^^^^^
    ...<13 lines>...
        **response_kw,
        ^^^^^^^^^^^^^^
    )
    ^
  File "C:\Users\Lenovo\AppData\Roaming\Python\Python314\site-packages\urllib3\connectionpool.py", line 841, in urlopen
    retries = retries.increment(
        method, url, error=new_e, _pool=self, _stacktrace=sys.exc_info()[2]
    )
  File "C:\Users\Lenovo\AppData\Roaming\Python\Python314\site-packages\urllib3\util\retry.py", line 535, in increment
    raise MaxRetryError(_pool, url, reason) from reason  # type: ignore[arg-type]
    ^^^^^^^^^^^^^^^^^^^^^^^^^^^^^^^^^^^^^^^^^^^^^^^^^^^
urllib3.exceptions.MaxRetryError: HTTPConnectionPool(host='127.0.0.1', port=4723): Max retries exceeded with url: /session (Caused by NewConnectionError("HTTPConnection(host='127.0.0.1', port=4723): Failed to establish a new connection: [WinError 10061] No connection could be made because the target machine actively refused it"))
2026-04-21 11:10:53,196 - [INFO] Clearing proxy for device emulator-5554...
2026-04-21 11:10:53,304 - [WARNING] Failed to clear proxy via ADB. Stderr: adb.exe: device 'emulator-5554' not found

2026-04-21 11:10:53,304 - [WARNING] Account user1 marked as failed. Reason: Session failed to start
2026-04-21 11:10:53,304 - [INFO] Running account: user2
2026-04-21 11:10:53,305 - [INFO] Setting proxy 192.168.1.101:8080 for device emulator-5556...
2026-04-21 11:10:53,432 - [ERROR] Failed to set proxy via ADB. Stderr: adb.exe: device 'emulator-5556' not found

2026-04-21 11:10:53,433 - [WARNING] Failed to set proxy for user2. Proceeding natively (Direct Network).
2026-04-21 11:10:53,433 - [INFO] [user2] Starting Appium session on device emulator-5556...
2026-04-21 11:11:01,587 - [ERROR] [user2] Failed to start Appium session: HTTPConnectionPool(host='127.0.0.1', port=4723): Max retries exceeded with url: /session (Caused by NewConnectionError("HTTPConnection(host='127.0.0.1', port=4723): Failed to establish a new connection: [WinError 10061] No connection could be made because the target machine actively refused it"))
Traceback (most recent call last):
  File "C:\Users\Lenovo\AppData\Roaming\Python\Python314\site-packages\urllib3\connection.py", line 204, in _new_conn
    sock = connection.create_connection(
        (self._dns_host, self.port),
    ...<2 lines>...
        socket_options=self.socket_options,
    )
  File "C:\Users\Lenovo\AppData\Roaming\Python\Python314\site-packages\urllib3\util\connection.py", line 85, in create_connection
    raise err
  File "C:\Users\Lenovo\AppData\Roaming\Python\Python314\site-packages\urllib3\util\connection.py", line 73, in create_connection
    sock.connect(sa)
    ~~~~~~~~~~~~^^^^
ConnectionRefusedError: [WinError 10061] No connection could be made because the target machine actively refused it

The above exception was the direct cause of the following exception:

Traceback (most recent call last):
  File "C:\Users\Lenovo\AppData\Roaming\Python\Python314\site-packages\urllib3\connectionpool.py", line 787, in urlopen
    response = self._make_request(
        conn,
    ...<10 lines>...
        **response_kw,
    )
  File "C:\Users\Lenovo\AppData\Roaming\Python\Python314\site-packages\urllib3\connectionpool.py", line 493, in _make_request
    conn.request(
    ~~~~~~~~~~~~^
        method,
        ^^^^^^^
    ...<6 lines>...
        enforce_content_length=enforce_content_length,
        ^^^^^^^^^^^^^^^^^^^^^^^^^^^^^^^^^^^^^^^^^^^^^^
    )
    ^
  File "C:\Users\Lenovo\AppData\Roaming\Python\Python314\site-packages\urllib3\connection.py", line 500, in request
    self.endheaders()
    ~~~~~~~~~~~~~~~^^
  File "C:\Python314\Lib\http\client.py", line 1353, in endheaders
    self._send_output(message_body, encode_chunked=encode_chunked)
    ~~~~~~~~~~~~~~~~~^^^^^^^^^^^^^^^^^^^^^^^^^^^^^^^^^^^^^^^^^^^^^
  File "C:\Python314\Lib\http\client.py", line 1113, in _send_output
    self.send(msg)
    ~~~~~~~~~^^^^^
  File "C:\Python314\Lib\http\client.py", line 1057, in send
    self.connect()
    ~~~~~~~~~~~~^^
  File "C:\Users\Lenovo\AppData\Roaming\Python\Python314\site-packages\urllib3\connection.py", line 331, in connect
    self.sock = self._new_conn()
                ~~~~~~~~~~~~~~^^
  File "C:\Users\Lenovo\AppData\Roaming\Python\Python314\site-packages\urllib3\connection.py", line 219, in _new_conn
    raise NewConnectionError(
        self, f"Failed to establish a new connection: {e}"
    ) from e
urllib3.exceptions.NewConnectionError: HTTPConnection(host='127.0.0.1', port=4723): Failed to establish a new connection: [WinError 10061] No connection could be made because the target machine actively refused it

The above exception was the direct cause of the following exception:

Traceback (most recent call last):
  File "C:\Users\Lenovo\OneDrive\Desktop\SofaApp\core\session_manager.py", line 52, in start_session
    driver = webdriver.Remote(server_url, options=options)
  File "C:\Users\Lenovo\AppData\Roaming\Python\Python314\site-packages\appium\webdriver\webdriver.py", line 229, in __init__
    super().__init__(
    ~~~~~~~~~~~~~~~~^
        command_executor=command_executor,
        ^^^^^^^^^^^^^^^^^^^^^^^^^^^^^^^^^^
        options=options,
        ^^^^^^^^^^^^^^^^
    )
    ^
  File "C:\Users\Lenovo\AppData\Roaming\Python\Python314\site-packages\selenium\webdriver\remote\webdriver.py", line 208, in __init__
    self.start_session(capabilities)
    ~~~~~~~~~~~~~~~~~~^^^^^^^^^^^^^^
  File "C:\Users\Lenovo\AppData\Roaming\Python\Python314\site-packages\appium\webdriver\webdriver.py", line 321, in start_session
    response = self.execute(RemoteCommand.NEW_SESSION, w3c_caps)
  File "C:\Users\Lenovo\AppData\Roaming\Python\Python314\site-packages\selenium\webdriver\remote\webdriver.py", line 345, in execute
    response = self.command_executor.execute(driver_command, params)
  File "C:\Users\Lenovo\AppData\Roaming\Python\Python314\site-packages\selenium\webdriver\remote\remote_connection.py", line 300, in execute
    return self._request(command_info[0], url, body=data)
           ~~~~~~~~~~~~~^^^^^^^^^^^^^^^^^^^^^^^^^^^^^^^^^
  File "C:\Users\Lenovo\AppData\Roaming\Python\Python314\site-packages\selenium\webdriver\remote\remote_connection.py", line 321, in _request
    response = self._conn.request(method, url, body=body, headers=headers)
  File "C:\Users\Lenovo\AppData\Roaming\Python\Python314\site-packages\urllib3\_request_methods.py", line 143, in request
    return self.request_encode_body(
           ~~~~~~~~~~~~~~~~~~~~~~~~^
        method, url, fields=fields, headers=headers, **urlopen_kw
        ^^^^^^^^^^^^^^^^^^^^^^^^^^^^^^^^^^^^^^^^^^^^^^^^^^^^^^^^^
    )
    ^
  File "C:\Users\Lenovo\AppData\Roaming\Python\Python314\site-packages\urllib3\_request_methods.py", line 278, in request_encode_body
    return self.urlopen(method, url, **extra_kw)
           ~~~~~~~~~~~~^^^^^^^^^^^^^^^^^^^^^^^^^
  File "C:\Users\Lenovo\AppData\Roaming\Python\Python314\site-packages\urllib3\poolmanager.py", line 457, in urlopen
    response = conn.urlopen(method, u.request_uri, **kw)
  File "C:\Users\Lenovo\AppData\Roaming\Python\Python314\site-packages\urllib3\connectionpool.py", line 871, in urlopen
    return self.urlopen(
           ~~~~~~~~~~~~^
        method,
        ^^^^^^^
    ...<13 lines>...
        **response_kw,
        ^^^^^^^^^^^^^^
    )
    ^
  File "C:\Users\Lenovo\AppData\Roaming\Python\Python314\site-packages\urllib3\connectionpool.py", line 871, in urlopen
    return self.urlopen(
           ~~~~~~~~~~~~^
        method,
        ^^^^^^^
    ...<13 lines>...
        **response_kw,
        ^^^^^^^^^^^^^^
    )
    ^
  File "C:\Users\Lenovo\AppData\Roaming\Python\Python314\site-packages\urllib3\connectionpool.py", line 871, in urlopen
    return self.urlopen(
           ~~~~~~~~~~~~^
        method,
        ^^^^^^^
    ...<13 lines>...
        **response_kw,
        ^^^^^^^^^^^^^^
    )
    ^
  File "C:\Users\Lenovo\AppData\Roaming\Python\Python314\site-packages\urllib3\connectionpool.py", line 841, in urlopen
    retries = retries.increment(
        method, url, error=new_e, _pool=self, _stacktrace=sys.exc_info()[2]
    )
  File "C:\Users\Lenovo\AppData\Roaming\Python\Python314\site-packages\urllib3\util\retry.py", line 535, in increment
    raise MaxRetryError(_pool, url, reason) from reason  # type: ignore[arg-type]
    ^^^^^^^^^^^^^^^^^^^^^^^^^^^^^^^^^^^^^^^^^^^^^^^^^^^
urllib3.exceptions.MaxRetryError: HTTPConnectionPool(host='127.0.0.1', port=4723): Max retries exceeded with url: /session (Caused by NewConnectionError("HTTPConnection(host='127.0.0.1', port=4723): Failed to establish a new connection: [WinError 10061] No connection could be made because the target machine actively refused it"))
2026-04-21 11:11:01,599 - [INFO] Clearing proxy for device emulator-5556...
2026-04-21 11:11:01,710 - [WARNING] Failed to clear proxy via ADB. Stderr: adb.exe: device 'emulator-5556' not found

2026-04-21 11:11:01,710 - [WARNING] Account user2 marked as failed. Reason: Session failed to start
2026-04-21 11:11:01,711 - [WARNING] All accounts have failed or hit limits. Stopping scheduler.
2026-04-21 11:11:01,711 - [INFO] Bot execution terminated.
2026-04-21 11:11:20,968 - [INFO] Bot started - Sofascore Automation System
2026-04-21 11:11:20,968 - [INFO] Execution Mode: sequential
2026-04-21 11:11:20,969 - [INFO] Loaded 2 accounts.
2026-04-21 11:11:20,970 - [INFO] Starting sequential execution for 2 accounts.
2026-04-21 11:11:20,970 - [INFO] Running account: user1
2026-04-21 11:11:20,971 - [INFO] Setting proxy 192.168.1.100:8080 for device emulator-5554...
2026-04-21 11:11:21,078 - [ERROR] Failed to set proxy via ADB. Stderr: adb.exe: device 'emulator-5554' not found

2026-04-21 11:11:21,079 - [WARNING] Failed to set proxy for user1. Proceeding natively (Direct Network).
2026-04-21 11:11:21,079 - [INFO] [user1] Starting Appium session on device emulator-5554...
2026-04-21 11:11:29,275 - [ERROR] [user1] Failed to start Appium session: HTTPConnectionPool(host='127.0.0.1', port=4723): Max retries exceeded with url: /session (Caused by NewConnectionError("HTTPConnection(host='127.0.0.1', port=4723): Failed to establish a new connection: [WinError 10061] No connection could be made because the target machine actively refused it"))
Traceback (most recent call last):
  File "C:\Users\Lenovo\AppData\Roaming\Python\Python314\site-packages\urllib3\connection.py", line 204, in _new_conn
    sock = connection.create_connection(
        (self._dns_host, self.port),
    ...<2 lines>...
        socket_options=self.socket_options,
    )
  File "C:\Users\Lenovo\AppData\Roaming\Python\Python314\site-packages\urllib3\util\connection.py", line 85, in create_connection
    raise err
  File "C:\Users\Lenovo\AppData\Roaming\Python\Python314\site-packages\urllib3\util\connection.py", line 73, in create_connection
    sock.connect(sa)
    ~~~~~~~~~~~~^^^^
ConnectionRefusedError: [WinError 10061] No connection could be made because the target machine actively refused it

The above exception was the direct cause of the following exception:

Traceback (most recent call last):
  File "C:\Users\Lenovo\AppData\Roaming\Python\Python314\site-packages\urllib3\connectionpool.py", line 787, in urlopen
    response = self._make_request(
        conn,
    ...<10 lines>...
        **response_kw,
    )
  File "C:\Users\Lenovo\AppData\Roaming\Python\Python314\site-packages\urllib3\connectionpool.py", line 493, in _make_request
    conn.request(
    ~~~~~~~~~~~~^
        method,
        ^^^^^^^
    ...<6 lines>...
        enforce_content_length=enforce_content_length,
        ^^^^^^^^^^^^^^^^^^^^^^^^^^^^^^^^^^^^^^^^^^^^^^
    )
    ^
  File "C:\Users\Lenovo\AppData\Roaming\Python\Python314\site-packages\urllib3\connection.py", line 500, in request
    self.endheaders()
    ~~~~~~~~~~~~~~~^^
  File "C:\Python314\Lib\http\client.py", line 1353, in endheaders
    self._send_output(message_body, encode_chunked=encode_chunked)
    ~~~~~~~~~~~~~~~~~^^^^^^^^^^^^^^^^^^^^^^^^^^^^^^^^^^^^^^^^^^^^^
  File "C:\Python314\Lib\http\client.py", line 1113, in _send_output
    self.send(msg)
    ~~~~~~~~~^^^^^
  File "C:\Python314\Lib\http\client.py", line 1057, in send
    self.connect()
    ~~~~~~~~~~~~^^
  File "C:\Users\Lenovo\AppData\Roaming\Python\Python314\site-packages\urllib3\connection.py", line 331, in connect
    self.sock = self._new_conn()
                ~~~~~~~~~~~~~~^^
  File "C:\Users\Lenovo\AppData\Roaming\Python\Python314\site-packages\urllib3\connection.py", line 219, in _new_conn
    raise NewConnectionError(
        self, f"Failed to establish a new connection: {e}"
    ) from e
urllib3.exceptions.NewConnectionError: HTTPConnection(host='127.0.0.1', port=4723): Failed to establish a new connection: [WinError 10061] No connection could be made because the target machine actively refused it

The above exception was the direct cause of the following exception:

Traceback (most recent call last):
  File "C:\Users\Lenovo\OneDrive\Desktop\SofaApp\core\session_manager.py", line 52, in start_session
    driver = webdriver.Remote(server_url, options=options)
  File "C:\Users\Lenovo\AppData\Roaming\Python\Python314\site-packages\appium\webdriver\webdriver.py", line 229, in __init__
    super().__init__(
    ~~~~~~~~~~~~~~~~^
        command_executor=command_executor,
        ^^^^^^^^^^^^^^^^^^^^^^^^^^^^^^^^^^
        options=options,
        ^^^^^^^^^^^^^^^^
    )
    ^
  File "C:\Users\Lenovo\AppData\Roaming\Python\Python314\site-packages\selenium\webdriver\remote\webdriver.py", line 208, in __init__
    self.start_session(capabilities)
    ~~~~~~~~~~~~~~~~~~^^^^^^^^^^^^^^
  File "C:\Users\Lenovo\AppData\Roaming\Python\Python314\site-packages\appium\webdriver\webdriver.py", line 321, in start_session
    response = self.execute(RemoteCommand.NEW_SESSION, w3c_caps)
  File "C:\Users\Lenovo\AppData\Roaming\Python\Python314\site-packages\selenium\webdriver\remote\webdriver.py", line 345, in execute
    response = self.command_executor.execute(driver_command, params)
  File "C:\Users\Lenovo\AppData\Roaming\Python\Python314\site-packages\selenium\webdriver\remote\remote_connection.py", line 300, in execute
    return self._request(command_info[0], url, body=data)
           ~~~~~~~~~~~~~^^^^^^^^^^^^^^^^^^^^^^^^^^^^^^^^^
  File "C:\Users\Lenovo\AppData\Roaming\Python\Python314\site-packages\selenium\webdriver\remote\remote_connection.py", line 321, in _request
    response = self._conn.request(method, url, body=body, headers=headers)
  File "C:\Users\Lenovo\AppData\Roaming\Python\Python314\site-packages\urllib3\_request_methods.py", line 143, in request
    return self.request_encode_body(
           ~~~~~~~~~~~~~~~~~~~~~~~~^
        method, url, fields=fields, headers=headers, **urlopen_kw
        ^^^^^^^^^^^^^^^^^^^^^^^^^^^^^^^^^^^^^^^^^^^^^^^^^^^^^^^^^
    )
    ^
  File "C:\Users\Lenovo\AppData\Roaming\Python\Python314\site-packages\urllib3\_request_methods.py", line 278, in request_encode_body
    return self.urlopen(method, url, **extra_kw)
           ~~~~~~~~~~~~^^^^^^^^^^^^^^^^^^^^^^^^^
  File "C:\Users\Lenovo\AppData\Roaming\Python\Python314\site-packages\urllib3\poolmanager.py", line 457, in urlopen
    response = conn.urlopen(method, u.request_uri, **kw)
  File "C:\Users\Lenovo\AppData\Roaming\Python\Python314\site-packages\urllib3\connectionpool.py", line 871, in urlopen
    return self.urlopen(
           ~~~~~~~~~~~~^
        method,
        ^^^^^^^
    ...<13 lines>...
        **response_kw,
        ^^^^^^^^^^^^^^
    )
    ^
  File "C:\Users\Lenovo\AppData\Roaming\Python\Python314\site-packages\urllib3\connectionpool.py", line 871, in urlopen
    return self.urlopen(
           ~~~~~~~~~~~~^
        method,
        ^^^^^^^
    ...<13 lines>...
        **response_kw,
        ^^^^^^^^^^^^^^
    )
    ^
  File "C:\Users\Lenovo\AppData\Roaming\Python\Python314\site-packages\urllib3\connectionpool.py", line 871, in urlopen
    return self.urlopen(
           ~~~~~~~~~~~~^
        method,
        ^^^^^^^
    ...<13 lines>...
        **response_kw,
        ^^^^^^^^^^^^^^
    )
    ^
  File "C:\Users\Lenovo\AppData\Roaming\Python\Python314\site-packages\urllib3\connectionpool.py", line 841, in urlopen
    retries = retries.increment(
        method, url, error=new_e, _pool=self, _stacktrace=sys.exc_info()[2]
    )
  File "C:\Users\Lenovo\AppData\Roaming\Python\Python314\site-packages\urllib3\util\retry.py", line 535, in increment
    raise MaxRetryError(_pool, url, reason) from reason  # type: ignore[arg-type]
    ^^^^^^^^^^^^^^^^^^^^^^^^^^^^^^^^^^^^^^^^^^^^^^^^^^^
urllib3.exceptions.MaxRetryError: HTTPConnectionPool(host='127.0.0.1', port=4723): Max retries exceeded with url: /session (Caused by NewConnectionError("HTTPConnection(host='127.0.0.1', port=4723): Failed to establish a new connection: [WinError 10061] No connection could be made because the target machine actively refused it"))
2026-04-21 11:11:29,297 - [INFO] Clearing proxy for device emulator-5554...
2026-04-21 11:11:29,467 - [WARNING] Failed to clear proxy via ADB. Stderr: adb.exe: device 'emulator-5554' not found

2026-04-21 11:11:29,468 - [WARNING] Account user1 marked as failed. Reason: Session failed to start
2026-04-21 11:11:29,468 - [INFO] Running account: user2
2026-04-21 11:11:29,468 - [INFO] Setting proxy 192.168.1.101:8080 for device emulator-5556...
2026-04-21 11:11:29,571 - [ERROR] Failed to set proxy via ADB. Stderr: adb.exe: device 'emulator-5556' not found

2026-04-21 11:11:29,571 - [WARNING] Failed to set proxy for user2. Proceeding natively (Direct Network).
2026-04-21 11:11:29,572 - [INFO] [user2] Starting Appium session on device emulator-5556...
2026-04-21 11:11:37,715 - [ERROR] [user2] Failed to start Appium session: HTTPConnectionPool(host='127.0.0.1', port=4723): Max retries exceeded with url: /session (Caused by NewConnectionError("HTTPConnection(host='127.0.0.1', port=4723): Failed to establish a new connection: [WinError 10061] No connection could be made because the target machine actively refused it"))
Traceback (most recent call last):
  File "C:\Users\Lenovo\AppData\Roaming\Python\Python314\site-packages\urllib3\connection.py", line 204, in _new_conn
    sock = connection.create_connection(
        (self._dns_host, self.port),
    ...<2 lines>...
        socket_options=self.socket_options,
    )
  File "C:\Users\Lenovo\AppData\Roaming\Python\Python314\site-packages\urllib3\util\connection.py", line 85, in create_connection
    raise err
  File "C:\Users\Lenovo\AppData\Roaming\Python\Python314\site-packages\urllib3\util\connection.py", line 73, in create_connection
    sock.connect(sa)
    ~~~~~~~~~~~~^^^^
ConnectionRefusedError: [WinError 10061] No connection could be made because the target machine actively refused it

The above exception was the direct cause of the following exception:

Traceback (most recent call last):
  File "C:\Users\Lenovo\AppData\Roaming\Python\Python314\site-packages\urllib3\connectionpool.py", line 787, in urlopen
    response = self._make_request(
        conn,
    ...<10 lines>...
        **response_kw,
    )
  File "C:\Users\Lenovo\AppData\Roaming\Python\Python314\site-packages\urllib3\connectionpool.py", line 493, in _make_request
    conn.request(
    ~~~~~~~~~~~~^
        method,
        ^^^^^^^
    ...<6 lines>...
        enforce_content_length=enforce_content_length,
        ^^^^^^^^^^^^^^^^^^^^^^^^^^^^^^^^^^^^^^^^^^^^^^
    )
    ^
  File "C:\Users\Lenovo\AppData\Roaming\Python\Python314\site-packages\urllib3\connection.py", line 500, in request
    self.endheaders()
    ~~~~~~~~~~~~~~~^^
  File "C:\Python314\Lib\http\client.py", line 1353, in endheaders
    self._send_output(message_body, encode_chunked=encode_chunked)
    ~~~~~~~~~~~~~~~~~^^^^^^^^^^^^^^^^^^^^^^^^^^^^^^^^^^^^^^^^^^^^^
  File "C:\Python314\Lib\http\client.py", line 1113, in _send_output
    self.send(msg)
    ~~~~~~~~~^^^^^
  File "C:\Python314\Lib\http\client.py", line 1057, in send
    self.connect()
    ~~~~~~~~~~~~^^
  File "C:\Users\Lenovo\AppData\Roaming\Python\Python314\site-packages\urllib3\connection.py", line 331, in connect
    self.sock = self._new_conn()
                ~~~~~~~~~~~~~~^^
  File "C:\Users\Lenovo\AppData\Roaming\Python\Python314\site-packages\urllib3\connection.py", line 219, in _new_conn
    raise NewConnectionError(
        self, f"Failed to establish a new connection: {e}"
    ) from e
urllib3.exceptions.NewConnectionError: HTTPConnection(host='127.0.0.1', port=4723): Failed to establish a new connection: [WinError 10061] No connection could be made because the target machine actively refused it

The above exception was the direct cause of the following exception:

Traceback (most recent call last):
  File "C:\Users\Lenovo\OneDrive\Desktop\SofaApp\core\session_manager.py", line 52, in start_session
    driver = webdriver.Remote(server_url, options=options)
  File "C:\Users\Lenovo\AppData\Roaming\Python\Python314\site-packages\appium\webdriver\webdriver.py", line 229, in __init__
    super().__init__(
    ~~~~~~~~~~~~~~~~^
        command_executor=command_executor,
        ^^^^^^^^^^^^^^^^^^^^^^^^^^^^^^^^^^
        options=options,
        ^^^^^^^^^^^^^^^^
    )
    ^
  File "C:\Users\Lenovo\AppData\Roaming\Python\Python314\site-packages\selenium\webdriver\remote\webdriver.py", line 208, in __init__
    self.start_session(capabilities)
    ~~~~~~~~~~~~~~~~~~^^^^^^^^^^^^^^
  File "C:\Users\Lenovo\AppData\Roaming\Python\Python314\site-packages\appium\webdriver\webdriver.py", line 321, in start_session
    response = self.execute(RemoteCommand.NEW_SESSION, w3c_caps)
  File "C:\Users\Lenovo\AppData\Roaming\Python\Python314\site-packages\selenium\webdriver\remote\webdriver.py", line 345, in execute
    response = self.command_executor.execute(driver_command, params)
  File "C:\Users\Lenovo\AppData\Roaming\Python\Python314\site-packages\selenium\webdriver\remote\remote_connection.py", line 300, in execute
    return self._request(command_info[0], url, body=data)
           ~~~~~~~~~~~~~^^^^^^^^^^^^^^^^^^^^^^^^^^^^^^^^^
  File "C:\Users\Lenovo\AppData\Roaming\Python\Python314\site-packages\selenium\webdriver\remote\remote_connection.py", line 321, in _request
    response = self._conn.request(method, url, body=body, headers=headers)
  File "C:\Users\Lenovo\AppData\Roaming\Python\Python314\site-packages\urllib3\_request_methods.py", line 143, in request
    return self.request_encode_body(
           ~~~~~~~~~~~~~~~~~~~~~~~~^
        method, url, fields=fields, headers=headers, **urlopen_kw
        ^^^^^^^^^^^^^^^^^^^^^^^^^^^^^^^^^^^^^^^^^^^^^^^^^^^^^^^^^
    )
    ^
  File "C:\Users\Lenovo\AppData\Roaming\Python\Python314\site-packages\urllib3\_request_methods.py", line 278, in request_encode_body
    return self.urlopen(method, url, **extra_kw)
           ~~~~~~~~~~~~^^^^^^^^^^^^^^^^^^^^^^^^^
  File "C:\Users\Lenovo\AppData\Roaming\Python\Python314\site-packages\urllib3\poolmanager.py", line 457, in urlopen
    response = conn.urlopen(method, u.request_uri, **kw)
  File "C:\Users\Lenovo\AppData\Roaming\Python\Python314\site-packages\urllib3\connectionpool.py", line 871, in urlopen
    return self.urlopen(
           ~~~~~~~~~~~~^
        method,
        ^^^^^^^
    ...<13 lines>...
        **response_kw,
        ^^^^^^^^^^^^^^
    )
    ^
  File "C:\Users\Lenovo\AppData\Roaming\Python\Python314\site-packages\urllib3\connectionpool.py", line 871, in urlopen
    return self.urlopen(
           ~~~~~~~~~~~~^
        method,
        ^^^^^^^
    ...<13 lines>...
        **response_kw,
        ^^^^^^^^^^^^^^
    )
    ^
  File "C:\Users\Lenovo\AppData\Roaming\Python\Python314\site-packages\urllib3\connectionpool.py", line 871, in urlopen
    return self.urlopen(
           ~~~~~~~~~~~~^
        method,
        ^^^^^^^
    ...<13 lines>...
        **response_kw,
        ^^^^^^^^^^^^^^
    )
    ^
  File "C:\Users\Lenovo\AppData\Roaming\Python\Python314\site-packages\urllib3\connectionpool.py", line 841, in urlopen
    retries = retries.increment(
        method, url, error=new_e, _pool=self, _stacktrace=sys.exc_info()[2]
    )
  File "C:\Users\Lenovo\AppData\Roaming\Python\Python314\site-packages\urllib3\util\retry.py", line 535, in increment
    raise MaxRetryError(_pool, url, reason) from reason  # type: ignore[arg-type]
    ^^^^^^^^^^^^^^^^^^^^^^^^^^^^^^^^^^^^^^^^^^^^^^^^^^^
urllib3.exceptions.MaxRetryError: HTTPConnectionPool(host='127.0.0.1', port=4723): Max retries exceeded with url: /session (Caused by NewConnectionError("HTTPConnection(host='127.0.0.1', port=4723): Failed to establish a new connection: [WinError 10061] No connection could be made because the target machine actively refused it"))
2026-04-21 11:11:37,726 - [INFO] Clearing proxy for device emulator-5556...
2026-04-21 11:11:37,836 - [WARNING] Failed to clear proxy via ADB. Stderr: adb.exe: device 'emulator-5556' not found

2026-04-21 11:11:37,837 - [WARNING] Account user2 marked as failed. Reason: Session failed to start
2026-04-21 11:11:37,837 - [WARNING] All accounts have failed or hit limits. Stopping scheduler.
2026-04-21 11:11:37,837 - [INFO] Bot execution terminated.
2026-04-21 11:12:05,943 - [INFO] Bot started - Sofascore Automation System
2026-04-21 11:12:05,944 - [INFO] Execution Mode: sequential
2026-04-21 11:12:05,945 - [INFO] Loaded 2 accounts.
2026-04-21 11:12:05,946 - [INFO] Starting sequential execution for 2 accounts.
2026-04-21 11:12:05,947 - [INFO] Running account: user1
2026-04-21 11:12:05,947 - [INFO] Setting proxy 192.168.1.100:8080 for device emulator-5554...
2026-04-21 11:12:06,054 - [ERROR] Failed to set proxy via ADB. Stderr: adb.exe: device 'emulator-5554' not found

2026-04-21 11:12:06,055 - [WARNING] Failed to set proxy for user1. Proceeding natively (Direct Network).
2026-04-21 11:12:06,055 - [INFO] [user1] Starting Appium session on device emulator-5554...
2026-04-21 11:12:14,290 - [ERROR] [user1] Failed to start Appium session: HTTPConnectionPool(host='127.0.0.1', port=4723): Max retries exceeded with url: /session (Caused by NewConnectionError("HTTPConnection(host='127.0.0.1', port=4723): Failed to establish a new connection: [WinError 10061] No connection could be made because the target machine actively refused it"))
Traceback (most recent call last):
  File "C:\Users\Lenovo\AppData\Roaming\Python\Python314\site-packages\urllib3\connection.py", line 204, in _new_conn
    sock = connection.create_connection(
        (self._dns_host, self.port),
    ...<2 lines>...
        socket_options=self.socket_options,
    )
  File "C:\Users\Lenovo\AppData\Roaming\Python\Python314\site-packages\urllib3\util\connection.py", line 85, in create_connection
    raise err
  File "C:\Users\Lenovo\AppData\Roaming\Python\Python314\site-packages\urllib3\util\connection.py", line 73, in create_connection
    sock.connect(sa)
    ~~~~~~~~~~~~^^^^
ConnectionRefusedError: [WinError 10061] No connection could be made because the target machine actively refused it

The above exception was the direct cause of the following exception:

Traceback (most recent call last):
  File "C:\Users\Lenovo\AppData\Roaming\Python\Python314\site-packages\urllib3\connectionpool.py", line 787, in urlopen
    response = self._make_request(
        conn,
    ...<10 lines>...
        **response_kw,
    )
  File "C:\Users\Lenovo\AppData\Roaming\Python\Python314\site-packages\urllib3\connectionpool.py", line 493, in _make_request
    conn.request(
    ~~~~~~~~~~~~^
        method,
        ^^^^^^^
    ...<6 lines>...
        enforce_content_length=enforce_content_length,
        ^^^^^^^^^^^^^^^^^^^^^^^^^^^^^^^^^^^^^^^^^^^^^^
    )
    ^
  File "C:\Users\Lenovo\AppData\Roaming\Python\Python314\site-packages\urllib3\connection.py", line 500, in request
    self.endheaders()
    ~~~~~~~~~~~~~~~^^
  File "C:\Python314\Lib\http\client.py", line 1353, in endheaders
    self._send_output(message_body, encode_chunked=encode_chunked)
    ~~~~~~~~~~~~~~~~~^^^^^^^^^^^^^^^^^^^^^^^^^^^^^^^^^^^^^^^^^^^^^
  File "C:\Python314\Lib\http\client.py", line 1113, in _send_output
    self.send(msg)
    ~~~~~~~~~^^^^^
  File "C:\Python314\Lib\http\client.py", line 1057, in send
    self.connect()
    ~~~~~~~~~~~~^^
  File "C:\Users\Lenovo\AppData\Roaming\Python\Python314\site-packages\urllib3\connection.py", line 331, in connect
    self.sock = self._new_conn()
                ~~~~~~~~~~~~~~^^
  File "C:\Users\Lenovo\AppData\Roaming\Python\Python314\site-packages\urllib3\connection.py", line 219, in _new_conn
    raise NewConnectionError(
        self, f"Failed to establish a new connection: {e}"
    ) from e
urllib3.exceptions.NewConnectionError: HTTPConnection(host='127.0.0.1', port=4723): Failed to establish a new connection: [WinError 10061] No connection could be made because the target machine actively refused it

The above exception was the direct cause of the following exception:

Traceback (most recent call last):
  File "C:\Users\Lenovo\OneDrive\Desktop\SofaApp\core\session_manager.py", line 52, in start_session
    driver = webdriver.Remote(server_url, options=options)
  File "C:\Users\Lenovo\AppData\Roaming\Python\Python314\site-packages\appium\webdriver\webdriver.py", line 229, in __init__
    super().__init__(
    ~~~~~~~~~~~~~~~~^
        command_executor=command_executor,
        ^^^^^^^^^^^^^^^^^^^^^^^^^^^^^^^^^^
        options=options,
        ^^^^^^^^^^^^^^^^
    )
    ^
  File "C:\Users\Lenovo\AppData\Roaming\Python\Python314\site-packages\selenium\webdriver\remote\webdriver.py", line 208, in __init__
    self.start_session(capabilities)
    ~~~~~~~~~~~~~~~~~~^^^^^^^^^^^^^^
  File "C:\Users\Lenovo\AppData\Roaming\Python\Python314\site-packages\appium\webdriver\webdriver.py", line 321, in start_session
    response = self.execute(RemoteCommand.NEW_SESSION, w3c_caps)
  File "C:\Users\Lenovo\AppData\Roaming\Python\Python314\site-packages\selenium\webdriver\remote\webdriver.py", line 345, in execute
    response = self.command_executor.execute(driver_command, params)
  File "C:\Users\Lenovo\AppData\Roaming\Python\Python314\site-packages\selenium\webdriver\remote\remote_connection.py", line 300, in execute
    return self._request(command_info[0], url, body=data)
           ~~~~~~~~~~~~~^^^^^^^^^^^^^^^^^^^^^^^^^^^^^^^^^
  File "C:\Users\Lenovo\AppData\Roaming\Python\Python314\site-packages\selenium\webdriver\remote\remote_connection.py", line 321, in _request
    response = self._conn.request(method, url, body=body, headers=headers)
  File "C:\Users\Lenovo\AppData\Roaming\Python\Python314\site-packages\urllib3\_request_methods.py", line 143, in request
    return self.request_encode_body(
           ~~~~~~~~~~~~~~~~~~~~~~~~^
        method, url, fields=fields, headers=headers, **urlopen_kw
        ^^^^^^^^^^^^^^^^^^^^^^^^^^^^^^^^^^^^^^^^^^^^^^^^^^^^^^^^^
    )
    ^
  File "C:\Users\Lenovo\AppData\Roaming\Python\Python314\site-packages\urllib3\_request_methods.py", line 278, in request_encode_body
    return self.urlopen(method, url, **extra_kw)
           ~~~~~~~~~~~~^^^^^^^^^^^^^^^^^^^^^^^^^
  File "C:\Users\Lenovo\AppData\Roaming\Python\Python314\site-packages\urllib3\poolmanager.py", line 457, in urlopen
    response = conn.urlopen(method, u.request_uri, **kw)
  File "C:\Users\Lenovo\AppData\Roaming\Python\Python314\site-packages\urllib3\connectionpool.py", line 871, in urlopen
    return self.urlopen(
           ~~~~~~~~~~~~^
        method,
        ^^^^^^^
    ...<13 lines>...
        **response_kw,
        ^^^^^^^^^^^^^^
    )
    ^
  File "C:\Users\Lenovo\AppData\Roaming\Python\Python314\site-packages\urllib3\connectionpool.py", line 871, in urlopen
    return self.urlopen(
           ~~~~~~~~~~~~^
        method,
        ^^^^^^^
    ...<13 lines>...
        **response_kw,
        ^^^^^^^^^^^^^^
    )
    ^
  File "C:\Users\Lenovo\AppData\Roaming\Python\Python314\site-packages\urllib3\connectionpool.py", line 871, in urlopen
    return self.urlopen(
           ~~~~~~~~~~~~^
        method,
        ^^^^^^^
    ...<13 lines>...
        **response_kw,
        ^^^^^^^^^^^^^^
    )
    ^
  File "C:\Users\Lenovo\AppData\Roaming\Python\Python314\site-packages\urllib3\connectionpool.py", line 841, in urlopen
    retries = retries.increment(
        method, url, error=new_e, _pool=self, _stacktrace=sys.exc_info()[2]
    )
  File "C:\Users\Lenovo\AppData\Roaming\Python\Python314\site-packages\urllib3\util\retry.py", line 535, in increment
    raise MaxRetryError(_pool, url, reason) from reason  # type: ignore[arg-type]
    ^^^^^^^^^^^^^^^^^^^^^^^^^^^^^^^^^^^^^^^^^^^^^^^^^^^
urllib3.exceptions.MaxRetryError: HTTPConnectionPool(host='127.0.0.1', port=4723): Max retries exceeded with url: /session (Caused by NewConnectionError("HTTPConnection(host='127.0.0.1', port=4723): Failed to establish a new connection: [WinError 10061] No connection could be made because the target machine actively refused it"))
2026-04-21 11:12:14,313 - [INFO] Clearing proxy for device emulator-5554...
2026-04-21 11:12:14,428 - [WARNING] Failed to clear proxy via ADB. Stderr: adb.exe: device 'emulator-5554' not found

2026-04-21 11:12:14,428 - [WARNING] Account user1 marked as failed. Reason: Session failed to start
2026-04-21 11:12:14,429 - [INFO] Running account: user2
2026-04-21 11:12:14,429 - [INFO] Setting proxy 192.168.1.101:8080 for device emulator-5556...
2026-04-21 11:12:14,533 - [ERROR] Failed to set proxy via ADB. Stderr: adb.exe: device 'emulator-5556' not found

2026-04-21 11:12:14,534 - [WARNING] Failed to set proxy for user2. Proceeding natively (Direct Network).
2026-04-21 11:12:14,534 - [INFO] [user2] Starting Appium session on device emulator-5556...
2026-04-21 11:12:22,643 - [ERROR] [user2] Failed to start Appium session: HTTPConnectionPool(host='127.0.0.1', port=4723): Max retries exceeded with url: /session (Caused by NewConnectionError("HTTPConnection(host='127.0.0.1', port=4723): Failed to establish a new connection: [WinError 10061] No connection could be made because the target machine actively refused it"))
Traceback (most recent call last):
  File "C:\Users\Lenovo\AppData\Roaming\Python\Python314\site-packages\urllib3\connection.py", line 204, in _new_conn
    sock = connection.create_connection(
        (self._dns_host, self.port),
    ...<2 lines>...
        socket_options=self.socket_options,
    )
  File "C:\Users\Lenovo\AppData\Roaming\Python\Python314\site-packages\urllib3\util\connection.py", line 85, in create_connection
    raise err
  File "C:\Users\Lenovo\AppData\Roaming\Python\Python314\site-packages\urllib3\util\connection.py", line 73, in create_connection
    sock.connect(sa)
    ~~~~~~~~~~~~^^^^
ConnectionRefusedError: [WinError 10061] No connection could be made because the target machine actively refused it

The above exception was the direct cause of the following exception:

Traceback (most recent call last):
  File "C:\Users\Lenovo\AppData\Roaming\Python\Python314\site-packages\urllib3\connectionpool.py", line 787, in urlopen
    response = self._make_request(
        conn,
    ...<10 lines>...
        **response_kw,
    )
  File "C:\Users\Lenovo\AppData\Roaming\Python\Python314\site-packages\urllib3\connectionpool.py", line 493, in _make_request
    conn.request(
    ~~~~~~~~~~~~^
        method,
        ^^^^^^^
    ...<6 lines>...
        enforce_content_length=enforce_content_length,
        ^^^^^^^^^^^^^^^^^^^^^^^^^^^^^^^^^^^^^^^^^^^^^^
    )
    ^
  File "C:\Users\Lenovo\AppData\Roaming\Python\Python314\site-packages\urllib3\connection.py", line 500, in request
    self.endheaders()
    ~~~~~~~~~~~~~~~^^
  File "C:\Python314\Lib\http\client.py", line 1353, in endheaders
    self._send_output(message_body, encode_chunked=encode_chunked)
    ~~~~~~~~~~~~~~~~~^^^^^^^^^^^^^^^^^^^^^^^^^^^^^^^^^^^^^^^^^^^^^
  File "C:\Python314\Lib\http\client.py", line 1113, in _send_output
    self.send(msg)
    ~~~~~~~~~^^^^^
  File "C:\Python314\Lib\http\client.py", line 1057, in send
    self.connect()
    ~~~~~~~~~~~~^^
  File "C:\Users\Lenovo\AppData\Roaming\Python\Python314\site-packages\urllib3\connection.py", line 331, in connect
    self.sock = self._new_conn()
                ~~~~~~~~~~~~~~^^
  File "C:\Users\Lenovo\AppData\Roaming\Python\Python314\site-packages\urllib3\connection.py", line 219, in _new_conn
    raise NewConnectionError(
        self, f"Failed to establish a new connection: {e}"
    ) from e
urllib3.exceptions.NewConnectionError: HTTPConnection(host='127.0.0.1', port=4723): Failed to establish a new connection: [WinError 10061] No connection could be made because the target machine actively refused it

The above exception was the direct cause of the following exception:

Traceback (most recent call last):
  File "C:\Users\Lenovo\OneDrive\Desktop\SofaApp\core\session_manager.py", line 52, in start_session
    driver = webdriver.Remote(server_url, options=options)
  File "C:\Users\Lenovo\AppData\Roaming\Python\Python314\site-packages\appium\webdriver\webdriver.py", line 229, in __init__
    super().__init__(
    ~~~~~~~~~~~~~~~~^
        command_executor=command_executor,
        ^^^^^^^^^^^^^^^^^^^^^^^^^^^^^^^^^^
        options=options,
        ^^^^^^^^^^^^^^^^
    )
    ^
  File "C:\Users\Lenovo\AppData\Roaming\Python\Python314\site-packages\selenium\webdriver\remote\webdriver.py", line 208, in __init__
    self.start_session(capabilities)
    ~~~~~~~~~~~~~~~~~~^^^^^^^^^^^^^^
  File "C:\Users\Lenovo\AppData\Roaming\Python\Python314\site-packages\appium\webdriver\webdriver.py", line 321, in start_session
    response = self.execute(RemoteCommand.NEW_SESSION, w3c_caps)
  File "C:\Users\Lenovo\AppData\Roaming\Python\Python314\site-packages\selenium\webdriver\remote\webdriver.py", line 345, in execute
    response = self.command_executor.execute(driver_command, params)
  File "C:\Users\Lenovo\AppData\Roaming\Python\Python314\site-packages\selenium\webdriver\remote\remote_connection.py", line 300, in execute
    return self._request(command_info[0], url, body=data)
           ~~~~~~~~~~~~~^^^^^^^^^^^^^^^^^^^^^^^^^^^^^^^^^
  File "C:\Users\Lenovo\AppData\Roaming\Python\Python314\site-packages\selenium\webdriver\remote\remote_connection.py", line 321, in _request
    response = self._conn.request(method, url, body=body, headers=headers)
  File "C:\Users\Lenovo\AppData\Roaming\Python\Python314\site-packages\urllib3\_request_methods.py", line 143, in request
    return self.request_encode_body(
           ~~~~~~~~~~~~~~~~~~~~~~~~^
        method, url, fields=fields, headers=headers, **urlopen_kw
        ^^^^^^^^^^^^^^^^^^^^^^^^^^^^^^^^^^^^^^^^^^^^^^^^^^^^^^^^^
    )
    ^
  File "C:\Users\Lenovo\AppData\Roaming\Python\Python314\site-packages\urllib3\_request_methods.py", line 278, in request_encode_body
    return self.urlopen(method, url, **extra_kw)
           ~~~~~~~~~~~~^^^^^^^^^^^^^^^^^^^^^^^^^
  File "C:\Users\Lenovo\AppData\Roaming\Python\Python314\site-packages\urllib3\poolmanager.py", line 457, in urlopen
    response = conn.urlopen(method, u.request_uri, **kw)
  File "C:\Users\Lenovo\AppData\Roaming\Python\Python314\site-packages\urllib3\connectionpool.py", line 871, in urlopen
    return self.urlopen(
           ~~~~~~~~~~~~^
        method,
        ^^^^^^^
    ...<13 lines>...
        **response_kw,
        ^^^^^^^^^^^^^^
    )
    ^
  File "C:\Users\Lenovo\AppData\Roaming\Python\Python314\site-packages\urllib3\connectionpool.py", line 871, in urlopen
    return self.urlopen(
           ~~~~~~~~~~~~^
        method,
        ^^^^^^^
    ...<13 lines>...
        **response_kw,
        ^^^^^^^^^^^^^^
    )
    ^
  File "C:\Users\Lenovo\AppData\Roaming\Python\Python314\site-packages\urllib3\connectionpool.py", line 871, in urlopen
    return self.urlopen(
           ~~~~~~~~~~~~^
        method,
        ^^^^^^^
    ...<13 lines>...
        **response_kw,
        ^^^^^^^^^^^^^^
    )
    ^
  File "C:\Users\Lenovo\AppData\Roaming\Python\Python314\site-packages\urllib3\connectionpool.py", line 841, in urlopen
    retries = retries.increment(
        method, url, error=new_e, _pool=self, _stacktrace=sys.exc_info()[2]
    )
  File "C:\Users\Lenovo\AppData\Roaming\Python\Python314\site-packages\urllib3\util\retry.py", line 535, in increment
    raise MaxRetryError(_pool, url, reason) from reason  # type: ignore[arg-type]
    ^^^^^^^^^^^^^^^^^^^^^^^^^^^^^^^^^^^^^^^^^^^^^^^^^^^
urllib3.exceptions.MaxRetryError: HTTPConnectionPool(host='127.0.0.1', port=4723): Max retries exceeded with url: /session (Caused by NewConnectionError("HTTPConnection(host='127.0.0.1', port=4723): Failed to establish a new connection: [WinError 10061] No connection could be made because the target machine actively refused it"))
2026-04-21 11:12:22,655 - [INFO] Clearing proxy for device emulator-5556...
2026-04-21 11:12:22,783 - [WARNING] Failed to clear proxy via ADB. Stderr: adb.exe: device 'emulator-5556' not found

2026-04-21 11:12:22,784 - [WARNING] Account user2 marked as failed. Reason: Session failed to start
2026-04-21 11:12:22,784 - [WARNING] All accounts have failed or hit limits. Stopping scheduler.
2026-04-21 11:12:22,785 - [INFO] Bot execution terminated.
2026-04-21 11:12:58,819 - [INFO] Bot started - Sofascore Automation System
2026-04-21 11:12:58,820 - [INFO] Execution Mode: sequential
2026-04-21 11:12:58,821 - [INFO] Loaded 2 accounts.
2026-04-21 11:12:58,822 - [INFO] Starting sequential execution for 2 accounts.
2026-04-21 11:12:58,822 - [INFO] Running account: user1
2026-04-21 11:12:58,822 - [INFO] Setting proxy 192.168.1.100:8080 for device emulator-5554...
2026-04-21 11:12:58,973 - [ERROR] Failed to set proxy via ADB. Stderr: adb.exe: device 'emulator-5554' not found

2026-04-21 11:12:58,973 - [WARNING] Failed to set proxy for user1. Proceeding natively (Direct Network).
2026-04-21 11:12:58,974 - [INFO] [user1] Starting Appium session on device emulator-5554...
2026-04-21 11:13:07,203 - [ERROR] [user1] Failed to start Appium session: HTTPConnectionPool(host='127.0.0.1', port=4723): Max retries exceeded with url: /session (Caused by NewConnectionError("HTTPConnection(host='127.0.0.1', port=4723): Failed to establish a new connection: [WinError 10061] No connection could be made because the target machine actively refused it"))
Traceback (most recent call last):
  File "C:\Users\Lenovo\AppData\Roaming\Python\Python314\site-packages\urllib3\connection.py", line 204, in _new_conn
    sock = connection.create_connection(
        (self._dns_host, self.port),
    ...<2 lines>...
        socket_options=self.socket_options,
    )
  File "C:\Users\Lenovo\AppData\Roaming\Python\Python314\site-packages\urllib3\util\connection.py", line 85, in create_connection
    raise err
  File "C:\Users\Lenovo\AppData\Roaming\Python\Python314\site-packages\urllib3\util\connection.py", line 73, in create_connection
    sock.connect(sa)
    ~~~~~~~~~~~~^^^^
ConnectionRefusedError: [WinError 10061] No connection could be made because the target machine actively refused it

The above exception was the direct cause of the following exception:

Traceback (most recent call last):
  File "C:\Users\Lenovo\AppData\Roaming\Python\Python314\site-packages\urllib3\connectionpool.py", line 787, in urlopen
    response = self._make_request(
        conn,
    ...<10 lines>...
        **response_kw,
    )
  File "C:\Users\Lenovo\AppData\Roaming\Python\Python314\site-packages\urllib3\connectionpool.py", line 493, in _make_request
    conn.request(
    ~~~~~~~~~~~~^
        method,
        ^^^^^^^
    ...<6 lines>...
        enforce_content_length=enforce_content_length,
        ^^^^^^^^^^^^^^^^^^^^^^^^^^^^^^^^^^^^^^^^^^^^^^
    )
    ^
  File "C:\Users\Lenovo\AppData\Roaming\Python\Python314\site-packages\urllib3\connection.py", line 500, in request
    self.endheaders()
    ~~~~~~~~~~~~~~~^^
  File "C:\Python314\Lib\http\client.py", line 1353, in endheaders
    self._send_output(message_body, encode_chunked=encode_chunked)
    ~~~~~~~~~~~~~~~~~^^^^^^^^^^^^^^^^^^^^^^^^^^^^^^^^^^^^^^^^^^^^^
  File "C:\Python314\Lib\http\client.py", line 1113, in _send_output
    self.send(msg)
    ~~~~~~~~~^^^^^
  File "C:\Python314\Lib\http\client.py", line 1057, in send
    self.connect()
    ~~~~~~~~~~~~^^
  File "C:\Users\Lenovo\AppData\Roaming\Python\Python314\site-packages\urllib3\connection.py", line 331, in connect
    self.sock = self._new_conn()
                ~~~~~~~~~~~~~~^^
  File "C:\Users\Lenovo\AppData\Roaming\Python\Python314\site-packages\urllib3\connection.py", line 219, in _new_conn
    raise NewConnectionError(
        self, f"Failed to establish a new connection: {e}"
    ) from e
urllib3.exceptions.NewConnectionError: HTTPConnection(host='127.0.0.1', port=4723): Failed to establish a new connection: [WinError 10061] No connection could be made because the target machine actively refused it

The above exception was the direct cause of the following exception:

Traceback (most recent call last):
  File "C:\Users\Lenovo\OneDrive\Desktop\SofaApp\core\session_manager.py", line 52, in start_session
    driver = webdriver.Remote(server_url, options=options)
  File "C:\Users\Lenovo\AppData\Roaming\Python\Python314\site-packages\appium\webdriver\webdriver.py", line 229, in __init__
    super().__init__(
    ~~~~~~~~~~~~~~~~^
        command_executor=command_executor,
        ^^^^^^^^^^^^^^^^^^^^^^^^^^^^^^^^^^
        options=options,
        ^^^^^^^^^^^^^^^^
    )
    ^
  File "C:\Users\Lenovo\AppData\Roaming\Python\Python314\site-packages\selenium\webdriver\remote\webdriver.py", line 208, in __init__
    self.start_session(capabilities)
    ~~~~~~~~~~~~~~~~~~^^^^^^^^^^^^^^
  File "C:\Users\Lenovo\AppData\Roaming\Python\Python314\site-packages\appium\webdriver\webdriver.py", line 321, in start_session
    response = self.execute(RemoteCommand.NEW_SESSION, w3c_caps)
  File "C:\Users\Lenovo\AppData\Roaming\Python\Python314\site-packages\selenium\webdriver\remote\webdriver.py", line 345, in execute
    response = self.command_executor.execute(driver_command, params)
  File "C:\Users\Lenovo\AppData\Roaming\Python\Python314\site-packages\selenium\webdriver\remote\remote_connection.py", line 300, in execute
    return self._request(command_info[0], url, body=data)
           ~~~~~~~~~~~~~^^^^^^^^^^^^^^^^^^^^^^^^^^^^^^^^^
  File "C:\Users\Lenovo\AppData\Roaming\Python\Python314\site-packages\selenium\webdriver\remote\remote_connection.py", line 321, in _request
    response = self._conn.request(method, url, body=body, headers=headers)
  File "C:\Users\Lenovo\AppData\Roaming\Python\Python314\site-packages\urllib3\_request_methods.py", line 143, in request
    return self.request_encode_body(
           ~~~~~~~~~~~~~~~~~~~~~~~~^
        method, url, fields=fields, headers=headers, **urlopen_kw
        ^^^^^^^^^^^^^^^^^^^^^^^^^^^^^^^^^^^^^^^^^^^^^^^^^^^^^^^^^
    )
    ^
  File "C:\Users\Lenovo\AppData\Roaming\Python\Python314\site-packages\urllib3\_request_methods.py", line 278, in request_encode_body
    return self.urlopen(method, url, **extra_kw)
           ~~~~~~~~~~~~^^^^^^^^^^^^^^^^^^^^^^^^^
  File "C:\Users\Lenovo\AppData\Roaming\Python\Python314\site-packages\urllib3\poolmanager.py", line 457, in urlopen
    response = conn.urlopen(method, u.request_uri, **kw)
  File "C:\Users\Lenovo\AppData\Roaming\Python\Python314\site-packages\urllib3\connectionpool.py", line 871, in urlopen
    return self.urlopen(
           ~~~~~~~~~~~~^
        method,
        ^^^^^^^
    ...<13 lines>...
        **response_kw,
        ^^^^^^^^^^^^^^
    )
    ^
  File "C:\Users\Lenovo\AppData\Roaming\Python\Python314\site-packages\urllib3\connectionpool.py", line 871, in urlopen
    return self.urlopen(
           ~~~~~~~~~~~~^
        method,
        ^^^^^^^
    ...<13 lines>...
        **response_kw,
        ^^^^^^^^^^^^^^
    )
    ^
  File "C:\Users\Lenovo\AppData\Roaming\Python\Python314\site-packages\urllib3\connectionpool.py", line 871, in urlopen
    return self.urlopen(
           ~~~~~~~~~~~~^
        method,
        ^^^^^^^
    ...<13 lines>...
        **response_kw,
        ^^^^^^^^^^^^^^
    )
    ^
  File "C:\Users\Lenovo\AppData\Roaming\Python\Python314\site-packages\urllib3\connectionpool.py", line 841, in urlopen
    retries = retries.increment(
        method, url, error=new_e, _pool=self, _stacktrace=sys.exc_info()[2]
    )
  File "C:\Users\Lenovo\AppData\Roaming\Python\Python314\site-packages\urllib3\util\retry.py", line 535, in increment
    raise MaxRetryError(_pool, url, reason) from reason  # type: ignore[arg-type]
    ^^^^^^^^^^^^^^^^^^^^^^^^^^^^^^^^^^^^^^^^^^^^^^^^^^^
urllib3.exceptions.MaxRetryError: HTTPConnectionPool(host='127.0.0.1', port=4723): Max retries exceeded with url: /session (Caused by NewConnectionError("HTTPConnection(host='127.0.0.1', port=4723): Failed to establish a new connection: [WinError 10061] No connection could be made because the target machine actively refused it"))
2026-04-21 11:13:07,222 - [INFO] Clearing proxy for device emulator-5554...
2026-04-21 11:13:07,321 - [WARNING] Failed to clear proxy via ADB. Stderr: adb.exe: device 'emulator-5554' not found

2026-04-21 11:13:07,322 - [WARNING] Account user1 marked as failed. Reason: Session failed to start
2026-04-21 11:13:07,322 - [INFO] Running account: user2
2026-04-21 11:13:07,323 - [INFO] Setting proxy 192.168.1.101:8080 for device emulator-5556...
2026-04-21 11:13:07,423 - [ERROR] Failed to set proxy via ADB. Stderr: adb.exe: device 'emulator-5556' not found

2026-04-21 11:13:07,424 - [WARNING] Failed to set proxy for user2. Proceeding natively (Direct Network).
2026-04-21 11:13:07,424 - [INFO] [user2] Starting Appium session on device emulator-5556...
2026-04-21 11:13:15,552 - [ERROR] [user2] Failed to start Appium session: HTTPConnectionPool(host='127.0.0.1', port=4723): Max retries exceeded with url: /session (Caused by NewConnectionError("HTTPConnection(host='127.0.0.1', port=4723): Failed to establish a new connection: [WinError 10061] No connection could be made because the target machine actively refused it"))
Traceback (most recent call last):
  File "C:\Users\Lenovo\AppData\Roaming\Python\Python314\site-packages\urllib3\connection.py", line 204, in _new_conn
    sock = connection.create_connection(
        (self._dns_host, self.port),
    ...<2 lines>...
        socket_options=self.socket_options,
    )
  File "C:\Users\Lenovo\AppData\Roaming\Python\Python314\site-packages\urllib3\util\connection.py", line 85, in create_connection
    raise err
  File "C:\Users\Lenovo\AppData\Roaming\Python\Python314\site-packages\urllib3\util\connection.py", line 73, in create_connection
    sock.connect(sa)
    ~~~~~~~~~~~~^^^^
ConnectionRefusedError: [WinError 10061] No connection could be made because the target machine actively refused it

The above exception was the direct cause of the following exception:

Traceback (most recent call last):
  File "C:\Users\Lenovo\AppData\Roaming\Python\Python314\site-packages\urllib3\connectionpool.py", line 787, in urlopen
    response = self._make_request(
        conn,
    ...<10 lines>...
        **response_kw,
    )
  File "C:\Users\Lenovo\AppData\Roaming\Python\Python314\site-packages\urllib3\connectionpool.py", line 493, in _make_request
    conn.request(
    ~~~~~~~~~~~~^
        method,
        ^^^^^^^
    ...<6 lines>...
        enforce_content_length=enforce_content_length,
        ^^^^^^^^^^^^^^^^^^^^^^^^^^^^^^^^^^^^^^^^^^^^^^
    )
    ^
  File "C:\Users\Lenovo\AppData\Roaming\Python\Python314\site-packages\urllib3\connection.py", line 500, in request
    self.endheaders()
    ~~~~~~~~~~~~~~~^^
  File "C:\Python314\Lib\http\client.py", line 1353, in endheaders
    self._send_output(message_body, encode_chunked=encode_chunked)
    ~~~~~~~~~~~~~~~~~^^^^^^^^^^^^^^^^^^^^^^^^^^^^^^^^^^^^^^^^^^^^^
  File "C:\Python314\Lib\http\client.py", line 1113, in _send_output
    self.send(msg)
    ~~~~~~~~~^^^^^
  File "C:\Python314\Lib\http\client.py", line 1057, in send
    self.connect()
    ~~~~~~~~~~~~^^
  File "C:\Users\Lenovo\AppData\Roaming\Python\Python314\site-packages\urllib3\connection.py", line 331, in connect
    self.sock = self._new_conn()
                ~~~~~~~~~~~~~~^^
  File "C:\Users\Lenovo\AppData\Roaming\Python\Python314\site-packages\urllib3\connection.py", line 219, in _new_conn
    raise NewConnectionError(
        self, f"Failed to establish a new connection: {e}"
    ) from e
urllib3.exceptions.NewConnectionError: HTTPConnection(host='127.0.0.1', port=4723): Failed to establish a new connection: [WinError 10061] No connection could be made because the target machine actively refused it

The above exception was the direct cause of the following exception:

Traceback (most recent call last):
  File "C:\Users\Lenovo\OneDrive\Desktop\SofaApp\core\session_manager.py", line 52, in start_session
    driver = webdriver.Remote(server_url, options=options)
  File "C:\Users\Lenovo\AppData\Roaming\Python\Python314\site-packages\appium\webdriver\webdriver.py", line 229, in __init__
    super().__init__(
    ~~~~~~~~~~~~~~~~^
        command_executor=command_executor,
        ^^^^^^^^^^^^^^^^^^^^^^^^^^^^^^^^^^
        options=options,
        ^^^^^^^^^^^^^^^^
    )
    ^
  File "C:\Users\Lenovo\AppData\Roaming\Python\Python314\site-packages\selenium\webdriver\remote\webdriver.py", line 208, in __init__
    self.start_session(capabilities)
    ~~~~~~~~~~~~~~~~~~^^^^^^^^^^^^^^
  File "C:\Users\Lenovo\AppData\Roaming\Python\Python314\site-packages\appium\webdriver\webdriver.py", line 321, in start_session
    response = self.execute(RemoteCommand.NEW_SESSION, w3c_caps)
  File "C:\Users\Lenovo\AppData\Roaming\Python\Python314\site-packages\selenium\webdriver\remote\webdriver.py", line 345, in execute
    response = self.command_executor.execute(driver_command, params)
  File "C:\Users\Lenovo\AppData\Roaming\Python\Python314\site-packages\selenium\webdriver\remote\remote_connection.py", line 300, in execute
    return self._request(command_info[0], url, body=data)
           ~~~~~~~~~~~~~^^^^^^^^^^^^^^^^^^^^^^^^^^^^^^^^^
  File "C:\Users\Lenovo\AppData\Roaming\Python\Python314\site-packages\selenium\webdriver\remote\remote_connection.py", line 321, in _request
    response = self._conn.request(method, url, body=body, headers=headers)
  File "C:\Users\Lenovo\AppData\Roaming\Python\Python314\site-packages\urllib3\_request_methods.py", line 143, in request
    return self.request_encode_body(
           ~~~~~~~~~~~~~~~~~~~~~~~~^
        method, url, fields=fields, headers=headers, **urlopen_kw
        ^^^^^^^^^^^^^^^^^^^^^^^^^^^^^^^^^^^^^^^^^^^^^^^^^^^^^^^^^
    )
    ^
  File "C:\Users\Lenovo\AppData\Roaming\Python\Python314\site-packages\urllib3\_request_methods.py", line 278, in request_encode_body
    return self.urlopen(method, url, **extra_kw)
           ~~~~~~~~~~~~^^^^^^^^^^^^^^^^^^^^^^^^^
  File "C:\Users\Lenovo\AppData\Roaming\Python\Python314\site-packages\urllib3\poolmanager.py", line 457, in urlopen
    response = conn.urlopen(method, u.request_uri, **kw)
  File "C:\Users\Lenovo\AppData\Roaming\Python\Python314\site-packages\urllib3\connectionpool.py", line 871, in urlopen
    return self.urlopen(
           ~~~~~~~~~~~~^
        method,
        ^^^^^^^
    ...<13 lines>...
        **response_kw,
        ^^^^^^^^^^^^^^
    )
    ^
  File "C:\Users\Lenovo\AppData\Roaming\Python\Python314\site-packages\urllib3\connectionpool.py", line 871, in urlopen
    return self.urlopen(
           ~~~~~~~~~~~~^
        method,
        ^^^^^^^
    ...<13 lines>...
        **response_kw,
        ^^^^^^^^^^^^^^
    )
    ^
  File "C:\Users\Lenovo\AppData\Roaming\Python\Python314\site-packages\urllib3\connectionpool.py", line 871, in urlopen
    return self.urlopen(
           ~~~~~~~~~~~~^
        method,
        ^^^^^^^
    ...<13 lines>...
        **response_kw,
        ^^^^^^^^^^^^^^
    )
    ^
  File "C:\Users\Lenovo\AppData\Roaming\Python\Python314\site-packages\urllib3\connectionpool.py", line 841, in urlopen
    retries = retries.increment(
        method, url, error=new_e, _pool=self, _stacktrace=sys.exc_info()[2]
    )
  File "C:\Users\Lenovo\AppData\Roaming\Python\Python314\site-packages\urllib3\util\retry.py", line 535, in increment
    raise MaxRetryError(_pool, url, reason) from reason  # type: ignore[arg-type]
    ^^^^^^^^^^^^^^^^^^^^^^^^^^^^^^^^^^^^^^^^^^^^^^^^^^^
urllib3.exceptions.MaxRetryError: HTTPConnectionPool(host='127.0.0.1', port=4723): Max retries exceeded with url: /session (Caused by NewConnectionError("HTTPConnection(host='127.0.0.1', port=4723): Failed to establish a new connection: [WinError 10061] No connection could be made because the target machine actively refused it"))
2026-04-21 11:13:15,564 - [INFO] Clearing proxy for device emulator-5556...
2026-04-21 11:13:15,673 - [WARNING] Failed to clear proxy via ADB. Stderr: adb.exe: device 'emulator-5556' not found

2026-04-21 11:13:15,673 - [WARNING] Account user2 marked as failed. Reason: Session failed to start
2026-04-21 11:13:15,673 - [WARNING] All accounts have failed or hit limits. Stopping scheduler.
2026-04-21 11:13:15,674 - [INFO] Bot execution terminated.
2026-04-21 11:19:53,531 - [INFO] Bot started - Sofascore Automation System
2026-04-21 11:19:53,532 - [INFO] Execution Mode: sequential
2026-04-21 11:19:53,532 - [INFO] Loaded 1 accounts.
2026-04-21 11:19:53,533 - [INFO] Starting sequential execution for 1 accounts.
2026-04-21 11:19:53,533 - [INFO] Running account: user1
2026-04-21 11:19:53,534 - [INFO] [user1] Starting Appium session on device R3CMB0CDBPT...
2026-04-21 11:20:04,125 - [INFO] [user1] Connected to device successfully.
2026-04-21 11:20:04,128 - [TRACE] Sleeping for 8.00 seconds...
2026-04-21 11:20:12,132 - [INFO] [user1] Navigating to discussion tab...
2026-04-21 11:20:12,132 - [TRACE] Navigating to Discussion Tab...
2026-04-21 11:20:12,133 - [TRACE] Attempting to click element (primary selector: ('accessibility id', 'Discussion'))
2026-04-21 11:20:12,133 - [TRACE] Attempting to find element (primary selector: ('accessibility id', 'Discussion'))
2026-04-21 11:20:23,335 - [DEBUG] Selector ('accessibility id', 'Discussion') failed. Trying next fallback...
2026-04-21 11:20:34,425 - [DEBUG] Selector ('xpath', "//android.widget.TextView[@text='Discussion' or @text='Comments']") failed. Trying next fallback...
2026-04-21 11:20:34,425 - [WARNING] Could not find element with robust selectors (Attempt 1/1).
2026-04-21 11:20:34,426 - [ERROR] Failed to find element after all retries. Selectors: [('accessibility id', 'Discussion'), ('xpath', "//android.widget.TextView[@text='Discussion' or @text='Comments']")]
2026-04-21 11:20:34,426 - [WARNING] Could not find element to click. (Attempt 1/3)
2026-04-21 11:20:34,426 - [TRACE] Attempting to find element (primary selector: ('accessibility id', 'Discussion'))
2026-04-21 11:20:45,033 - [DEBUG] Selector ('accessibility id', 'Discussion') failed. Trying next fallback...
2026-04-21 11:20:55,956 - [DEBUG] Selector ('xpath', "//android.widget.TextView[@text='Discussion' or @text='Comments']") failed. Trying next fallback...
2026-04-21 11:20:55,957 - [WARNING] Could not find element with robust selectors (Attempt 1/1).
2026-04-21 11:20:55,957 - [ERROR] Failed to find element after all retries. Selectors: [('accessibility id', 'Discussion'), ('xpath', "//android.widget.TextView[@text='Discussion' or @text='Comments']")]
2026-04-21 11:20:55,958 - [WARNING] Could not find element to click. (Attempt 2/3)
2026-04-21 11:20:55,958 - [TRACE] Attempting to find element (primary selector: ('accessibility id', 'Discussion'))
2026-04-21 11:21:07,131 - [DEBUG] Selector ('accessibility id', 'Discussion') failed. Trying next fallback...
2026-04-21 11:21:18,167 - [DEBUG] Selector ('xpath', "//android.widget.TextView[@text='Discussion' or @text='Comments']") failed. Trying next fallback...
2026-04-21 11:21:18,167 - [WARNING] Could not find element with robust selectors (Attempt 1/1).
2026-04-21 11:21:18,168 - [ERROR] Failed to find element after all retries. Selectors: [('accessibility id', 'Discussion'), ('xpath', "//android.widget.TextView[@text='Discussion' or @text='Comments']")]
2026-04-21 11:21:18,169 - [WARNING] Could not find element to click. (Attempt 3/3)
2026-04-21 11:21:18,169 - [WARNING] Could not locate Discussion tab. Are you on the match screen?
2026-04-21 11:21:18,170 - [TRACE] Simulating human behavior (scrolling/reading)...
2026-04-21 11:21:18,779 - [TRACE] Sleeping for 2.61 seconds...
2026-04-21 11:21:21,388 - [INFO] [user1] Polling match state for an event...
2026-04-21 11:21:21,389 - [TRACE] Attempting to find element (primary selector: ('id', 'com.sofascore.results:id/score_text'))
2026-04-21 11:21:33,637 - [DEBUG] Selector ('id', 'com.sofascore.results:id/score_text') failed. Trying next fallback...
2026-04-21 11:21:34,748 - [TRACE] Attempting to find element (primary selector: ('id', 'com.sofascore.results:id/time_text'))
2026-04-21 11:21:46,681 - [DEBUG] Selector ('id', 'com.sofascore.results:id/time_text') failed. Trying next fallback...
2026-04-21 11:21:47,450 - [ERROR] [user1] Encountered fatal error during cycle: Message: The element 'By.xpath: //*[contains(@resource-id, 'score') or contains(@resource-id, 'result')]' does not exist in DOM anymore; For documentation on this error, please visit: https://www.selenium.dev/documentation/webdriver/troubleshooting/errors#stale-element-reference-exception
Stacktrace:
io.appium.uiautomator2.common.exceptions.StaleElementReferenceException: The element 'By.xpath: //*[contains(@resource-id, 'score') or contains(@resource-id, 'result')]' does not exist in DOM anymore
	at io.appium.uiautomator2.model.ElementsCache.restore(ElementsCache.java:119)
	at io.appium.uiautomator2.model.ElementsCache.get(ElementsCache.java:155)
	at io.appium.uiautomator2.handler.GetText.safeHandle(GetText.java:20)
	at io.appium.uiautomator2.handler.request.SafeRequestHandler.handle(SafeRequestHandler.java:59)
	at io.appium.uiautomator2.server.AppiumServlet.handleRequest(AppiumServlet.java:267)
	at io.appium.uiautomator2.server.AppiumServlet.handleHttpRequest(AppiumServlet.java:261)
	at io.appium.uiautomator2.http.ServerHandler.channelRead(ServerHandler.java:77)
	at io.netty.channel.AbstractChannelHandlerContext.fireChannelRead(AbstractChannelHandlerContext.java:356)
	at io.netty.handler.codec.MessageToMessageDecoder.channelRead(MessageToMessageDecoder.java:107)
	at io.netty.channel.AbstractChannelHandlerContext.fireChannelRead(AbstractChannelHandlerContext.java:356)
	at io.netty.channel.CombinedChannelDuplexHandler$DelegatingChannelHandlerContext.fireChannelRead(CombinedChannelDuplexHandler.java:434)
	at io.netty.handler.codec.ByteToMessageDecoder.fireChannelRead(ByteToMessageDecoder.java:361)
	at io.netty.handler.codec.ByteToMessageDecoder.channelRead(ByteToMessageDecoder.java:325)
	at io.netty.channel.CombinedChannelDuplexHandler.channelRead(CombinedChannelDuplexHandler.java:249)
	at io.netty.channel.AbstractChannelHandlerContext.fireChannelRead(AbstractChannelHandlerContext.java:354)
	at io.netty.handler.timeout.IdleStateHandler.channelRead(IdleStateHandler.java:293)
	at io.netty.channel.AbstractChannelHandlerContext.fireChannelRead(AbstractChannelHandlerContext.java:354)
	at io.netty.channel.DefaultChannelPipeline$HeadContext.channelRead(DefaultChannelPipeline.java:1429)
	at io.netty.channel.DefaultChannelPipeline.fireChannelRead(DefaultChannelPipeline.java:918)
	at io.netty.channel.nio.AbstractNioByteChannel$NioByteUnsafe.read(AbstractNioByteChannel.java:172)
	at io.netty.channel.nio.AbstractNioChannel$AbstractNioUnsafe.handle(AbstractNioChannel.java:445)
	at io.netty.channel.nio.NioIoHandler$DefaultNioRegistration.handle(NioIoHandler.java:388)
	at io.netty.channel.nio.NioIoHandler.processSelectedKey(NioIoHandler.java:596)
	at io.netty.channel.nio.NioIoHandler.processSelectedKeysOptimized(NioIoHandler.java:571)
	at io.netty.channel.nio.NioIoHandler.processSelectedKeys(NioIoHandler.java:512)
	at io.netty.channel.nio.NioIoHandler.run(NioIoHandler.java:484)
	at io.netty.channel.SingleThreadIoEventLoop.runIo(SingleThreadIoEventLoop.java:225)
	at io.netty.channel.SingleThreadIoEventLoop.run(SingleThreadIoEventLoop.java:196)
	at io.netty.util.concurrent.SingleThreadEventExecutor$5.run(SingleThreadEventExecutor.java:1195)
	at io.netty.util.internal.ThreadExecutorMap$2.run(ThreadExecutorMap.java:74)
	at io.netty.util.concurrent.FastThreadLocalRunnable.run(FastThreadLocalRunnable.java:30)
	at java.lang.Thread.run(Thread.java:919)
Traceback (most recent call last):
  File "C:\Users\Lenovo\OneDrive\Desktop\SofaApp\core\scheduler.py", line 59, in run_sequential
    self._run_account_cycle(username, driver, account)
    ~~~~~~~~~~~~~~~~~~~~~~~^^^^^^^^^^^^^^^^^^^^^^^^^^^
  File "C:\Users\Lenovo\OneDrive\Desktop\SofaApp\core\scheduler.py", line 99, in _run_account_cycle
    event_happened = detector.detect_change()
  File "C:\Users\Lenovo\OneDrive\Desktop\SofaApp\core\detector.py", line 26, in detect_change
    current_score, current_time = self.capture_current_state()
                                  ~~~~~~~~~~~~~~~~~~~~~~~~~~^^
  File "C:\Users\Lenovo\OneDrive\Desktop\SofaApp\core\detector.py", line 15, in capture_current_state
    current_score = score_elem.text if score_elem else None
                    ^^^^^^^^^^^^^^^
  File "C:\Users\Lenovo\AppData\Roaming\Python\Python314\site-packages\selenium\webdriver\remote\webelement.py", line 89, in text
    return self._execute(Command.GET_ELEMENT_TEXT)["value"]
           ~~~~~~~~~~~~~^^^^^^^^^^^^^^^^^^^^^^^^^^
  File "C:\Users\Lenovo\AppData\Roaming\Python\Python314\site-packages\selenium\webdriver\remote\webelement.py", line 394, in _execute
    return self._parent.execute(command, params)
           ~~~~~~~~~~~~~~~~~~~~^^^^^^^^^^^^^^^^^
  File "C:\Users\Lenovo\AppData\Roaming\Python\Python314\site-packages\selenium\webdriver\remote\webdriver.py", line 347, in execute
    self.error_handler.check_response(response)
    ~~~~~~~~~~~~~~~~~~~~~~~~~~~~~~~~~^^^^^^^^^^
  File "C:\Users\Lenovo\AppData\Roaming\Python\Python314\site-packages\appium\webdriver\errorhandler.py", line 125, in check_response
    raise exception_class(msg=message, stacktrace=format_stacktrace(stacktrace))
selenium.common.exceptions.StaleElementReferenceException: Message: The element 'By.xpath: //*[contains(@resource-id, 'score') or contains(@resource-id, 'result')]' does not exist in DOM anymore; For documentation on this error, please visit: https://www.selenium.dev/documentation/webdriver/troubleshooting/errors#stale-element-reference-exception
Stacktrace:
io.appium.uiautomator2.common.exceptions.StaleElementReferenceException: The element 'By.xpath: //*[contains(@resource-id, 'score') or contains(@resource-id, 'result')]' does not exist in DOM anymore
	at io.appium.uiautomator2.model.ElementsCache.restore(ElementsCache.java:119)
	at io.appium.uiautomator2.model.ElementsCache.get(ElementsCache.java:155)
	at io.appium.uiautomator2.handler.GetText.safeHandle(GetText.java:20)
	at io.appium.uiautomator2.handler.request.SafeRequestHandler.handle(SafeRequestHandler.java:59)
	at io.appium.uiautomator2.server.AppiumServlet.handleRequest(AppiumServlet.java:267)
	at io.appium.uiautomator2.server.AppiumServlet.handleHttpRequest(AppiumServlet.java:261)
	at io.appium.uiautomator2.http.ServerHandler.channelRead(ServerHandler.java:77)
	at io.netty.channel.AbstractChannelHandlerContext.fireChannelRead(AbstractChannelHandlerContext.java:356)
	at io.netty.handler.codec.MessageToMessageDecoder.channelRead(MessageToMessageDecoder.java:107)
	at io.netty.channel.AbstractChannelHandlerContext.fireChannelRead(AbstractChannelHandlerContext.java:356)
	at io.netty.channel.CombinedChannelDuplexHandler$DelegatingChannelHandlerContext.fireChannelRead(CombinedChannelDuplexHandler.java:434)
	at io.netty.handler.codec.ByteToMessageDecoder.fireChannelRead(ByteToMessageDecoder.java:361)
	at io.netty.handler.codec.ByteToMessageDecoder.channelRead(ByteToMessageDecoder.java:325)
	at io.netty.channel.CombinedChannelDuplexHandler.channelRead(CombinedChannelDuplexHandler.java:249)
	at io.netty.channel.AbstractChannelHandlerContext.fireChannelRead(AbstractChannelHandlerContext.java:354)
	at io.netty.handler.timeout.IdleStateHandler.channelRead(IdleStateHandler.java:293)
	at io.netty.channel.AbstractChannelHandlerContext.fireChannelRead(AbstractChannelHandlerContext.java:354)
	at io.netty.channel.DefaultChannelPipeline$HeadContext.channelRead(DefaultChannelPipeline.java:1429)
	at io.netty.channel.DefaultChannelPipeline.fireChannelRead(DefaultChannelPipeline.java:918)
	at io.netty.channel.nio.AbstractNioByteChannel$NioByteUnsafe.read(AbstractNioByteChannel.java:172)
	at io.netty.channel.nio.AbstractNioChannel$AbstractNioUnsafe.handle(AbstractNioChannel.java:445)
	at io.netty.channel.nio.NioIoHandler$DefaultNioRegistration.handle(NioIoHandler.java:388)
	at io.netty.channel.nio.NioIoHandler.processSelectedKey(NioIoHandler.java:596)
	at io.netty.channel.nio.NioIoHandler.processSelectedKeysOptimized(NioIoHandler.java:571)
	at io.netty.channel.nio.NioIoHandler.processSelectedKeys(NioIoHandler.java:512)
	at io.netty.channel.nio.NioIoHandler.run(NioIoHandler.java:484)
	at io.netty.channel.SingleThreadIoEventLoop.runIo(SingleThreadIoEventLoop.java:225)
	at io.netty.channel.SingleThreadIoEventLoop.run(SingleThreadIoEventLoop.java:196)
	at io.netty.util.concurrent.SingleThreadEventExecutor$5.run(SingleThreadEventExecutor.java:1195)
	at io.netty.util.internal.ThreadExecutorMap$2.run(ThreadExecutorMap.java:74)
	at io.netty.util.concurrent.FastThreadLocalRunnable.run(FastThreadLocalRunnable.java:30)
	at java.lang.Thread.run(Thread.java:919)

2026-04-21 11:21:47,535 - [WARNING] [user1] Session crashed. Retaining account in pool for retry on next rotation.
2026-04-21 11:21:47,535 - [INFO] [user1] Closing session cleanly...
2026-04-21 11:21:48,227 - [INFO] [user1] Session closed and device proxy reset.
2026-04-21 11:21:48,227 - [INFO] Resting for 30s before next account...
2026-04-21 11:22:18,228 - [INFO] Running account: user1
2026-04-21 11:22:18,229 - [INFO] [user1] Starting Appium session on device R3CMB0CDBPT...
2026-04-21 11:22:22,777 - [INFO] [user1] Connected to device successfully.
2026-04-21 11:22:22,778 - [TRACE] Sleeping for 8.21 seconds...
2026-04-21 11:22:30,985 - [INFO] [user1] Navigating to discussion tab...
2026-04-21 11:22:30,985 - [TRACE] Navigating to Discussion Tab...
2026-04-21 11:22:30,985 - [TRACE] Attempting to click element (primary selector: ('accessibility id', 'Discussion'))
2026-04-21 11:22:30,985 - [TRACE] Attempting to find element (primary selector: ('accessibility id', 'Discussion'))
2026-04-21 11:22:42,090 - [DEBUG] Selector ('accessibility id', 'Discussion') failed. Trying next fallback...
2026-04-21 11:22:50,241 - [ERROR] [user1] Encountered fatal error during cycle: Message: The process has received SIGINT signal
Stacktrace:
UnknownError: The process has received SIGINT signal
    at getResponseForW3CError (C:\Users\Lenovo\AppData\Roaming\npm\node_modules\appium\node_modules\@appium\base-driver\build\lib\protocol\errors.js:824:36)
    at asyncHandler (C:\Users\Lenovo\AppData\Roaming\npm\node_modules\appium\node_modules\@appium\base-driver\build\lib\protocol\protocol.js:430:77)
    at runNextTicks (node:internal/process/task_queues:65:5)
    at process.processImmediate (node:internal/timers:472:9)
The above error is caused by
Error: The process has received SIGINT signal
    at C:\Users\Lenovo\AppData\Roaming\npm\node_modules\appium\build\lib\appium.js:479:105
    at Array.map (<anonymous>)
    at AppiumDriver.deleteAllSessions (C:\Users\Lenovo\AppData\Roaming\npm\node_modules\appium\build\lib\appium.js:479:54)
    at AppiumDriver.shutdown (C:\Users\Lenovo\AppData\Roaming\npm\node_modules\appium\build\lib\appium.js:185:20)
    at process.onSignal (C:\Users\Lenovo\AppData\Roaming\npm\node_modules\appium\build\lib\main.js:378:36)
    at Object.onceWrapper (node:events:623:26)
    at process.emit (node:events:520:35)
Traceback (most recent call last):
  File "C:\Users\Lenovo\OneDrive\Desktop\SofaApp\core\scheduler.py", line 59, in run_sequential
    self._run_account_cycle(username, driver, account)
    ~~~~~~~~~~~~~~~~~~~~~~~^^^^^^^^^^^^^^^^^^^^^^^^^^^
  File "C:\Users\Lenovo\OneDrive\Desktop\SofaApp\core\scheduler.py", line 85, in _run_account_cycle
    navigator.navigate_to_discussion_tab()
    ~~~~~~~~~~~~~~~~~~~~~~~~~~~~~~~~~~~~^^
  File "C:\Users\Lenovo\OneDrive\Desktop\SofaApp\core\navigation.py", line 75, in navigate_to_discussion_tab
    success = self.safe_click(DISCUSSION_TAB_SELECTOR, timeout=10, retries=3)
  File "C:\Users\Lenovo\OneDrive\Desktop\SofaApp\core\navigation.py", line 35, in safe_click
    element = self.safe_find(selectors_list, timeout=timeout, retries=1)
  File "C:\Users\Lenovo\OneDrive\Desktop\SofaApp\core\navigation.py", line 18, in safe_find
    element = wait.until(EC.presence_of_element_located(locator))
  File "C:\Users\Lenovo\AppData\Roaming\Python\Python314\site-packages\selenium\webdriver\support\wait.py", line 92, in until
    value = method(self._driver)
  File "C:\Users\Lenovo\AppData\Roaming\Python\Python314\site-packages\selenium\webdriver\support\expected_conditions.py", line 80, in _predicate
    return driver.find_element(*locator)
           ~~~~~~~~~~~~~~~~~~~^^^^^^^^^^
  File "C:\Users\Lenovo\AppData\Roaming\Python\Python314\site-packages\appium\webdriver\webdriver.py", line 384, in find_element
    return self.execute(RemoteCommand.FIND_ELEMENT, {'using': by, 'value': value})['value']
           ~~~~~~~~~~~~^^^^^^^^^^^^^^^^^^^^^^^^^^^^^^^^^^^^^^^^^^^^^^^^^^^^^^^^^^^
  File "C:\Users\Lenovo\AppData\Roaming\Python\Python314\site-packages\selenium\webdriver\remote\webdriver.py", line 347, in execute
    self.error_handler.check_response(response)
    ~~~~~~~~~~~~~~~~~~~~~~~~~~~~~~~~~^^^^^^^^^^
  File "C:\Users\Lenovo\AppData\Roaming\Python\Python314\site-packages\appium\webdriver\errorhandler.py", line 125, in check_response
    raise exception_class(msg=message, stacktrace=format_stacktrace(stacktrace))
selenium.common.exceptions.WebDriverException: Message: The process has received SIGINT signal
Stacktrace:
UnknownError: The process has received SIGINT signal
    at getResponseForW3CError (C:\Users\Lenovo\AppData\Roaming\npm\node_modules\appium\node_modules\@appium\base-driver\build\lib\protocol\errors.js:824:36)
    at asyncHandler (C:\Users\Lenovo\AppData\Roaming\npm\node_modules\appium\node_modules\@appium\base-driver\build\lib\protocol\protocol.js:430:77)
    at runNextTicks (node:internal/process/task_queues:65:5)
    at process.processImmediate (node:internal/timers:472:9)
The above error is caused by
Error: The process has received SIGINT signal
    at C:\Users\Lenovo\AppData\Roaming\npm\node_modules\appium\build\lib\appium.js:479:105
    at Array.map (<anonymous>)
    at AppiumDriver.deleteAllSessions (C:\Users\Lenovo\AppData\Roaming\npm\node_modules\appium\build\lib\appium.js:479:54)
    at AppiumDriver.shutdown (C:\Users\Lenovo\AppData\Roaming\npm\node_modules\appium\build\lib\appium.js:185:20)
    at process.onSignal (C:\Users\Lenovo\AppData\Roaming\npm\node_modules\appium\build\lib\main.js:378:36)
    at Object.onceWrapper (node:events:623:26)
    at process.emit (node:events:520:35)
2026-04-21 11:22:50,312 - [WARNING] [user1] Session crashed. Retaining account in pool for retry on next rotation.
2026-04-21 11:22:50,313 - [INFO] [user1] Closing session cleanly...
2026-04-21 11:22:50,318 - [WARNING] [user1] Error quitting driver: Message: A session is either terminated or not started
Stacktrace:
NoSuchDriverError: A session is either terminated or not started
    at asyncHandler (C:\Users\Lenovo\AppData\Roaming\npm\node_modules\appium\node_modules\@appium\base-driver\build\lib\protocol\protocol.js:293:23)
    at C:\Users\Lenovo\AppData\Roaming\npm\node_modules\appium\node_modules\@appium\base-driver\build\lib\protocol\protocol.js:447:36
    at Layer.handleRequest (C:\Users\Lenovo\AppData\Roaming\npm\node_modules\appium\node_modules\router\lib\layer.js:152:17)
    at next (C:\Users\Lenovo\AppData\Roaming\npm\node_modules\appium\node_modules\router\lib\route.js:157:13)
    at Route.dispatch (C:\Users\Lenovo\AppData\Roaming\npm\node_modules\appium\node_modules\router\lib\route.js:117:3)
    at handle (C:\Users\Lenovo\AppData\Roaming\npm\node_modules\appium\node_modules\router\index.js:435:11)
    at Layer.handleRequest (C:\Users\Lenovo\AppData\Roaming\npm\node_modules\appium\node_modules\router\lib\layer.js:152:17)
    at C:\Users\Lenovo\AppData\Roaming\npm\node_modules\appium\node_modules\router\index.js:295:15
    at param (C:\Users\Lenovo\AppData\Roaming\npm\node_modules\appium\node_modules\router\index.js:600:14)
    at param (C:\Users\Lenovo\AppData\Roaming\npm\node_modules\appium\node_modules\router\index.js:610:14)
    at processParams (C:\Users\Lenovo\AppData\Roaming\npm\node_modules\appium\node_modules\router\index.js:664:3)
    at next (C:\Users\Lenovo\AppData\Roaming\npm\node_modules\appium\node_modules\router\index.js:291:5)
    at logger (C:\Users\Lenovo\AppData\Roaming\npm\node_modules\appium\node_modules\morgan\index.js:144:5)
    at Layer.handleRequest (C:\Users\Lenovo\AppData\Roaming\npm\node_modules\appium\node_modules\router\lib\layer.js:152:17)
    at trimPrefix (C:\Users\Lenovo\AppData\Roaming\npm\node_modules\appium\node_modules\router\index.js:342:13)
    at C:\Users\Lenovo\AppData\Roaming\npm\node_modules\appium\node_modules\router\index.js:297:9
    at processParams (C:\Users\Lenovo\AppData\Roaming\npm\node_modules\appium\node_modules\router\index.js:582:12)
    at next (C:\Users\Lenovo\AppData\Roaming\npm\node_modules\appium\node_modules\router\index.js:291:5)
    at read (C:\Users\Lenovo\AppData\Roaming\npm\node_modules\appium\node_modules\body-parser\lib\read.js:53:5)
    at jsonParser (C:\Users\Lenovo\AppData\Roaming\npm\node_modules\appium\node_modules\body-parser\lib\types\json.js:88:5)
    at Layer.handleRequest (C:\Users\Lenovo\AppData\Roaming\npm\node_modules\appium\node_modules\router\lib\layer.js:152:17)
    at trimPrefix (C:\Users\Lenovo\AppData\Roaming\npm\node_modules\appium\node_modules\router\index.js:342:13)
2026-04-21 11:22:50,319 - [INFO] [user1] Session closed and device proxy reset.
2026-04-21 11:22:50,319 - [INFO] Resting for 30s before next account...
2026-04-21 11:23:01,877 - [INFO] Bot manually stopped by user.
2026-04-21 11:23:01,878 - [INFO] Bot execution terminated.
2026-04-21 11:45:06,114 - [INFO] Bot started - Sofascore Automation System
2026-04-21 11:45:06,115 - [INFO] Execution Mode: sequential
2026-04-21 11:45:06,116 - [INFO] Loaded 1 accounts.
2026-04-21 11:45:06,117 - [INFO] Starting sequential execution for 1 accounts.
2026-04-21 11:45:06,117 - [INFO] Running account: user1
2026-04-21 11:45:06,118 - [INFO] [user1] Starting Appium session on device R3CMB0CDBPT...
2026-04-21 11:45:11,487 - [INFO] [user1] Connected to device successfully.
2026-04-21 11:45:11,488 - [TRACE] Sleeping for 7.98 seconds...
2026-04-21 11:45:19,465 - [INFO] [user1] Navigating to discussion tab...
2026-04-21 11:45:19,465 - [TRACE] Navigating to Discussion Tab...
2026-04-21 11:45:19,466 - [TRACE] Attempting to click element (primary selector: ('id', 'com.sofascore.results:id/fab'))
2026-04-21 11:45:19,466 - [TRACE] Attempting to find element (primary selector: ('id', 'com.sofascore.results:id/fab'))
2026-04-21 11:45:29,994 - [DEBUG] Selector ('id', 'com.sofascore.results:id/fab') failed. Trying next fallback...
2026-04-21 11:45:40,556 - [DEBUG] Selector ('id', 'com.sofascore.results:id/chat_fab') failed. Trying next fallback...
2026-04-21 11:45:51,487 - [DEBUG] Selector ('id', 'com.sofascore.results:id/fab_comments') failed. Trying next fallback...
2026-04-21 11:46:02,523 - [DEBUG] Selector ('accessibility id', 'Discussion') failed. Trying next fallback...
2026-04-21 11:46:13,068 - [DEBUG] Selector ('accessibility id', 'Chat') failed. Trying next fallback...
2026-04-21 11:46:24,371 - [DEBUG] Selector ('accessibility id', 'Comments') failed. Trying next fallback...
2026-04-21 11:46:36,513 - [DEBUG] Selector ('xpath', "//android.widget.ImageButton[contains(@resource-id, 'fab') or contains(@resource-id, 'chat')]") failed. Trying next fallback...
2026-04-21 11:46:37,948 - [TRACE] Sleeping for 1.53 seconds...
2026-04-21 11:46:39,474 - [INFO] Successfully clicked Discussion tab.
2026-04-21 11:46:39,475 - [TRACE] Simulating human behavior (scrolling/reading)...
2026-04-21 11:46:40,083 - [TRACE] Sleeping for 1.75 seconds...
2026-04-21 11:46:41,834 - [INFO] [user1] Polling match state for an event...
2026-04-21 11:46:41,835 - [TRACE] Attempting to find element (primary selector: ('id', 'com.sofascore.results:id/score_text'))
2026-04-21 11:46:52,490 - [DEBUG] Selector ('id', 'com.sofascore.results:id/score_text') failed. Trying next fallback...
2026-04-21 11:46:54,113 - [TRACE] Attempting to find element (primary selector: ('id', 'com.sofascore.results:id/time_text'))
2026-04-21 11:47:04,732 - [DEBUG] Selector ('id', 'com.sofascore.results:id/time_text') failed. Trying next fallback...
2026-04-21 11:47:16,190 - [DEBUG] Elements went stale while reading text. Polling will recover gracefully.
2026-04-21 11:47:16,191 - [DEBUG] Could not read score. Match might be over or UI changed.
2026-04-21 11:47:16,191 - [DEBUG] [user1] No event detected (Attempt 1/3). Sleeping 15s.
2026-04-21 11:47:31,192 - [TRACE] Attempting to find element (primary selector: ('id', 'com.sofascore.results:id/score_text'))
2026-04-21 11:47:41,784 - [DEBUG] Selector ('id', 'com.sofascore.results:id/score_text') failed. Trying next fallback...
2026-04-21 11:47:41,969 - [TRACE] Attempting to find element (primary selector: ('id', 'com.sofascore.results:id/time_text'))
2026-04-21 11:47:52,560 - [DEBUG] Selector ('id', 'com.sofascore.results:id/time_text') failed. Trying next fallback...
2026-04-21 11:47:55,596 - [ERROR] [user1] Encountered fatal error during cycle: Message: The process has received SIGINT signal
Stacktrace:
UnknownError: The process has received SIGINT signal
    at getResponseForW3CError (C:\Users\Lenovo\AppData\Roaming\npm\node_modules\appium\node_modules\@appium\base-driver\build\lib\protocol\errors.js:824:36)
    at asyncHandler (C:\Users\Lenovo\AppData\Roaming\npm\node_modules\appium\node_modules\@appium\base-driver\build\lib\protocol\protocol.js:430:77)
    at runNextTicks (node:internal/process/task_queues:65:5)
    at process.processImmediate (node:internal/timers:472:9)
The above error is caused by
Error: The process has received SIGINT signal
    at C:\Users\Lenovo\AppData\Roaming\npm\node_modules\appium\build\lib\appium.js:479:105
    at Array.map (<anonymous>)
    at AppiumDriver.deleteAllSessions (C:\Users\Lenovo\AppData\Roaming\npm\node_modules\appium\build\lib\appium.js:479:54)
    at AppiumDriver.shutdown (C:\Users\Lenovo\AppData\Roaming\npm\node_modules\appium\build\lib\appium.js:185:20)
    at process.onSignal (C:\Users\Lenovo\AppData\Roaming\npm\node_modules\appium\build\lib\main.js:378:36)
    at Object.onceWrapper (node:events:623:26)
    at process.emit (node:events:520:35)
Traceback (most recent call last):
  File "C:\Users\Lenovo\OneDrive\Desktop\SofaApp\core\scheduler.py", line 59, in run_sequential
    self._run_account_cycle(username, driver, account)
    ~~~~~~~~~~~~~~~~~~~~~~~^^^^^^^^^^^^^^^^^^^^^^^^^^^
  File "C:\Users\Lenovo\OneDrive\Desktop\SofaApp\core\scheduler.py", line 99, in _run_account_cycle
    event_happened = detector.detect_change()
  File "C:\Users\Lenovo\OneDrive\Desktop\SofaApp\core\detector.py", line 33, in detect_change
    current_score, current_time = self.capture_current_state()
                                  ~~~~~~~~~~~~~~~~~~~~~~~~~~^^
  File "C:\Users\Lenovo\OneDrive\Desktop\SofaApp\core\detector.py", line 14, in capture_current_state
    time_elem = self.navigator.safe_find(MATCH_TIME_TEXT, timeout=3, retries=1)
  File "C:\Users\Lenovo\OneDrive\Desktop\SofaApp\core\navigation.py", line 18, in safe_find
    element = wait.until(EC.presence_of_element_located(locator))
  File "C:\Users\Lenovo\AppData\Roaming\Python\Python314\site-packages\selenium\webdriver\support\wait.py", line 92, in until
    value = method(self._driver)
  File "C:\Users\Lenovo\AppData\Roaming\Python\Python314\site-packages\selenium\webdriver\support\expected_conditions.py", line 80, in _predicate
    return driver.find_element(*locator)
           ~~~~~~~~~~~~~~~~~~~^^^^^^^^^^
  File "C:\Users\Lenovo\AppData\Roaming\Python\Python314\site-packages\appium\webdriver\webdriver.py", line 384, in find_element
    return self.execute(RemoteCommand.FIND_ELEMENT, {'using': by, 'value': value})['value']
           ~~~~~~~~~~~~^^^^^^^^^^^^^^^^^^^^^^^^^^^^^^^^^^^^^^^^^^^^^^^^^^^^^^^^^^^
  File "C:\Users\Lenovo\AppData\Roaming\Python\Python314\site-packages\selenium\webdriver\remote\webdriver.py", line 347, in execute
    self.error_handler.check_response(response)
    ~~~~~~~~~~~~~~~~~~~~~~~~~~~~~~~~~^^^^^^^^^^
  File "C:\Users\Lenovo\AppData\Roaming\Python\Python314\site-packages\appium\webdriver\errorhandler.py", line 125, in check_response
    raise exception_class(msg=message, stacktrace=format_stacktrace(stacktrace))
selenium.common.exceptions.WebDriverException: Message: The process has received SIGINT signal
Stacktrace:
UnknownError: The process has received SIGINT signal
    at getResponseForW3CError (C:\Users\Lenovo\AppData\Roaming\npm\node_modules\appium\node_modules\@appium\base-driver\build\lib\protocol\errors.js:824:36)
    at asyncHandler (C:\Users\Lenovo\AppData\Roaming\npm\node_modules\appium\node_modules\@appium\base-driver\build\lib\protocol\protocol.js:430:77)
    at runNextTicks (node:internal/process/task_queues:65:5)
    at process.processImmediate (node:internal/timers:472:9)
The above error is caused by
Error: The process has received SIGINT signal
    at C:\Users\Lenovo\AppData\Roaming\npm\node_modules\appium\build\lib\appium.js:479:105
    at Array.map (<anonymous>)
    at AppiumDriver.deleteAllSessions (C:\Users\Lenovo\AppData\Roaming\npm\node_modules\appium\build\lib\appium.js:479:54)
    at AppiumDriver.shutdown (C:\Users\Lenovo\AppData\Roaming\npm\node_modules\appium\build\lib\appium.js:185:20)
    at process.onSignal (C:\Users\Lenovo\AppData\Roaming\npm\node_modules\appium\build\lib\main.js:378:36)
    at Object.onceWrapper (node:events:623:26)
    at process.emit (node:events:520:35)
2026-04-21 11:47:55,613 - [WARNING] [user1] Session crashed. Retaining account in pool for retry on next rotation.
2026-04-21 11:47:55,614 - [INFO] [user1] Closing session cleanly...
2026-04-21 11:47:55,628 - [WARNING] [user1] Error quitting driver: Message: A session is either terminated or not started
Stacktrace:
NoSuchDriverError: A session is either terminated or not started
    at asyncHandler (C:\Users\Lenovo\AppData\Roaming\npm\node_modules\appium\node_modules\@appium\base-driver\build\lib\protocol\protocol.js:293:23)
    at C:\Users\Lenovo\AppData\Roaming\npm\node_modules\appium\node_modules\@appium\base-driver\build\lib\protocol\protocol.js:447:36
    at Layer.handleRequest (C:\Users\Lenovo\AppData\Roaming\npm\node_modules\appium\node_modules\router\lib\layer.js:152:17)
    at next (C:\Users\Lenovo\AppData\Roaming\npm\node_modules\appium\node_modules\router\lib\route.js:157:13)
    at Route.dispatch (C:\Users\Lenovo\AppData\Roaming\npm\node_modules\appium\node_modules\router\lib\route.js:117:3)
    at handle (C:\Users\Lenovo\AppData\Roaming\npm\node_modules\appium\node_modules\router\index.js:435:11)
    at Layer.handleRequest (C:\Users\Lenovo\AppData\Roaming\npm\node_modules\appium\node_modules\router\lib\layer.js:152:17)
    at C:\Users\Lenovo\AppData\Roaming\npm\node_modules\appium\node_modules\router\index.js:295:15
    at param (C:\Users\Lenovo\AppData\Roaming\npm\node_modules\appium\node_modules\router\index.js:600:14)
    at param (C:\Users\Lenovo\AppData\Roaming\npm\node_modules\appium\node_modules\router\index.js:610:14)
    at processParams (C:\Users\Lenovo\AppData\Roaming\npm\node_modules\appium\node_modules\router\index.js:664:3)
    at next (C:\Users\Lenovo\AppData\Roaming\npm\node_modules\appium\node_modules\router\index.js:291:5)
    at logger (C:\Users\Lenovo\AppData\Roaming\npm\node_modules\appium\node_modules\morgan\index.js:144:5)
    at Layer.handleRequest (C:\Users\Lenovo\AppData\Roaming\npm\node_modules\appium\node_modules\router\lib\layer.js:152:17)
    at trimPrefix (C:\Users\Lenovo\AppData\Roaming\npm\node_modules\appium\node_modules\router\index.js:342:13)
    at C:\Users\Lenovo\AppData\Roaming\npm\node_modules\appium\node_modules\router\index.js:297:9
    at processParams (C:\Users\Lenovo\AppData\Roaming\npm\node_modules\appium\node_modules\router\index.js:582:12)
    at next (C:\Users\Lenovo\AppData\Roaming\npm\node_modules\appium\node_modules\router\index.js:291:5)
    at read (C:\Users\Lenovo\AppData\Roaming\npm\node_modules\appium\node_modules\body-parser\lib\read.js:53:5)
    at jsonParser (C:\Users\Lenovo\AppData\Roaming\npm\node_modules\appium\node_modules\body-parser\lib\types\json.js:88:5)
    at Layer.handleRequest (C:\Users\Lenovo\AppData\Roaming\npm\node_modules\appium\node_modules\router\lib\layer.js:152:17)
    at trimPrefix (C:\Users\Lenovo\AppData\Roaming\npm\node_modules\appium\node_modules\router\index.js:342:13)
2026-04-21 11:47:55,630 - [INFO] [user1] Session closed and device proxy reset.
2026-04-21 11:47:55,630 - [INFO] Resting for 30s before next account...
2026-04-21 11:48:09,955 - [INFO] Bot manually stopped by user.
2026-04-21 11:48:09,955 - [INFO] Bot execution terminated.
2026-04-21 12:16:40,882 - [INFO] Bot started - Sofascore Automation System
2026-04-21 12:16:40,883 - [INFO] Execution Mode: sequential
2026-04-21 12:16:40,883 - [INFO] Loaded 1 accounts.
2026-04-21 12:16:40,885 - [INFO] Starting sequential execution for 1 accounts.
2026-04-21 12:16:40,885 - [INFO] Running account: user1
2026-04-21 12:16:40,885 - [INFO] [user1] Starting Appium session on device R3CMB0CDBPT...
2026-04-21 12:16:46,099 - [INFO] [user1] Connected to device successfully.
2026-04-21 12:16:46,100 - [TRACE] Sleeping for 11.27 seconds...
2026-04-21 12:16:57,373 - [INFO] [user1] Navigating to discussion tab...
2026-04-21 12:16:57,374 - [TRACE] Navigating to Discussion Tab...
2026-04-21 12:16:57,374 - [TRACE] Attempting to click element (primary selector: ('class name', 'com.google.android.material.floatingactionbutton.FloatingActionButton'))
2026-04-21 12:16:57,374 - [TRACE] Attempting to find element (primary selector: ('class name', 'com.google.android.material.floatingactionbutton.FloatingActionButton'))
2026-04-21 12:17:08,077 - [DEBUG] Selector ('class name', 'com.google.android.material.floatingactionbutton.FloatingActionButton') failed. Trying next fallback...
2026-04-21 12:17:18,767 - [DEBUG] Selector ('xpath', '//com.google.android.material.floatingactionbutton.FloatingActionButton') failed. Trying next fallback...
2026-04-21 12:17:29,436 - [DEBUG] Selector ('xpath', "//*[contains(@resource-id, 'fab') or contains(@resource-id, 'chat') or contains(@resource-id, 'comment_button')]") failed. Trying next fallback...
2026-04-21 12:17:41,333 - [DEBUG] Selector ('id', 'com.sofascore.results:id/multiStateFab') failed. Trying next fallback...
2026-04-21 12:17:51,942 - [DEBUG] Selector ('id', 'com.sofascore.results:id/multi_state_fab') failed. Trying next fallback...
2026-04-21 12:18:03,547 - [DEBUG] Selector ('accessibility id', 'Chat') failed. Trying next fallback...
2026-04-21 12:18:08,670 - [ERROR] [user1] Encountered fatal error during cycle: Message: The process has received SIGINT signal
Stacktrace:
UnknownError: The process has received SIGINT signal
    at getResponseForW3CError (C:\Users\Lenovo\AppData\Roaming\npm\node_modules\appium\node_modules\@appium\base-driver\build\lib\protocol\errors.js:824:36)
    at asyncHandler (C:\Users\Lenovo\AppData\Roaming\npm\node_modules\appium\node_modules\@appium\base-driver\build\lib\protocol\protocol.js:430:77)
    at runNextTicks (node:internal/process/task_queues:65:5)
    at process.processImmediate (node:internal/timers:472:9)
The above error is caused by
Error: The process has received SIGINT signal
    at C:\Users\Lenovo\AppData\Roaming\npm\node_modules\appium\build\lib\appium.js:479:105
    at Array.map (<anonymous>)
    at AppiumDriver.deleteAllSessions (C:\Users\Lenovo\AppData\Roaming\npm\node_modules\appium\build\lib\appium.js:479:54)
    at AppiumDriver.shutdown (C:\Users\Lenovo\AppData\Roaming\npm\node_modules\appium\build\lib\appium.js:185:20)
    at process.onSignal (C:\Users\Lenovo\AppData\Roaming\npm\node_modules\appium\build\lib\main.js:378:36)
    at Object.onceWrapper (node:events:623:26)
    at process.emit (node:events:520:35)
Traceback (most recent call last):
  File "C:\Users\Lenovo\OneDrive\Desktop\SofaApp\core\scheduler.py", line 59, in run_sequential
    self._run_account_cycle(username, driver, account)
    ~~~~~~~~~~~~~~~~~~~~~~~^^^^^^^^^^^^^^^^^^^^^^^^^^^
  File "C:\Users\Lenovo\OneDrive\Desktop\SofaApp\core\scheduler.py", line 85, in _run_account_cycle
    navigator.navigate_to_discussion_tab()
    ~~~~~~~~~~~~~~~~~~~~~~~~~~~~~~~~~~~~^^
  File "C:\Users\Lenovo\OneDrive\Desktop\SofaApp\core\navigation.py", line 75, in navigate_to_discussion_tab
    success = self.safe_click(DISCUSSION_TAB_SELECTOR, timeout=10, retries=3)
  File "C:\Users\Lenovo\OneDrive\Desktop\SofaApp\core\navigation.py", line 35, in safe_click
    element = self.safe_find(selectors_list, timeout=timeout, retries=1)
  File "C:\Users\Lenovo\OneDrive\Desktop\SofaApp\core\navigation.py", line 18, in safe_find
    element = wait.until(EC.presence_of_element_located(locator))
  File "C:\Users\Lenovo\AppData\Roaming\Python\Python314\site-packages\selenium\webdriver\support\wait.py", line 92, in until
    value = method(self._driver)
  File "C:\Users\Lenovo\AppData\Roaming\Python\Python314\site-packages\selenium\webdriver\support\expected_conditions.py", line 80, in _predicate
    return driver.find_element(*locator)
           ~~~~~~~~~~~~~~~~~~~^^^^^^^^^^
  File "C:\Users\Lenovo\AppData\Roaming\Python\Python314\site-packages\appium\webdriver\webdriver.py", line 384, in find_element
    return self.execute(RemoteCommand.FIND_ELEMENT, {'using': by, 'value': value})['value']
           ~~~~~~~~~~~~^^^^^^^^^^^^^^^^^^^^^^^^^^^^^^^^^^^^^^^^^^^^^^^^^^^^^^^^^^^
  File "C:\Users\Lenovo\AppData\Roaming\Python\Python314\site-packages\selenium\webdriver\remote\webdriver.py", line 347, in execute
    self.error_handler.check_response(response)
    ~~~~~~~~~~~~~~~~~~~~~~~~~~~~~~~~~^^^^^^^^^^
  File "C:\Users\Lenovo\AppData\Roaming\Python\Python314\site-packages\appium\webdriver\errorhandler.py", line 125, in check_response
    raise exception_class(msg=message, stacktrace=format_stacktrace(stacktrace))
selenium.common.exceptions.WebDriverException: Message: The process has received SIGINT signal
Stacktrace:
UnknownError: The process has received SIGINT signal
    at getResponseForW3CError (C:\Users\Lenovo\AppData\Roaming\npm\node_modules\appium\node_modules\@appium\base-driver\build\lib\protocol\errors.js:824:36)
    at asyncHandler (C:\Users\Lenovo\AppData\Roaming\npm\node_modules\appium\node_modules\@appium\base-driver\build\lib\protocol\protocol.js:430:77)
    at runNextTicks (node:internal/process/task_queues:65:5)
    at process.processImmediate (node:internal/timers:472:9)
The above error is caused by
Error: The process has received SIGINT signal
    at C:\Users\Lenovo\AppData\Roaming\npm\node_modules\appium\build\lib\appium.js:479:105
    at Array.map (<anonymous>)
    at AppiumDriver.deleteAllSessions (C:\Users\Lenovo\AppData\Roaming\npm\node_modules\appium\build\lib\appium.js:479:54)
    at AppiumDriver.shutdown (C:\Users\Lenovo\AppData\Roaming\npm\node_modules\appium\build\lib\appium.js:185:20)
    at process.onSignal (C:\Users\Lenovo\AppData\Roaming\npm\node_modules\appium\build\lib\main.js:378:36)
    at Object.onceWrapper (node:events:623:26)
    at process.emit (node:events:520:35)
2026-04-21 12:18:08,687 - [WARNING] [user1] Session crashed. Retaining account in pool for retry on next rotation.
2026-04-21 12:18:08,687 - [INFO] [user1] Closing session cleanly...
2026-04-21 12:18:08,694 - [WARNING] [user1] Error quitting driver: Message: A session is either terminated or not started
Stacktrace:
NoSuchDriverError: A session is either terminated or not started
    at asyncHandler (C:\Users\Lenovo\AppData\Roaming\npm\node_modules\appium\node_modules\@appium\base-driver\build\lib\protocol\protocol.js:293:23)
    at C:\Users\Lenovo\AppData\Roaming\npm\node_modules\appium\node_modules\@appium\base-driver\build\lib\protocol\protocol.js:447:36
    at Layer.handleRequest (C:\Users\Lenovo\AppData\Roaming\npm\node_modules\appium\node_modules\router\lib\layer.js:152:17)
    at next (C:\Users\Lenovo\AppData\Roaming\npm\node_modules\appium\node_modules\router\lib\route.js:157:13)
    at Route.dispatch (C:\Users\Lenovo\AppData\Roaming\npm\node_modules\appium\node_modules\router\lib\route.js:117:3)
    at handle (C:\Users\Lenovo\AppData\Roaming\npm\node_modules\appium\node_modules\router\index.js:435:11)
    at Layer.handleRequest (C:\Users\Lenovo\AppData\Roaming\npm\node_modules\appium\node_modules\router\lib\layer.js:152:17)
    at C:\Users\Lenovo\AppData\Roaming\npm\node_modules\appium\node_modules\router\index.js:295:15
    at param (C:\Users\Lenovo\AppData\Roaming\npm\node_modules\appium\node_modules\router\index.js:600:14)
    at param (C:\Users\Lenovo\AppData\Roaming\npm\node_modules\appium\node_modules\router\index.js:610:14)
    at processParams (C:\Users\Lenovo\AppData\Roaming\npm\node_modules\appium\node_modules\router\index.js:664:3)
    at next (C:\Users\Lenovo\AppData\Roaming\npm\node_modules\appium\node_modules\router\index.js:291:5)
    at logger (C:\Users\Lenovo\AppData\Roaming\npm\node_modules\appium\node_modules\morgan\index.js:144:5)
    at Layer.handleRequest (C:\Users\Lenovo\AppData\Roaming\npm\node_modules\appium\node_modules\router\lib\layer.js:152:17)
    at trimPrefix (C:\Users\Lenovo\AppData\Roaming\npm\node_modules\appium\node_modules\router\index.js:342:13)
    at C:\Users\Lenovo\AppData\Roaming\npm\node_modules\appium\node_modules\router\index.js:297:9
    at processParams (C:\Users\Lenovo\AppData\Roaming\npm\node_modules\appium\node_modules\router\index.js:582:12)
    at next (C:\Users\Lenovo\AppData\Roaming\npm\node_modules\appium\node_modules\router\index.js:291:5)
    at read (C:\Users\Lenovo\AppData\Roaming\npm\node_modules\appium\node_modules\body-parser\lib\read.js:53:5)
    at jsonParser (C:\Users\Lenovo\AppData\Roaming\npm\node_modules\appium\node_modules\body-parser\lib\types\json.js:88:5)
    at Layer.handleRequest (C:\Users\Lenovo\AppData\Roaming\npm\node_modules\appium\node_modules\router\lib\layer.js:152:17)
    at trimPrefix (C:\Users\Lenovo\AppData\Roaming\npm\node_modules\appium\node_modules\router\index.js:342:13)
2026-04-21 12:18:08,696 - [INFO] [user1] Session closed and device proxy reset.
2026-04-21 12:18:08,696 - [INFO] Resting for 30s before next account...
2026-04-21 12:18:21,194 - [INFO] Bot manually stopped by user.
2026-04-21 12:18:21,195 - [INFO] Bot execution terminated.
2026-04-21 12:18:45,840 - [INFO] Bot started - Sofascore Automation System
2026-04-21 12:18:45,841 - [INFO] Execution Mode: sequential
2026-04-21 12:18:45,842 - [INFO] Loaded 1 accounts.
2026-04-21 12:18:45,842 - [INFO] Starting sequential execution for 1 accounts.
2026-04-21 12:18:45,843 - [INFO] Running account: user1
2026-04-21 12:18:45,843 - [INFO] [user1] Starting Appium session on device R3CMB0CDBPT...
2026-04-21 12:18:50,764 - [INFO] [user1] Connected to device successfully.
2026-04-21 12:18:50,765 - [TRACE] Sleeping for 11.69 seconds...
2026-04-21 12:19:02,455 - [INFO] [user1] Navigating to discussion tab...
2026-04-21 12:19:02,456 - [TRACE] Navigating to Discussion Tab...
2026-04-21 12:19:02,456 - [TRACE] Attempting to click element (primary selector: ('class name', 'com.google.android.material.floatingactionbutton.FloatingActionButton'))
2026-04-21 12:19:02,456 - [TRACE] Attempting to find element (primary selector: ('class name', 'com.google.android.material.floatingactionbutton.FloatingActionButton'))
2026-04-21 12:19:13,022 - [DEBUG] Selector ('class name', 'com.google.android.material.floatingactionbutton.FloatingActionButton') failed. Trying next fallback...
2026-04-21 12:19:24,131 - [DEBUG] Selector ('xpath', '//com.google.android.material.floatingactionbutton.FloatingActionButton') failed. Trying next fallback...
2026-04-21 12:19:32,226 - [ERROR] [user1] Encountered fatal error during cycle: Message: The process has received SIGINT signal
Stacktrace:
UnknownError: The process has received SIGINT signal
    at getResponseForW3CError (C:\Users\Lenovo\AppData\Roaming\npm\node_modules\appium\node_modules\@appium\base-driver\build\lib\protocol\errors.js:824:36)
    at asyncHandler (C:\Users\Lenovo\AppData\Roaming\npm\node_modules\appium\node_modules\@appium\base-driver\build\lib\protocol\protocol.js:430:77)
    at runNextTicks (node:internal/process/task_queues:65:5)
    at process.processImmediate (node:internal/timers:472:9)
The above error is caused by
Error: The process has received SIGINT signal
    at C:\Users\Lenovo\AppData\Roaming\npm\node_modules\appium\build\lib\appium.js:479:105
    at Array.map (<anonymous>)
    at AppiumDriver.deleteAllSessions (C:\Users\Lenovo\AppData\Roaming\npm\node_modules\appium\build\lib\appium.js:479:54)
    at AppiumDriver.shutdown (C:\Users\Lenovo\AppData\Roaming\npm\node_modules\appium\build\lib\appium.js:185:20)
    at process.onSignal (C:\Users\Lenovo\AppData\Roaming\npm\node_modules\appium\build\lib\main.js:378:36)
    at Object.onceWrapper (node:events:623:26)
    at process.emit (node:events:520:35)
Traceback (most recent call last):
  File "C:\Users\Lenovo\OneDrive\Desktop\SofaApp\core\scheduler.py", line 59, in run_sequential
    self._run_account_cycle(username, driver, account)
    ~~~~~~~~~~~~~~~~~~~~~~~^^^^^^^^^^^^^^^^^^^^^^^^^^^
  File "C:\Users\Lenovo\OneDrive\Desktop\SofaApp\core\scheduler.py", line 85, in _run_account_cycle
    navigator.navigate_to_discussion_tab()
    ~~~~~~~~~~~~~~~~~~~~~~~~~~~~~~~~~~~~^^
  File "C:\Users\Lenovo\OneDrive\Desktop\SofaApp\core\navigation.py", line 75, in navigate_to_discussion_tab
    success = self.safe_click(DISCUSSION_TAB_SELECTOR, timeout=10, retries=3)
  File "C:\Users\Lenovo\OneDrive\Desktop\SofaApp\core\navigation.py", line 35, in safe_click
    element = self.safe_find(selectors_list, timeout=timeout, retries=1)
  File "C:\Users\Lenovo\OneDrive\Desktop\SofaApp\core\navigation.py", line 18, in safe_find
    element = wait.until(EC.presence_of_element_located(locator))
  File "C:\Users\Lenovo\AppData\Roaming\Python\Python314\site-packages\selenium\webdriver\support\wait.py", line 92, in until
    value = method(self._driver)
  File "C:\Users\Lenovo\AppData\Roaming\Python\Python314\site-packages\selenium\webdriver\support\expected_conditions.py", line 80, in _predicate
    return driver.find_element(*locator)
           ~~~~~~~~~~~~~~~~~~~^^^^^^^^^^
  File "C:\Users\Lenovo\AppData\Roaming\Python\Python314\site-packages\appium\webdriver\webdriver.py", line 384, in find_element
    return self.execute(RemoteCommand.FIND_ELEMENT, {'using': by, 'value': value})['value']
           ~~~~~~~~~~~~^^^^^^^^^^^^^^^^^^^^^^^^^^^^^^^^^^^^^^^^^^^^^^^^^^^^^^^^^^^
  File "C:\Users\Lenovo\AppData\Roaming\Python\Python314\site-packages\selenium\webdriver\remote\webdriver.py", line 347, in execute
    self.error_handler.check_response(response)
    ~~~~~~~~~~~~~~~~~~~~~~~~~~~~~~~~~^^^^^^^^^^
  File "C:\Users\Lenovo\AppData\Roaming\Python\Python314\site-packages\appium\webdriver\errorhandler.py", line 125, in check_response
    raise exception_class(msg=message, stacktrace=format_stacktrace(stacktrace))
selenium.common.exceptions.WebDriverException: Message: The process has received SIGINT signal
Stacktrace:
UnknownError: The process has received SIGINT signal
    at getResponseForW3CError (C:\Users\Lenovo\AppData\Roaming\npm\node_modules\appium\node_modules\@appium\base-driver\build\lib\protocol\errors.js:824:36)
    at asyncHandler (C:\Users\Lenovo\AppData\Roaming\npm\node_modules\appium\node_modules\@appium\base-driver\build\lib\protocol\protocol.js:430:77)
    at runNextTicks (node:internal/process/task_queues:65:5)
    at process.processImmediate (node:internal/timers:472:9)
The above error is caused by
Error: The process has received SIGINT signal
    at C:\Users\Lenovo\AppData\Roaming\npm\node_modules\appium\build\lib\appium.js:479:105
    at Array.map (<anonymous>)
    at AppiumDriver.deleteAllSessions (C:\Users\Lenovo\AppData\Roaming\npm\node_modules\appium\build\lib\appium.js:479:54)
    at AppiumDriver.shutdown (C:\Users\Lenovo\AppData\Roaming\npm\node_modules\appium\build\lib\appium.js:185:20)
    at process.onSignal (C:\Users\Lenovo\AppData\Roaming\npm\node_modules\appium\build\lib\main.js:378:36)
    at Object.onceWrapper (node:events:623:26)
    at process.emit (node:events:520:35)
2026-04-21 12:19:32,235 - [WARNING] [user1] Session crashed. Retaining account in pool for retry on next rotation.
2026-04-21 12:19:32,235 - [INFO] [user1] Closing session cleanly...
2026-04-21 12:19:32,243 - [WARNING] [user1] Error quitting driver: Message: A session is either terminated or not started
Stacktrace:
NoSuchDriverError: A session is either terminated or not started
    at asyncHandler (C:\Users\Lenovo\AppData\Roaming\npm\node_modules\appium\node_modules\@appium\base-driver\build\lib\protocol\protocol.js:293:23)
    at C:\Users\Lenovo\AppData\Roaming\npm\node_modules\appium\node_modules\@appium\base-driver\build\lib\protocol\protocol.js:447:36
    at Layer.handleRequest (C:\Users\Lenovo\AppData\Roaming\npm\node_modules\appium\node_modules\router\lib\layer.js:152:17)
    at next (C:\Users\Lenovo\AppData\Roaming\npm\node_modules\appium\node_modules\router\lib\route.js:157:13)
    at Route.dispatch (C:\Users\Lenovo\AppData\Roaming\npm\node_modules\appium\node_modules\router\lib\route.js:117:3)
    at handle (C:\Users\Lenovo\AppData\Roaming\npm\node_modules\appium\node_modules\router\index.js:435:11)
    at Layer.handleRequest (C:\Users\Lenovo\AppData\Roaming\npm\node_modules\appium\node_modules\router\lib\layer.js:152:17)
    at C:\Users\Lenovo\AppData\Roaming\npm\node_modules\appium\node_modules\router\index.js:295:15
    at param (C:\Users\Lenovo\AppData\Roaming\npm\node_modules\appium\node_modules\router\index.js:600:14)
    at param (C:\Users\Lenovo\AppData\Roaming\npm\node_modules\appium\node_modules\router\index.js:610:14)
    at processParams (C:\Users\Lenovo\AppData\Roaming\npm\node_modules\appium\node_modules\router\index.js:664:3)
    at next (C:\Users\Lenovo\AppData\Roaming\npm\node_modules\appium\node_modules\router\index.js:291:5)
    at logger (C:\Users\Lenovo\AppData\Roaming\npm\node_modules\appium\node_modules\morgan\index.js:144:5)
    at Layer.handleRequest (C:\Users\Lenovo\AppData\Roaming\npm\node_modules\appium\node_modules\router\lib\layer.js:152:17)
    at trimPrefix (C:\Users\Lenovo\AppData\Roaming\npm\node_modules\appium\node_modules\router\index.js:342:13)
    at C:\Users\Lenovo\AppData\Roaming\npm\node_modules\appium\node_modules\router\index.js:297:9
    at processParams (C:\Users\Lenovo\AppData\Roaming\npm\node_modules\appium\node_modules\router\index.js:582:12)
    at next (C:\Users\Lenovo\AppData\Roaming\npm\node_modules\appium\node_modules\router\index.js:291:5)
    at read (C:\Users\Lenovo\AppData\Roaming\npm\node_modules\appium\node_modules\body-parser\lib\read.js:53:5)
    at jsonParser (C:\Users\Lenovo\AppData\Roaming\npm\node_modules\appium\node_modules\body-parser\lib\types\json.js:88:5)
    at Layer.handleRequest (C:\Users\Lenovo\AppData\Roaming\npm\node_modules\appium\node_modules\router\lib\layer.js:152:17)
    at trimPrefix (C:\Users\Lenovo\AppData\Roaming\npm\node_modules\appium\node_modules\router\index.js:342:13)
2026-04-21 12:19:32,244 - [INFO] [user1] Session closed and device proxy reset.
2026-04-21 12:19:32,244 - [INFO] Resting for 30s before next account...
2026-04-21 12:19:41,755 - [INFO] Bot manually stopped by user.
2026-04-21 12:19:41,756 - [INFO] Bot execution terminated.
2026-04-21 14:34:02,332 - [INFO] Bot started - Sofascore Automation System
2026-04-21 14:34:02,333 - [INFO] Execution Mode: sequential
2026-04-21 14:34:02,334 - [INFO] Loaded 1 accounts.
2026-04-21 14:34:02,335 - [INFO] Starting sequential execution for 1 accounts.
2026-04-21 14:34:02,336 - [INFO] Running account: user1
2026-04-21 14:34:02,336 - [INFO] [user1] Starting Appium session on device R3CMB0CDBPT...
2026-04-21 14:34:08,583 - [INFO] [user1] Connected to device successfully.
2026-04-21 14:34:08,584 - [TRACE] Sleeping for 10.21 seconds...
2026-04-21 14:34:18,800 - [INFO] [user1] Navigating to discussion tab...
2026-04-21 14:34:18,801 - [TRACE] Navigating to Discussion Tab...
2026-04-21 14:34:18,801 - [TRACE] Attempting to click element (primary selector: ('class name', 'com.google.android.material.floatingactionbutton.FloatingActionButton'))
2026-04-21 14:34:18,802 - [TRACE] Attempting to find element (primary selector: ('class name', 'com.google.android.material.floatingactionbutton.FloatingActionButton'))
2026-04-21 14:34:29,708 - [DEBUG] Selector ('class name', 'com.google.android.material.floatingactionbutton.FloatingActionButton') failed. Trying next fallback...
2026-04-21 14:34:40,480 - [DEBUG] Selector ('xpath', '//com.google.android.material.floatingactionbutton.FloatingActionButton') failed. Trying next fallback...
2026-04-21 14:34:42,488 - [TRACE] Sleeping for 1.00 seconds...
2026-04-21 14:34:43,493 - [INFO] Successfully clicked Discussion tab.
2026-04-21 14:34:43,494 - [TRACE] Simulating human behavior (scrolling/reading)...
2026-04-21 14:34:44,128 - [TRACE] Sleeping for 2.69 seconds...
2026-04-21 14:34:46,819 - [INFO] [user1] Polling match state for an event...
2026-04-21 14:34:46,820 - [TRACE] Attempting to find element (primary selector: ('id', 'com.sofascore.results:id/score_text'))
2026-04-21 14:34:57,648 - [DEBUG] Selector ('id', 'com.sofascore.results:id/score_text') failed. Trying next fallback...
2026-04-21 14:34:58,562 - [TRACE] Attempting to find element (primary selector: ('id', 'com.sofascore.results:id/time_text'))
2026-04-21 14:35:00,777 - [ERROR] [user1] Encountered fatal error during cycle: Message: The process has received SIGINT signal
Stacktrace:
UnknownError: The process has received SIGINT signal
    at getResponseForW3CError (C:\Users\Lenovo\AppData\Roaming\npm\node_modules\appium\node_modules\@appium\base-driver\build\lib\protocol\errors.js:824:36)
    at asyncHandler (C:\Users\Lenovo\AppData\Roaming\npm\node_modules\appium\node_modules\@appium\base-driver\build\lib\protocol\protocol.js:430:77)
    at runNextTicks (node:internal/process/task_queues:65:5)
    at process.processImmediate (node:internal/timers:472:9)
The above error is caused by
Error: The process has received SIGINT signal
    at C:\Users\Lenovo\AppData\Roaming\npm\node_modules\appium\build\lib\appium.js:479:105
    at Array.map (<anonymous>)
    at AppiumDriver.deleteAllSessions (C:\Users\Lenovo\AppData\Roaming\npm\node_modules\appium\build\lib\appium.js:479:54)
    at AppiumDriver.shutdown (C:\Users\Lenovo\AppData\Roaming\npm\node_modules\appium\build\lib\appium.js:185:20)
    at process.onSignal (C:\Users\Lenovo\AppData\Roaming\npm\node_modules\appium\build\lib\main.js:378:36)
    at Object.onceWrapper (node:events:623:26)
    at process.emit (node:events:520:35)
Traceback (most recent call last):
  File "C:\Users\Lenovo\OneDrive\Desktop\SofaApp\core\scheduler.py", line 59, in run_sequential
    self._run_account_cycle(username, driver, account)
    ~~~~~~~~~~~~~~~~~~~~~~~^^^^^^^^^^^^^^^^^^^^^^^^^^^
  File "C:\Users\Lenovo\OneDrive\Desktop\SofaApp\core\scheduler.py", line 99, in _run_account_cycle
    event_happened = detector.detect_change()
  File "C:\Users\Lenovo\OneDrive\Desktop\SofaApp\core\detector.py", line 33, in detect_change
    current_score, current_time = self.capture_current_state()
                                  ~~~~~~~~~~~~~~~~~~~~~~~~~~^^
  File "C:\Users\Lenovo\OneDrive\Desktop\SofaApp\core\detector.py", line 14, in capture_current_state
    time_elem = self.navigator.safe_find(MATCH_TIME_TEXT, timeout=3, retries=1)
  File "C:\Users\Lenovo\OneDrive\Desktop\SofaApp\core\navigation.py", line 18, in safe_find
    element = wait.until(EC.presence_of_element_located(locator))
  File "C:\Users\Lenovo\AppData\Roaming\Python\Python314\site-packages\selenium\webdriver\support\wait.py", line 92, in until
    value = method(self._driver)
  File "C:\Users\Lenovo\AppData\Roaming\Python\Python314\site-packages\selenium\webdriver\support\expected_conditions.py", line 80, in _predicate
    return driver.find_element(*locator)
           ~~~~~~~~~~~~~~~~~~~^^^^^^^^^^
  File "C:\Users\Lenovo\AppData\Roaming\Python\Python314\site-packages\appium\webdriver\webdriver.py", line 384, in find_element
    return self.execute(RemoteCommand.FIND_ELEMENT, {'using': by, 'value': value})['value']
           ~~~~~~~~~~~~^^^^^^^^^^^^^^^^^^^^^^^^^^^^^^^^^^^^^^^^^^^^^^^^^^^^^^^^^^^
  File "C:\Users\Lenovo\AppData\Roaming\Python\Python314\site-packages\selenium\webdriver\remote\webdriver.py", line 347, in execute
    self.error_handler.check_response(response)
    ~~~~~~~~~~~~~~~~~~~~~~~~~~~~~~~~~^^^^^^^^^^
  File "C:\Users\Lenovo\AppData\Roaming\Python\Python314\site-packages\appium\webdriver\errorhandler.py", line 125, in check_response
    raise exception_class(msg=message, stacktrace=format_stacktrace(stacktrace))
selenium.common.exceptions.WebDriverException: Message: The process has received SIGINT signal
Stacktrace:
UnknownError: The process has received SIGINT signal
    at getResponseForW3CError (C:\Users\Lenovo\AppData\Roaming\npm\node_modules\appium\node_modules\@appium\base-driver\build\lib\protocol\errors.js:824:36)
    at asyncHandler (C:\Users\Lenovo\AppData\Roaming\npm\node_modules\appium\node_modules\@appium\base-driver\build\lib\protocol\protocol.js:430:77)
    at runNextTicks (node:internal/process/task_queues:65:5)
    at process.processImmediate (node:internal/timers:472:9)
The above error is caused by
Error: The process has received SIGINT signal
    at C:\Users\Lenovo\AppData\Roaming\npm\node_modules\appium\build\lib\appium.js:479:105
    at Array.map (<anonymous>)
    at AppiumDriver.deleteAllSessions (C:\Users\Lenovo\AppData\Roaming\npm\node_modules\appium\build\lib\appium.js:479:54)
    at AppiumDriver.shutdown (C:\Users\Lenovo\AppData\Roaming\npm\node_modules\appium\build\lib\appium.js:185:20)
    at process.onSignal (C:\Users\Lenovo\AppData\Roaming\npm\node_modules\appium\build\lib\main.js:378:36)
    at Object.onceWrapper (node:events:623:26)
    at process.emit (node:events:520:35)
2026-04-21 14:35:00,798 - [WARNING] [user1] Session crashed. Retaining account in pool for retry on next rotation.
2026-04-21 14:35:00,800 - [INFO] [user1] Closing session cleanly...
2026-04-21 14:35:00,812 - [WARNING] [user1] Error quitting driver: Message: A session is either terminated or not started
Stacktrace:
NoSuchDriverError: A session is either terminated or not started
    at asyncHandler (C:\Users\Lenovo\AppData\Roaming\npm\node_modules\appium\node_modules\@appium\base-driver\build\lib\protocol\protocol.js:293:23)
    at C:\Users\Lenovo\AppData\Roaming\npm\node_modules\appium\node_modules\@appium\base-driver\build\lib\protocol\protocol.js:447:36
    at Layer.handleRequest (C:\Users\Lenovo\AppData\Roaming\npm\node_modules\appium\node_modules\router\lib\layer.js:152:17)
    at next (C:\Users\Lenovo\AppData\Roaming\npm\node_modules\appium\node_modules\router\lib\route.js:157:13)
    at Route.dispatch (C:\Users\Lenovo\AppData\Roaming\npm\node_modules\appium\node_modules\router\lib\route.js:117:3)
    at handle (C:\Users\Lenovo\AppData\Roaming\npm\node_modules\appium\node_modules\router\index.js:435:11)
    at Layer.handleRequest (C:\Users\Lenovo\AppData\Roaming\npm\node_modules\appium\node_modules\router\lib\layer.js:152:17)
    at C:\Users\Lenovo\AppData\Roaming\npm\node_modules\appium\node_modules\router\index.js:295:15
    at param (C:\Users\Lenovo\AppData\Roaming\npm\node_modules\appium\node_modules\router\index.js:600:14)
    at param (C:\Users\Lenovo\AppData\Roaming\npm\node_modules\appium\node_modules\router\index.js:610:14)
    at processParams (C:\Users\Lenovo\AppData\Roaming\npm\node_modules\appium\node_modules\router\index.js:664:3)
    at next (C:\Users\Lenovo\AppData\Roaming\npm\node_modules\appium\node_modules\router\index.js:291:5)
    at logger (C:\Users\Lenovo\AppData\Roaming\npm\node_modules\appium\node_modules\morgan\index.js:144:5)
    at Layer.handleRequest (C:\Users\Lenovo\AppData\Roaming\npm\node_modules\appium\node_modules\router\lib\layer.js:152:17)
    at trimPrefix (C:\Users\Lenovo\AppData\Roaming\npm\node_modules\appium\node_modules\router\index.js:342:13)
    at C:\Users\Lenovo\AppData\Roaming\npm\node_modules\appium\node_modules\router\index.js:297:9
    at processParams (C:\Users\Lenovo\AppData\Roaming\npm\node_modules\appium\node_modules\router\index.js:582:12)
    at next (C:\Users\Lenovo\AppData\Roaming\npm\node_modules\appium\node_modules\router\index.js:291:5)
    at read (C:\Users\Lenovo\AppData\Roaming\npm\node_modules\appium\node_modules\body-parser\lib\read.js:53:5)
    at jsonParser (C:\Users\Lenovo\AppData\Roaming\npm\node_modules\appium\node_modules\body-parser\lib\types\json.js:88:5)
    at Layer.handleRequest (C:\Users\Lenovo\AppData\Roaming\npm\node_modules\appium\node_modules\router\lib\layer.js:152:17)
    at trimPrefix (C:\Users\Lenovo\AppData\Roaming\npm\node_modules\appium\node_modules\router\index.js:342:13)
2026-04-21 14:35:00,813 - [INFO] [user1] Session closed and device proxy reset.
2026-04-21 14:35:00,815 - [INFO] Resting for 30s before next account...
2026-04-21 14:35:14,042 - [INFO] Bot manually stopped by user.
2026-04-21 14:35:14,043 - [INFO] Bot execution terminated.
2026-04-21 15:23:59,890 - [INFO] Bot started - Sofascore Automation System
2026-04-21 15:23:59,892 - [INFO] Execution Mode: sequential
2026-04-21 15:23:59,893 - [INFO] Loaded 1 accounts.
2026-04-21 15:23:59,894 - [INFO] Starting sequential execution for 1 accounts.
2026-04-21 15:23:59,894 - [INFO] Running account: user1
2026-04-21 15:23:59,894 - [INFO] [user1] Starting Appium session on device R3CMB0CDBPT...
2026-04-21 15:24:05,263 - [INFO] [user1] Connected to device successfully.
2026-04-21 15:24:05,264 - [TRACE] Sleeping for 11.91 seconds...
2026-04-21 15:24:17,172 - [INFO] [user1] Navigating to discussion tab...
2026-04-21 15:24:17,173 - [TRACE] Navigating to Discussion Tab...
2026-04-21 15:24:17,173 - [TRACE] Attempting to click element (primary selector: ('class name', 'com.google.android.material.floatingactionbutton.FloatingActionButton'))
2026-04-21 15:24:17,173 - [TRACE] Attempting to find element (primary selector: ('class name', 'com.google.android.material.floatingactionbutton.FloatingActionButton'))
2026-04-21 15:24:27,946 - [DEBUG] Selector ('class name', 'com.google.android.material.floatingactionbutton.FloatingActionButton') failed. Trying next fallback...
2026-04-21 15:24:38,925 - [DEBUG] Selector ('xpath', '//com.google.android.material.floatingactionbutton.FloatingActionButton') failed. Trying next fallback...
2026-04-21 15:24:52,459 - [DEBUG] Selector ('xpath', "//*[contains(@resource-id, 'fab') or contains(@resource-id, 'chat') or contains(@resource-id, 'comment_button')]") failed. Trying next fallback...
2026-04-21 15:25:03,102 - [DEBUG] Selector ('id', 'com.sofascore.results:id/multiStateFab') failed. Trying next fallback...
2026-04-21 15:25:13,733 - [DEBUG] Selector ('id', 'com.sofascore.results:id/multi_state_fab') failed. Trying next fallback...
2026-04-21 15:25:24,801 - [DEBUG] Selector ('accessibility id', 'Chat') failed. Trying next fallback...
2026-04-21 15:25:35,890 - [DEBUG] Selector ('accessibility id', 'Comments') failed. Trying next fallback...
2026-04-21 15:25:46,799 - [DEBUG] Selector ('accessibility id', 'Discussion') failed. Trying next fallback...
2026-04-21 15:25:48,638 - [TRACE] Sleeping for 1.26 seconds...
2026-04-21 15:25:49,903 - [INFO] Successfully clicked Discussion tab.
2026-04-21 15:25:49,903 - [TRACE] Simulating human behavior (scrolling/reading)...
2026-04-21 15:25:50,531 - [TRACE] Sleeping for 1.74 seconds...
2026-04-21 15:25:52,268 - [INFO] [user1] Polling match state for an event...
2026-04-21 15:25:52,269 - [INFO] [user1] Event detected (or bypassed). Preparing to comment...
2026-04-21 15:25:52,269 - [TRACE] Simulating human behavior (scrolling/reading)...
2026-04-21 15:25:52,336 - [TRACE] Sleeping for 2.68 seconds...
2026-04-21 15:25:55,013 - [INFO] Attempting to post comment: 'I expected more goals by now.'
2026-04-21 15:25:55,013 - [TRACE] Post comment attempt 1/3
2026-04-21 15:25:55,013 - [TRACE] Attempting to find element (primary selector: ('id', 'com.sofascore.results:id/comment_input'))
2026-04-21 15:26:06,052 - [DEBUG] Selector ('id', 'com.sofascore.results:id/comment_input') failed. Trying next fallback...
2026-04-21 15:26:17,174 - [DEBUG] Selector ('xpath', '//android.widget.EditText') failed. Trying next fallback...
2026-04-21 15:26:17,174 - [WARNING] Could not find element with robust selectors (Attempt 1/1).
2026-04-21 15:26:17,175 - [ERROR] Failed to find element after all retries. Selectors: [('id', 'com.sofascore.results:id/comment_input'), ('xpath', '//android.widget.EditText')]
2026-04-21 15:26:17,175 - [WARNING] Comment input box not visible. Attempting recovery to discussion tab...
2026-04-21 15:26:17,176 - [TRACE] Navigating to Discussion Tab...
2026-04-21 15:26:17,176 - [TRACE] Attempting to click element (primary selector: ('class name', 'com.google.android.material.floatingactionbutton.FloatingActionButton'))
2026-04-21 15:26:17,176 - [TRACE] Attempting to find element (primary selector: ('class name', 'com.google.android.material.floatingactionbutton.FloatingActionButton'))
2026-04-21 15:26:27,777 - [DEBUG] Selector ('class name', 'com.google.android.material.floatingactionbutton.FloatingActionButton') failed. Trying next fallback...
2026-04-21 15:26:38,469 - [DEBUG] Selector ('xpath', '//com.google.android.material.floatingactionbutton.FloatingActionButton') failed. Trying next fallback...
2026-04-21 15:26:39,876 - [TRACE] Sleeping for 1.27 seconds...
2026-04-21 15:26:41,151 - [INFO] Successfully clicked Discussion tab.
2026-04-21 15:26:41,152 - [TRACE] Attempting to type into element (primary selector: ('id', 'com.sofascore.results:id/comment_input'))
2026-04-21 15:26:41,152 - [TRACE] Attempting to find element (primary selector: ('id', 'com.sofascore.results:id/comment_input'))
2026-04-21 15:26:51,758 - [DEBUG] Selector ('id', 'com.sofascore.results:id/comment_input') failed. Trying next fallback...
2026-04-21 15:26:52,166 - [TRACE] Sleeping for 0.73 seconds...
2026-04-21 15:26:54,907 - [TRACE] Sleeping for 1.18 seconds...
2026-04-21 15:26:56,084 - [INFO] [DRY RUN] Would click Send to post: 'I expected more goals by now.'
2026-04-21 15:26:56,085 - [SUCCESS] Comment simulated successfully (Dry Run).
2026-04-21 15:26:56,085 - [TRACE] Account user1 total comments posted upgraded to 1
2026-04-21 15:26:56,086 - [SUCCESS] [user1] Comment sequence complete! Waiting 120s before tearing down session.
2026-04-21 15:28:56,086 - [INFO] [user1] Account cycle finished.
2026-04-21 15:28:56,087 - [INFO] [user1] Closing session cleanly...
2026-04-21 15:29:04,243 - [WARNING] [user1] Error quitting driver: HTTPConnectionPool(host='127.0.0.1', port=4723): Max retries exceeded with url: /session/e28ed802-ec3e-4e16-83de-3578f7976e6a (Caused by NewConnectionError("HTTPConnection(host='127.0.0.1', port=4723): Failed to establish a new connection: [WinError 10061] No connection could be made because the target machine actively refused it"))
2026-04-21 15:29:04,244 - [INFO] [user1] Session closed and device proxy reset.
2026-04-21 15:29:04,245 - [INFO] Resting for 30s before next account...
2026-04-21 15:29:34,246 - [INFO] Running account: user1
2026-04-21 15:29:34,246 - [INFO] [user1] Starting Appium session on device R3CMB0CDBPT...
2026-04-21 15:29:42,383 - [ERROR] [user1] Failed to start Appium session: HTTPConnectionPool(host='127.0.0.1', port=4723): Max retries exceeded with url: /session (Caused by NewConnectionError("HTTPConnection(host='127.0.0.1', port=4723): Failed to establish a new connection: [WinError 10061] No connection could be made because the target machine actively refused it"))
Traceback (most recent call last):
  File "C:\Users\Lenovo\AppData\Roaming\Python\Python314\site-packages\urllib3\connection.py", line 204, in _new_conn
    sock = connection.create_connection(
        (self._dns_host, self.port),
    ...<2 lines>...
        socket_options=self.socket_options,
    )
  File "C:\Users\Lenovo\AppData\Roaming\Python\Python314\site-packages\urllib3\util\connection.py", line 85, in create_connection
    raise err
  File "C:\Users\Lenovo\AppData\Roaming\Python\Python314\site-packages\urllib3\util\connection.py", line 73, in create_connection
    sock.connect(sa)
    ~~~~~~~~~~~~^^^^
ConnectionRefusedError: [WinError 10061] No connection could be made because the target machine actively refused it

The above exception was the direct cause of the following exception:

Traceback (most recent call last):
  File "C:\Users\Lenovo\AppData\Roaming\Python\Python314\site-packages\urllib3\connectionpool.py", line 787, in urlopen
    response = self._make_request(
        conn,
    ...<10 lines>...
        **response_kw,
    )
  File "C:\Users\Lenovo\AppData\Roaming\Python\Python314\site-packages\urllib3\connectionpool.py", line 493, in _make_request
    conn.request(
    ~~~~~~~~~~~~^
        method,
        ^^^^^^^
    ...<6 lines>...
        enforce_content_length=enforce_content_length,
        ^^^^^^^^^^^^^^^^^^^^^^^^^^^^^^^^^^^^^^^^^^^^^^
    )
    ^
  File "C:\Users\Lenovo\AppData\Roaming\Python\Python314\site-packages\urllib3\connection.py", line 500, in request
    self.endheaders()
    ~~~~~~~~~~~~~~~^^
  File "C:\Python314\Lib\http\client.py", line 1353, in endheaders
    self._send_output(message_body, encode_chunked=encode_chunked)
    ~~~~~~~~~~~~~~~~~^^^^^^^^^^^^^^^^^^^^^^^^^^^^^^^^^^^^^^^^^^^^^
  File "C:\Python314\Lib\http\client.py", line 1113, in _send_output
    self.send(msg)
    ~~~~~~~~~^^^^^
  File "C:\Python314\Lib\http\client.py", line 1057, in send
    self.connect()
    ~~~~~~~~~~~~^^
  File "C:\Users\Lenovo\AppData\Roaming\Python\Python314\site-packages\urllib3\connection.py", line 331, in connect
    self.sock = self._new_conn()
                ~~~~~~~~~~~~~~^^
  File "C:\Users\Lenovo\AppData\Roaming\Python\Python314\site-packages\urllib3\connection.py", line 219, in _new_conn
    raise NewConnectionError(
        self, f"Failed to establish a new connection: {e}"
    ) from e
urllib3.exceptions.NewConnectionError: HTTPConnection(host='127.0.0.1', port=4723): Failed to establish a new connection: [WinError 10061] No connection could be made because the target machine actively refused it

The above exception was the direct cause of the following exception:

Traceback (most recent call last):
  File "C:\Users\Lenovo\OneDrive\Desktop\SofaApp\core\session_manager.py", line 52, in start_session
    driver = webdriver.Remote(server_url, options=options)
  File "C:\Users\Lenovo\AppData\Roaming\Python\Python314\site-packages\appium\webdriver\webdriver.py", line 229, in __init__
    super().__init__(
    ~~~~~~~~~~~~~~~~^
        command_executor=command_executor,
        ^^^^^^^^^^^^^^^^^^^^^^^^^^^^^^^^^^
        options=options,
        ^^^^^^^^^^^^^^^^
    )
    ^
  File "C:\Users\Lenovo\AppData\Roaming\Python\Python314\site-packages\selenium\webdriver\remote\webdriver.py", line 208, in __init__
    self.start_session(capabilities)
    ~~~~~~~~~~~~~~~~~~^^^^^^^^^^^^^^
  File "C:\Users\Lenovo\AppData\Roaming\Python\Python314\site-packages\appium\webdriver\webdriver.py", line 321, in start_session
    response = self.execute(RemoteCommand.NEW_SESSION, w3c_caps)
  File "C:\Users\Lenovo\AppData\Roaming\Python\Python314\site-packages\selenium\webdriver\remote\webdriver.py", line 345, in execute
    response = self.command_executor.execute(driver_command, params)
  File "C:\Users\Lenovo\AppData\Roaming\Python\Python314\site-packages\selenium\webdriver\remote\remote_connection.py", line 300, in execute
    return self._request(command_info[0], url, body=data)
           ~~~~~~~~~~~~~^^^^^^^^^^^^^^^^^^^^^^^^^^^^^^^^^
  File "C:\Users\Lenovo\AppData\Roaming\Python\Python314\site-packages\selenium\webdriver\remote\remote_connection.py", line 321, in _request
    response = self._conn.request(method, url, body=body, headers=headers)
  File "C:\Users\Lenovo\AppData\Roaming\Python\Python314\site-packages\urllib3\_request_methods.py", line 143, in request
    return self.request_encode_body(
           ~~~~~~~~~~~~~~~~~~~~~~~~^
        method, url, fields=fields, headers=headers, **urlopen_kw
        ^^^^^^^^^^^^^^^^^^^^^^^^^^^^^^^^^^^^^^^^^^^^^^^^^^^^^^^^^
    )
    ^
  File "C:\Users\Lenovo\AppData\Roaming\Python\Python314\site-packages\urllib3\_request_methods.py", line 278, in request_encode_body
    return self.urlopen(method, url, **extra_kw)
           ~~~~~~~~~~~~^^^^^^^^^^^^^^^^^^^^^^^^^
  File "C:\Users\Lenovo\AppData\Roaming\Python\Python314\site-packages\urllib3\poolmanager.py", line 457, in urlopen
    response = conn.urlopen(method, u.request_uri, **kw)
  File "C:\Users\Lenovo\AppData\Roaming\Python\Python314\site-packages\urllib3\connectionpool.py", line 871, in urlopen
    return self.urlopen(
           ~~~~~~~~~~~~^
        method,
        ^^^^^^^
    ...<13 lines>...
        **response_kw,
        ^^^^^^^^^^^^^^
    )
    ^
  File "C:\Users\Lenovo\AppData\Roaming\Python\Python314\site-packages\urllib3\connectionpool.py", line 871, in urlopen
    return self.urlopen(
           ~~~~~~~~~~~~^
        method,
        ^^^^^^^
    ...<13 lines>...
        **response_kw,
        ^^^^^^^^^^^^^^
    )
    ^
  File "C:\Users\Lenovo\AppData\Roaming\Python\Python314\site-packages\urllib3\connectionpool.py", line 871, in urlopen
    return self.urlopen(
           ~~~~~~~~~~~~^
        method,
        ^^^^^^^
    ...<13 lines>...
        **response_kw,
        ^^^^^^^^^^^^^^
    )
    ^
  File "C:\Users\Lenovo\AppData\Roaming\Python\Python314\site-packages\urllib3\connectionpool.py", line 841, in urlopen
    retries = retries.increment(
        method, url, error=new_e, _pool=self, _stacktrace=sys.exc_info()[2]
    )
  File "C:\Users\Lenovo\AppData\Roaming\Python\Python314\site-packages\urllib3\util\retry.py", line 535, in increment
    raise MaxRetryError(_pool, url, reason) from reason  # type: ignore[arg-type]
    ^^^^^^^^^^^^^^^^^^^^^^^^^^^^^^^^^^^^^^^^^^^^^^^^^^^
urllib3.exceptions.MaxRetryError: HTTPConnectionPool(host='127.0.0.1', port=4723): Max retries exceeded with url: /session (Caused by NewConnectionError("HTTPConnection(host='127.0.0.1', port=4723): Failed to establish a new connection: [WinError 10061] No connection could be made because the target machine actively refused it"))
2026-04-21 15:29:42,408 - [WARNING] Account user1 marked as failed. Reason: Session failed to start
2026-04-21 15:29:42,408 - [WARNING] All accounts have failed or hit limits. Stopping scheduler.
2026-04-21 15:29:42,408 - [INFO] Bot execution terminated.
2026-04-21 22:26:58,249 - [INFO] Bot started - Sofascore Automation System
2026-04-21 22:26:58,250 - [INFO] Execution Mode: sequential
2026-04-21 22:26:58,268 - [INFO] Loaded 1 accounts.
2026-04-21 22:26:58,270 - [INFO] Starting execution pool.
2026-04-21 22:26:58,272 - [INFO] Running account: user1
2026-04-21 22:26:58,272 - [INFO] [user1] Starting Appium session on device R3CMB0CDBPT...
2026-04-21 22:27:05,083 - [INFO] [user1] Connected to device successfully.
2026-04-21 22:27:05,085 - [TRACE] Sleeping for 4.85 seconds...
2026-04-21 22:27:09,937 - [INFO] [user1] Navigating to discussion tab...
2026-04-21 22:27:09,938 - [TRACE] Navigating to Discussion Tab...
2026-04-21 22:27:09,938 - [TRACE] Attempting to click element (primary selector: ('id', 'com.sofascore.results:id/multiStateFab'))
2026-04-21 22:27:33,064 - [DEBUG] Click failed for ('id', 'com.sofascore.results:id/multiStateFab'): Message: 
Stacktrace:
NoSuchElementError: An element could not be located on the page using the given search parameters.
    at AndroidUiautomator2Driver.findElOrEls (C:\Users\Lenovo\.appium\node_modules\appium-uiautomator2-driver\node_modules\appium-android-driver\build\lib\commands\find.js:62:15)
    at process.processTicksAndRejections (node:internal/process/task_queues:104:5)
    at async AndroidUiautomator2Driver.findElOrElsWithProcessing (C:\Users\Lenovo\AppData\Roaming\npm\node_modules\appium\node_modules\@appium\base-driver\build\lib\basedriver\commands\find.js:12:16)
    at async AndroidUiautomator2Driver.findElement (C:\Users\Lenovo\AppData\Roaming\npm\node_modules\appium\node_modules\@appium\base-driver\build\lib\basedriver\commands\find.js:27:16)
2026-04-21 22:28:02,156 - [DEBUG] Click failed for ('id', 'com.sofascore.results:id/multi_state_fab'): Message: 
Stacktrace:
NoSuchElementError: An element could not be located on the page using the given search parameters.
    at AndroidUiautomator2Driver.findElOrEls (C:\Users\Lenovo\.appium\node_modules\appium-uiautomator2-driver\node_modules\appium-android-driver\build\lib\commands\find.js:62:15)
    at process.processTicksAndRejections (node:internal/process/task_queues:104:5)
    at async AndroidUiautomator2Driver.findElOrElsWithProcessing (C:\Users\Lenovo\AppData\Roaming\npm\node_modules\appium\node_modules\@appium\base-driver\build\lib\basedriver\commands\find.js:12:16)
    at async AndroidUiautomator2Driver.findElement (C:\Users\Lenovo\AppData\Roaming\npm\node_modules\appium\node_modules\@appium\base-driver\build\lib\basedriver\commands\find.js:27:16)
2026-04-21 22:28:25,097 - [DEBUG] Click failed for ('accessibility id', 'Chat'): Message: 
Stacktrace:
NoSuchElementError: An element could not be located on the page using the given search parameters.
    at AndroidUiautomator2Driver.findElOrEls (C:\Users\Lenovo\.appium\node_modules\appium-uiautomator2-driver\node_modules\appium-android-driver\build\lib\commands\find.js:62:15)
    at process.processTicksAndRejections (node:internal/process/task_queues:104:5)
    at async AndroidUiautomator2Driver.findElOrElsWithProcessing (C:\Users\Lenovo\AppData\Roaming\npm\node_modules\appium\node_modules\@appium\base-driver\build\lib\basedriver\commands\find.js:12:16)
    at async AndroidUiautomator2Driver.findElement (C:\Users\Lenovo\AppData\Roaming\npm\node_modules\appium\node_modules\@appium\base-driver\build\lib\basedriver\commands\find.js:27:16)
2026-04-21 22:28:48,079 - [DEBUG] Click failed for ('accessibility id', 'Comments'): Message: 
Stacktrace:
NoSuchElementError: An element could not be located on the page using the given search parameters.
    at AndroidUiautomator2Driver.findElOrEls (C:\Users\Lenovo\.appium\node_modules\appium-uiautomator2-driver\node_modules\appium-android-driver\build\lib\commands\find.js:62:15)
    at process.processTicksAndRejections (node:internal/process/task_queues:104:5)
    at async AndroidUiautomator2Driver.findElOrElsWithProcessing (C:\Users\Lenovo\AppData\Roaming\npm\node_modules\appium\node_modules\@appium\base-driver\build\lib\basedriver\commands\find.js:12:16)
    at async AndroidUiautomator2Driver.findElement (C:\Users\Lenovo\AppData\Roaming\npm\node_modules\appium\node_modules\@appium\base-driver\build\lib\basedriver\commands\find.js:27:16)
2026-04-21 22:29:12,041 - [DEBUG] Click failed for ('accessibility id', 'Discussion'): Message: 
Stacktrace:
NoSuchElementError: An element could not be located on the page using the given search parameters.
    at AndroidUiautomator2Driver.findElOrEls (C:\Users\Lenovo\.appium\node_modules\appium-uiautomator2-driver\node_modules\appium-android-driver\build\lib\commands\find.js:62:15)
    at process.processTicksAndRejections (node:internal/process/task_queues:104:5)
    at async AndroidUiautomator2Driver.findElOrElsWithProcessing (C:\Users\Lenovo\AppData\Roaming\npm\node_modules\appium\node_modules\@appium\base-driver\build\lib\basedriver\commands\find.js:12:16)
    at async AndroidUiautomator2Driver.findElement (C:\Users\Lenovo\AppData\Roaming\npm\node_modules\appium\node_modules\@appium\base-driver\build\lib\basedriver\commands\find.js:27:16)
2026-04-21 22:29:34,019 - [DEBUG] Click failed for ('-android uiautomator', 'new UiSelector().className("com.google.android.material.floatingactionbutton.FloatingActionButton")'): Message: 
Stacktrace:
NoSuchElementError: An element could not be located on the page using the given search parameters.
    at AndroidUiautomator2Driver.findElOrEls (C:\Users\Lenovo\.appium\node_modules\appium-uiautomator2-driver\node_modules\appium-android-driver\build\lib\commands\find.js:62:15)
    at process.processTicksAndRejections (node:internal/process/task_queues:104:5)
    at async AndroidUiautomator2Driver.findElOrElsWithProcessing (C:\Users\Lenovo\AppData\Roaming\npm\node_modules\appium\node_modules\@appium\base-driver\build\lib\basedriver\commands\find.js:12:16)
    at async AndroidUiautomator2Driver.findElement (C:\Users\Lenovo\AppData\Roaming\npm\node_modules\appium\node_modules\@appium\base-driver\build\lib\basedriver\commands\find.js:27:16)
2026-04-21 22:29:57,063 - [DEBUG] Click failed for ('class name', 'com.google.android.material.floatingactionbutton.FloatingActionButton'): Message: 
Stacktrace:
NoSuchElementError: An element could not be located on the page using the given search parameters.
    at AndroidUiautomator2Driver.findElOrEls (C:\Users\Lenovo\.appium\node_modules\appium-uiautomator2-driver\node_modules\appium-android-driver\build\lib\commands\find.js:62:15)
    at process.processTicksAndRejections (node:internal/process/task_queues:104:5)
    at async AndroidUiautomator2Driver.findElOrElsWithProcessing (C:\Users\Lenovo\AppData\Roaming\npm\node_modules\appium\node_modules\@appium\base-driver\build\lib\basedriver\commands\find.js:12:16)
    at async AndroidUiautomator2Driver.findElement (C:\Users\Lenovo\AppData\Roaming\npm\node_modules\appium\node_modules\@appium\base-driver\build\lib\basedriver\commands\find.js:27:16)
2026-04-21 22:30:04,727 - [SUCCESS] Successfully clicked element via xpath: //*[contains(@resource-id, 'fab') or contains(@resource-id, 'chat') or contains(@resource-id, 'comment_button')]
2026-04-21 22:30:04,727 - [TRACE] Sleeping for 2.90 seconds...
2026-04-21 22:30:07,625 - [INFO] Successfully clicked Discussion tab.
2026-04-21 22:30:07,626 - [TRACE] Simulating human behavior (scrolling/reading)...
2026-04-21 22:30:07,668 - [TRACE] Sleeping for 2.97 seconds...
2026-04-21 22:30:10,638 - [INFO] [user1] Polling match state for an event...
2026-04-21 22:30:10,639 - [INFO] [user1] Event detected. Preparing to comment...
2026-04-21 22:30:10,639 - [TRACE] Simulating human behavior (scrolling/reading)...
2026-04-21 22:30:11,310 - [TRACE] Sleeping for 1.77 seconds...
2026-04-21 22:30:13,084 - [INFO] Attempting to post comment: 'They really need a tactical change right now.'
2026-04-21 22:30:13,085 - [TRACE] Post comment attempt 1/3
2026-04-21 22:30:13,085 - [TRACE] Attempting to find element (primary selector: ('id', 'com.sofascore.results:id/comment_input'))
2026-04-21 22:30:24,018 - [DEBUG] Selector ('id', 'com.sofascore.results:id/comment_input') failed: Message: 
Stacktrace:
NoSuchElementError: An element could not be located on the page using the given search parameters.
    at AndroidUiautomator2Driver.findElOrEls (C:\Users\Lenovo\.appium\node_modules\appium-uiautomator2-driver\node_modules\appium-android-driver\build\lib\commands\find.js:62:15)
    at process.processTicksAndRejections (node:internal/process/task_queues:104:5)
    at async AndroidUiautomator2Driver.findElOrElsWithProcessing (C:\Users\Lenovo\AppData\Roaming\npm\node_modules\appium\node_modules\@appium\base-driver\build\lib\basedriver\commands\find.js:12:16)
    at async AndroidUiautomator2Driver.findElement (C:\Users\Lenovo\AppData\Roaming\npm\node_modules\appium\node_modules\@appium\base-driver\build\lib\basedriver\commands\find.js:27:16)
2026-04-21 22:30:34,997 - [DEBUG] Selector ('id', 'com.sofascore.results:id/input') failed: Message: 
Stacktrace:
NoSuchElementError: An element could not be located on the page using the given search parameters.
    at AndroidUiautomator2Driver.findElOrEls (C:\Users\Lenovo\.appium\node_modules\appium-uiautomator2-driver\node_modules\appium-android-driver\build\lib\commands\find.js:62:15)
    at process.processTicksAndRejections (node:internal/process/task_queues:104:5)
    at async AndroidUiautomator2Driver.findElOrElsWithProcessing (C:\Users\Lenovo\AppData\Roaming\npm\node_modules\appium\node_modules\@appium\base-driver\build\lib\basedriver\commands\find.js:12:16)
    at async AndroidUiautomator2Driver.findElement (C:\Users\Lenovo\AppData\Roaming\npm\node_modules\appium\node_modules\@appium\base-driver\build\lib\basedriver\commands\find.js:27:16)
2026-04-21 22:30:43,077 - [SUCCESS] Element found via -android uiautomator: new UiSelector().className("android.widget.EditText")
2026-04-21 22:30:43,077 - [TRACE] Simulating reading prior to formulating reply...
2026-04-21 22:30:43,077 - [ERROR] [user1] Encountered fatal error during cycle: name 'time' is not defined
Traceback (most recent call last):
  File "C:\Users\Lenovo\OneDrive\Desktop\SofaApp\core\scheduler.py", line 56, in run_sequential
    self._run_account_cycle(username, driver, account)
    ~~~~~~~~~~~~~~~~~~~~~~~^^^^^^^^^^^^^^^^^^^^^^^^^^^
  File "C:\Users\Lenovo\OneDrive\Desktop\SofaApp\core\scheduler.py", line 122, in _run_account_cycle
    success = actions.post_comment(selected_comment, dry_run=dry_run_enabled)
  File "C:\Users\Lenovo\OneDrive\Desktop\SofaApp\core\actions.py", line 72, in post_comment
    time.sleep(random.uniform(2.0, 5.0))
    ^^^^
NameError: name 'time' is not defined. Did you forget to import 'time'?
2026-04-21 22:30:43,085 - [WARNING] [user1] Session crashed. Recording failure.
2026-04-21 22:30:43,086 - [INFO] [user1] Closing session cleanly...
2026-04-21 22:30:43,766 - [INFO] [user1] Session closed and device proxy reset.
2026-04-21 22:30:43,767 - [INFO] Resting for 30s before next account...
2026-04-21 22:31:13,769 - [INFO] Running account: user1
2026-04-21 22:31:13,770 - [INFO] [user1] Starting Appium session on device R3CMB0CDBPT...
2026-04-21 22:31:18,466 - [INFO] [user1] Connected to device successfully.
2026-04-21 22:31:18,467 - [TRACE] Sleeping for 4.36 seconds...
2026-04-21 22:31:22,831 - [INFO] [user1] Navigating to discussion tab...
2026-04-21 22:31:22,833 - [TRACE] Navigating to Discussion Tab...
2026-04-21 22:31:22,833 - [TRACE] Attempting to click element (primary selector: ('id', 'com.sofascore.results:id/multiStateFab'))
2026-04-21 22:31:37,396 - [DEBUG] Click failed for ('id', 'com.sofascore.results:id/multiStateFab'): Message: The process has received SIGINT signal
Stacktrace:
UnknownError: The process has received SIGINT signal
    at getResponseForW3CError (C:\Users\Lenovo\AppData\Roaming\npm\node_modules\appium\node_modules\@appium\base-driver\build\lib\protocol\errors.js:824:36)
    at asyncHandler (C:\Users\Lenovo\AppData\Roaming\npm\node_modules\appium\node_modules\@appium\base-driver\build\lib\protocol\protocol.js:430:77)
    at runNextTicks (node:internal/process/task_queues:65:5)
    at process.processImmediate (node:internal/timers:472:9)
The above error is caused by
Error: The process has received SIGINT signal
    at C:\Users\Lenovo\AppData\Roaming\npm\node_modules\appium\build\lib\appium.js:479:105
    at Array.map (<anonymous>)
    at AppiumDriver.deleteAllSessions (C:\Users\Lenovo\AppData\Roaming\npm\node_modules\appium\build\lib\appium.js:479:54)
    at AppiumDriver.shutdown (C:\Users\Lenovo\AppData\Roaming\npm\node_modules\appium\build\lib\appium.js:185:20)
    at process.onSignal (C:\Users\Lenovo\AppData\Roaming\npm\node_modules\appium\build\lib\main.js:378:36)
    at Object.onceWrapper (node:events:623:26)
    at process.emit (node:events:520:35)
2026-04-21 22:31:37,405 - [DEBUG] Click failed for ('id', 'com.sofascore.results:id/multi_state_fab'): Message: A session is either terminated or not started
Stacktrace:
NoSuchDriverError: A session is either terminated or not started
    at asyncHandler (C:\Users\Lenovo\AppData\Roaming\npm\node_modules\appium\node_modules\@appium\base-driver\build\lib\protocol\protocol.js:293:23)
    at C:\Users\Lenovo\AppData\Roaming\npm\node_modules\appium\node_modules\@appium\base-driver\build\lib\protocol\protocol.js:447:36
    at Layer.handleRequest (C:\Users\Lenovo\AppData\Roaming\npm\node_modules\appium\node_modules\router\lib\layer.js:152:17)
    at next (C:\Users\Lenovo\AppData\Roaming\npm\node_modules\appium\node_modules\router\lib\route.js:157:13)
    at Route.dispatch (C:\Users\Lenovo\AppData\Roaming\npm\node_modules\appium\node_modules\router\lib\route.js:117:3)
    at handle (C:\Users\Lenovo\AppData\Roaming\npm\node_modules\appium\node_modules\router\index.js:435:11)
    at Layer.handleRequest (C:\Users\Lenovo\AppData\Roaming\npm\node_modules\appium\node_modules\router\lib\layer.js:152:17)
    at C:\Users\Lenovo\AppData\Roaming\npm\node_modules\appium\node_modules\router\index.js:295:15
    at param (C:\Users\Lenovo\AppData\Roaming\npm\node_modules\appium\node_modules\router\index.js:600:14)
    at param (C:\Users\Lenovo\AppData\Roaming\npm\node_modules\appium\node_modules\router\index.js:610:14)
    at processParams (C:\Users\Lenovo\AppData\Roaming\npm\node_modules\appium\node_modules\router\index.js:664:3)
    at next (C:\Users\Lenovo\AppData\Roaming\npm\node_modules\appium\node_modules\router\index.js:291:5)
    at logger (C:\Users\Lenovo\AppData\Roaming\npm\node_modules\appium\node_modules\morgan\index.js:144:5)
    at Layer.handleRequest (C:\Users\Lenovo\AppData\Roaming\npm\node_modules\appium\node_modules\router\lib\layer.js:152:17)
    at trimPrefix (C:\Users\Lenovo\AppData\Roaming\npm\node_modules\appium\node_modules\router\index.js:342:13)
    at C:\Users\Lenovo\AppData\Roaming\npm\node_modules\appium\node_modules\router\index.js:297:9
    at processParams (C:\Users\Lenovo\AppData\Roaming\npm\node_modules\appium\node_modules\router\index.js:582:12)
    at next (C:\Users\Lenovo\AppData\Roaming\npm\node_modules\appium\node_modules\router\index.js:291:5)
    at C:\Users\Lenovo\AppData\Roaming\npm\node_modules\appium\node_modules\body-parser\lib\read.js:171:5
    at AsyncResource.runInAsyncScope (node:async_hooks:228:14)
    at invokeCallback (C:\Users\Lenovo\AppData\Roaming\npm\node_modules\appium\node_modules\raw-body\index.js:238:16)
    at done (C:\Users\Lenovo\AppData\Roaming\npm\node_modules\appium\node_modules\raw-body\index.js:227:7)
2026-04-21 22:31:37,412 - [DEBUG] Click failed for ('accessibility id', 'Chat'): Message: A session is either terminated or not started
Stacktrace:
NoSuchDriverError: A session is either terminated or not started
    at asyncHandler (C:\Users\Lenovo\AppData\Roaming\npm\node_modules\appium\node_modules\@appium\base-driver\build\lib\protocol\protocol.js:293:23)
    at C:\Users\Lenovo\AppData\Roaming\npm\node_modules\appium\node_modules\@appium\base-driver\build\lib\protocol\protocol.js:447:36
    at Layer.handleRequest (C:\Users\Lenovo\AppData\Roaming\npm\node_modules\appium\node_modules\router\lib\layer.js:152:17)
    at next (C:\Users\Lenovo\AppData\Roaming\npm\node_modules\appium\node_modules\router\lib\route.js:157:13)
    at Route.dispatch (C:\Users\Lenovo\AppData\Roaming\npm\node_modules\appium\node_modules\router\lib\route.js:117:3)
    at handle (C:\Users\Lenovo\AppData\Roaming\npm\node_modules\appium\node_modules\router\index.js:435:11)
    at Layer.handleRequest (C:\Users\Lenovo\AppData\Roaming\npm\node_modules\appium\node_modules\router\lib\layer.js:152:17)
    at C:\Users\Lenovo\AppData\Roaming\npm\node_modules\appium\node_modules\router\index.js:295:15
    at param (C:\Users\Lenovo\AppData\Roaming\npm\node_modules\appium\node_modules\router\index.js:600:14)
    at param (C:\Users\Lenovo\AppData\Roaming\npm\node_modules\appium\node_modules\router\index.js:610:14)
    at processParams (C:\Users\Lenovo\AppData\Roaming\npm\node_modules\appium\node_modules\router\index.js:664:3)
    at next (C:\Users\Lenovo\AppData\Roaming\npm\node_modules\appium\node_modules\router\index.js:291:5)
    at logger (C:\Users\Lenovo\AppData\Roaming\npm\node_modules\appium\node_modules\morgan\index.js:144:5)
    at Layer.handleRequest (C:\Users\Lenovo\AppData\Roaming\npm\node_modules\appium\node_modules\router\lib\layer.js:152:17)
    at trimPrefix (C:\Users\Lenovo\AppData\Roaming\npm\node_modules\appium\node_modules\router\index.js:342:13)
    at C:\Users\Lenovo\AppData\Roaming\npm\node_modules\appium\node_modules\router\index.js:297:9
    at processParams (C:\Users\Lenovo\AppData\Roaming\npm\node_modules\appium\node_modules\router\index.js:582:12)
    at next (C:\Users\Lenovo\AppData\Roaming\npm\node_modules\appium\node_modules\router\index.js:291:5)
    at C:\Users\Lenovo\AppData\Roaming\npm\node_modules\appium\node_modules\body-parser\lib\read.js:171:5
    at AsyncResource.runInAsyncScope (node:async_hooks:228:14)
    at invokeCallback (C:\Users\Lenovo\AppData\Roaming\npm\node_modules\appium\node_modules\raw-body\index.js:238:16)
    at done (C:\Users\Lenovo\AppData\Roaming\npm\node_modules\appium\node_modules\raw-body\index.js:227:7)
2026-04-21 22:31:37,418 - [DEBUG] Click failed for ('accessibility id', 'Comments'): Message: A session is either terminated or not started
Stacktrace:
NoSuchDriverError: A session is either terminated or not started
    at asyncHandler (C:\Users\Lenovo\AppData\Roaming\npm\node_modules\appium\node_modules\@appium\base-driver\build\lib\protocol\protocol.js:293:23)
    at C:\Users\Lenovo\AppData\Roaming\npm\node_modules\appium\node_modules\@appium\base-driver\build\lib\protocol\protocol.js:447:36
    at Layer.handleRequest (C:\Users\Lenovo\AppData\Roaming\npm\node_modules\appium\node_modules\router\lib\layer.js:152:17)
    at next (C:\Users\Lenovo\AppData\Roaming\npm\node_modules\appium\node_modules\router\lib\route.js:157:13)
    at Route.dispatch (C:\Users\Lenovo\AppData\Roaming\npm\node_modules\appium\node_modules\router\lib\route.js:117:3)
    at handle (C:\Users\Lenovo\AppData\Roaming\npm\node_modules\appium\node_modules\router\index.js:435:11)
    at Layer.handleRequest (C:\Users\Lenovo\AppData\Roaming\npm\node_modules\appium\node_modules\router\lib\layer.js:152:17)
    at C:\Users\Lenovo\AppData\Roaming\npm\node_modules\appium\node_modules\router\index.js:295:15
    at param (C:\Users\Lenovo\AppData\Roaming\npm\node_modules\appium\node_modules\router\index.js:600:14)
    at param (C:\Users\Lenovo\AppData\Roaming\npm\node_modules\appium\node_modules\router\index.js:610:14)
    at processParams (C:\Users\Lenovo\AppData\Roaming\npm\node_modules\appium\node_modules\router\index.js:664:3)
    at next (C:\Users\Lenovo\AppData\Roaming\npm\node_modules\appium\node_modules\router\index.js:291:5)
    at logger (C:\Users\Lenovo\AppData\Roaming\npm\node_modules\appium\node_modules\morgan\index.js:144:5)
    at Layer.handleRequest (C:\Users\Lenovo\AppData\Roaming\npm\node_modules\appium\node_modules\router\lib\layer.js:152:17)
    at trimPrefix (C:\Users\Lenovo\AppData\Roaming\npm\node_modules\appium\node_modules\router\index.js:342:13)
    at C:\Users\Lenovo\AppData\Roaming\npm\node_modules\appium\node_modules\router\index.js:297:9
    at processParams (C:\Users\Lenovo\AppData\Roaming\npm\node_modules\appium\node_modules\router\index.js:582:12)
    at next (C:\Users\Lenovo\AppData\Roaming\npm\node_modules\appium\node_modules\router\index.js:291:5)
    at C:\Users\Lenovo\AppData\Roaming\npm\node_modules\appium\node_modules\body-parser\lib\read.js:171:5
    at AsyncResource.runInAsyncScope (node:async_hooks:228:14)
    at invokeCallback (C:\Users\Lenovo\AppData\Roaming\npm\node_modules\appium\node_modules\raw-body\index.js:238:16)
    at done (C:\Users\Lenovo\AppData\Roaming\npm\node_modules\appium\node_modules\raw-body\index.js:227:7)
2026-04-21 22:31:37,425 - [DEBUG] Click failed for ('accessibility id', 'Discussion'): Message: A session is either terminated or not started
Stacktrace:
NoSuchDriverError: A session is either terminated or not started
    at asyncHandler (C:\Users\Lenovo\AppData\Roaming\npm\node_modules\appium\node_modules\@appium\base-driver\build\lib\protocol\protocol.js:293:23)
    at C:\Users\Lenovo\AppData\Roaming\npm\node_modules\appium\node_modules\@appium\base-driver\build\lib\protocol\protocol.js:447:36
    at Layer.handleRequest (C:\Users\Lenovo\AppData\Roaming\npm\node_modules\appium\node_modules\router\lib\layer.js:152:17)
    at next (C:\Users\Lenovo\AppData\Roaming\npm\node_modules\appium\node_modules\router\lib\route.js:157:13)
    at Route.dispatch (C:\Users\Lenovo\AppData\Roaming\npm\node_modules\appium\node_modules\router\lib\route.js:117:3)
    at handle (C:\Users\Lenovo\AppData\Roaming\npm\node_modules\appium\node_modules\router\index.js:435:11)
    at Layer.handleRequest (C:\Users\Lenovo\AppData\Roaming\npm\node_modules\appium\node_modules\router\lib\layer.js:152:17)
    at C:\Users\Lenovo\AppData\Roaming\npm\node_modules\appium\node_modules\router\index.js:295:15
    at param (C:\Users\Lenovo\AppData\Roaming\npm\node_modules\appium\node_modules\router\index.js:600:14)
    at param (C:\Users\Lenovo\AppData\Roaming\npm\node_modules\appium\node_modules\router\index.js:610:14)
    at processParams (C:\Users\Lenovo\AppData\Roaming\npm\node_modules\appium\node_modules\router\index.js:664:3)
    at next (C:\Users\Lenovo\AppData\Roaming\npm\node_modules\appium\node_modules\router\index.js:291:5)
    at logger (C:\Users\Lenovo\AppData\Roaming\npm\node_modules\appium\node_modules\morgan\index.js:144:5)
    at Layer.handleRequest (C:\Users\Lenovo\AppData\Roaming\npm\node_modules\appium\node_modules\router\lib\layer.js:152:17)
    at trimPrefix (C:\Users\Lenovo\AppData\Roaming\npm\node_modules\appium\node_modules\router\index.js:342:13)
    at C:\Users\Lenovo\AppData\Roaming\npm\node_modules\appium\node_modules\router\index.js:297:9
    at processParams (C:\Users\Lenovo\AppData\Roaming\npm\node_modules\appium\node_modules\router\index.js:582:12)
    at next (C:\Users\Lenovo\AppData\Roaming\npm\node_modules\appium\node_modules\router\index.js:291:5)
    at C:\Users\Lenovo\AppData\Roaming\npm\node_modules\appium\node_modules\body-parser\lib\read.js:171:5
    at AsyncResource.runInAsyncScope (node:async_hooks:228:14)
    at invokeCallback (C:\Users\Lenovo\AppData\Roaming\npm\node_modules\appium\node_modules\raw-body\index.js:238:16)
    at done (C:\Users\Lenovo\AppData\Roaming\npm\node_modules\appium\node_modules\raw-body\index.js:227:7)
2026-04-21 22:31:37,441 - [DEBUG] Click failed for ('-android uiautomator', 'new UiSelector().className("com.google.android.material.floatingactionbutton.FloatingActionButton")'): Message: A session is either terminated or not started
Stacktrace:
NoSuchDriverError: A session is either terminated or not started
    at asyncHandler (C:\Users\Lenovo\AppData\Roaming\npm\node_modules\appium\node_modules\@appium\base-driver\build\lib\protocol\protocol.js:293:23)
    at C:\Users\Lenovo\AppData\Roaming\npm\node_modules\appium\node_modules\@appium\base-driver\build\lib\protocol\protocol.js:447:36
    at Layer.handleRequest (C:\Users\Lenovo\AppData\Roaming\npm\node_modules\appium\node_modules\router\lib\layer.js:152:17)
    at next (C:\Users\Lenovo\AppData\Roaming\npm\node_modules\appium\node_modules\router\lib\route.js:157:13)
    at Route.dispatch (C:\Users\Lenovo\AppData\Roaming\npm\node_modules\appium\node_modules\router\lib\route.js:117:3)
    at handle (C:\Users\Lenovo\AppData\Roaming\npm\node_modules\appium\node_modules\router\index.js:435:11)
    at Layer.handleRequest (C:\Users\Lenovo\AppData\Roaming\npm\node_modules\appium\node_modules\router\lib\layer.js:152:17)
    at C:\Users\Lenovo\AppData\Roaming\npm\node_modules\appium\node_modules\router\index.js:295:15
    at param (C:\Users\Lenovo\AppData\Roaming\npm\node_modules\appium\node_modules\router\index.js:600:14)
    at param (C:\Users\Lenovo\AppData\Roaming\npm\node_modules\appium\node_modules\router\index.js:610:14)
    at processParams (C:\Users\Lenovo\AppData\Roaming\npm\node_modules\appium\node_modules\router\index.js:664:3)
    at next (C:\Users\Lenovo\AppData\Roaming\npm\node_modules\appium\node_modules\router\index.js:291:5)
    at logger (C:\Users\Lenovo\AppData\Roaming\npm\node_modules\appium\node_modules\morgan\index.js:144:5)
    at Layer.handleRequest (C:\Users\Lenovo\AppData\Roaming\npm\node_modules\appium\node_modules\router\lib\layer.js:152:17)
    at trimPrefix (C:\Users\Lenovo\AppData\Roaming\npm\node_modules\appium\node_modules\router\index.js:342:13)
    at C:\Users\Lenovo\AppData\Roaming\npm\node_modules\appium\node_modules\router\index.js:297:9
    at processParams (C:\Users\Lenovo\AppData\Roaming\npm\node_modules\appium\node_modules\router\index.js:582:12)
    at next (C:\Users\Lenovo\AppData\Roaming\npm\node_modules\appium\node_modules\router\index.js:291:5)
    at C:\Users\Lenovo\AppData\Roaming\npm\node_modules\appium\node_modules\body-parser\lib\read.js:171:5
    at AsyncResource.runInAsyncScope (node:async_hooks:228:14)
    at invokeCallback (C:\Users\Lenovo\AppData\Roaming\npm\node_modules\appium\node_modules\raw-body\index.js:238:16)
    at done (C:\Users\Lenovo\AppData\Roaming\npm\node_modules\appium\node_modules\raw-body\index.js:227:7)
2026-04-21 22:31:37,447 - [DEBUG] Click failed for ('class name', 'com.google.android.material.floatingactionbutton.FloatingActionButton'): Message: A session is either terminated or not started
Stacktrace:
NoSuchDriverError: A session is either terminated or not started
    at asyncHandler (C:\Users\Lenovo\AppData\Roaming\npm\node_modules\appium\node_modules\@appium\base-driver\build\lib\protocol\protocol.js:293:23)
    at C:\Users\Lenovo\AppData\Roaming\npm\node_modules\appium\node_modules\@appium\base-driver\build\lib\protocol\protocol.js:447:36
    at Layer.handleRequest (C:\Users\Lenovo\AppData\Roaming\npm\node_modules\appium\node_modules\router\lib\layer.js:152:17)
    at next (C:\Users\Lenovo\AppData\Roaming\npm\node_modules\appium\node_modules\router\lib\route.js:157:13)
    at Route.dispatch (C:\Users\Lenovo\AppData\Roaming\npm\node_modules\appium\node_modules\router\lib\route.js:117:3)
    at handle (C:\Users\Lenovo\AppData\Roaming\npm\node_modules\appium\node_modules\router\index.js:435:11)
    at Layer.handleRequest (C:\Users\Lenovo\AppData\Roaming\npm\node_modules\appium\node_modules\router\lib\layer.js:152:17)
    at C:\Users\Lenovo\AppData\Roaming\npm\node_modules\appium\node_modules\router\index.js:295:15
    at param (C:\Users\Lenovo\AppData\Roaming\npm\node_modules\appium\node_modules\router\index.js:600:14)
    at param (C:\Users\Lenovo\AppData\Roaming\npm\node_modules\appium\node_modules\router\index.js:610:14)
    at processParams (C:\Users\Lenovo\AppData\Roaming\npm\node_modules\appium\node_modules\router\index.js:664:3)
    at next (C:\Users\Lenovo\AppData\Roaming\npm\node_modules\appium\node_modules\router\index.js:291:5)
    at logger (C:\Users\Lenovo\AppData\Roaming\npm\node_modules\appium\node_modules\morgan\index.js:144:5)
    at Layer.handleRequest (C:\Users\Lenovo\AppData\Roaming\npm\node_modules\appium\node_modules\router\lib\layer.js:152:17)
    at trimPrefix (C:\Users\Lenovo\AppData\Roaming\npm\node_modules\appium\node_modules\router\index.js:342:13)
    at C:\Users\Lenovo\AppData\Roaming\npm\node_modules\appium\node_modules\router\index.js:297:9
    at processParams (C:\Users\Lenovo\AppData\Roaming\npm\node_modules\appium\node_modules\router\index.js:582:12)
    at next (C:\Users\Lenovo\AppData\Roaming\npm\node_modules\appium\node_modules\router\index.js:291:5)
    at C:\Users\Lenovo\AppData\Roaming\npm\node_modules\appium\node_modules\body-parser\lib\read.js:171:5
    at AsyncResource.runInAsyncScope (node:async_hooks:228:14)
    at invokeCallback (C:\Users\Lenovo\AppData\Roaming\npm\node_modules\appium\node_modules\raw-body\index.js:238:16)
    at done (C:\Users\Lenovo\AppData\Roaming\npm\node_modules\appium\node_modules\raw-body\index.js:227:7)
2026-04-21 22:31:37,453 - [DEBUG] Click failed for ('xpath', "//*[contains(@resource-id, 'fab') or contains(@resource-id, 'chat') or contains(@resource-id, 'comment_button')]"): Message: A session is either terminated or not started
Stacktrace:
NoSuchDriverError: A session is either terminated or not started
    at asyncHandler (C:\Users\Lenovo\AppData\Roaming\npm\node_modules\appium\node_modules\@appium\base-driver\build\lib\protocol\protocol.js:293:23)
    at C:\Users\Lenovo\AppData\Roaming\npm\node_modules\appium\node_modules\@appium\base-driver\build\lib\protocol\protocol.js:447:36
    at Layer.handleRequest (C:\Users\Lenovo\AppData\Roaming\npm\node_modules\appium\node_modules\router\lib\layer.js:152:17)
    at next (C:\Users\Lenovo\AppData\Roaming\npm\node_modules\appium\node_modules\router\lib\route.js:157:13)
    at Route.dispatch (C:\Users\Lenovo\AppData\Roaming\npm\node_modules\appium\node_modules\router\lib\route.js:117:3)
    at handle (C:\Users\Lenovo\AppData\Roaming\npm\node_modules\appium\node_modules\router\index.js:435:11)
    at Layer.handleRequest (C:\Users\Lenovo\AppData\Roaming\npm\node_modules\appium\node_modules\router\lib\layer.js:152:17)
    at C:\Users\Lenovo\AppData\Roaming\npm\node_modules\appium\node_modules\router\index.js:295:15
    at param (C:\Users\Lenovo\AppData\Roaming\npm\node_modules\appium\node_modules\router\index.js:600:14)
    at param (C:\Users\Lenovo\AppData\Roaming\npm\node_modules\appium\node_modules\router\index.js:610:14)
    at processParams (C:\Users\Lenovo\AppData\Roaming\npm\node_modules\appium\node_modules\router\index.js:664:3)
    at next (C:\Users\Lenovo\AppData\Roaming\npm\node_modules\appium\node_modules\router\index.js:291:5)
    at logger (C:\Users\Lenovo\AppData\Roaming\npm\node_modules\appium\node_modules\morgan\index.js:144:5)
    at Layer.handleRequest (C:\Users\Lenovo\AppData\Roaming\npm\node_modules\appium\node_modules\router\lib\layer.js:152:17)
    at trimPrefix (C:\Users\Lenovo\AppData\Roaming\npm\node_modules\appium\node_modules\router\index.js:342:13)
    at C:\Users\Lenovo\AppData\Roaming\npm\node_modules\appium\node_modules\router\index.js:297:9
    at processParams (C:\Users\Lenovo\AppData\Roaming\npm\node_modules\appium\node_modules\router\index.js:582:12)
    at next (C:\Users\Lenovo\AppData\Roaming\npm\node_modules\appium\node_modules\router\index.js:291:5)
    at C:\Users\Lenovo\AppData\Roaming\npm\node_modules\appium\node_modules\body-parser\lib\read.js:171:5
    at AsyncResource.runInAsyncScope (node:async_hooks:228:14)
    at invokeCallback (C:\Users\Lenovo\AppData\Roaming\npm\node_modules\appium\node_modules\raw-body\index.js:238:16)
    at done (C:\Users\Lenovo\AppData\Roaming\npm\node_modules\appium\node_modules\raw-body\index.js:227:7)
2026-04-21 22:31:37,454 - [WARNING] Could not click element with robust selectors (Attempt 1/3).
2026-04-21 22:31:47,605 - [DEBUG] Click failed for ('id', 'com.sofascore.results:id/multiStateFab'): HTTPConnectionPool(host='127.0.0.1', port=4723): Max retries exceeded with url: /session/37b96144-c48e-4263-a59f-f9820bb738ab/element (Caused by NewConnectionError("HTTPConnection(host='127.0.0.1', port=4723): Failed to establish a new connection: [WinError 10061] No connection could be made because the target machine actively refused it"))
2026-04-21 22:31:55,721 - [DEBUG] Click failed for ('id', 'com.sofascore.results:id/multi_state_fab'): HTTPConnectionPool(host='127.0.0.1', port=4723): Max retries exceeded with url: /session/37b96144-c48e-4263-a59f-f9820bb738ab/element (Caused by NewConnectionError("HTTPConnection(host='127.0.0.1', port=4723): Failed to establish a new connection: [WinError 10061] No connection could be made because the target machine actively refused it"))
2026-04-21 22:32:03,856 - [DEBUG] Click failed for ('accessibility id', 'Chat'): HTTPConnectionPool(host='127.0.0.1', port=4723): Max retries exceeded with url: /session/37b96144-c48e-4263-a59f-f9820bb738ab/element (Caused by NewConnectionError("HTTPConnection(host='127.0.0.1', port=4723): Failed to establish a new connection: [WinError 10061] No connection could be made because the target machine actively refused it"))
2026-04-21 22:32:11,973 - [DEBUG] Click failed for ('accessibility id', 'Comments'): HTTPConnectionPool(host='127.0.0.1', port=4723): Max retries exceeded with url: /session/37b96144-c48e-4263-a59f-f9820bb738ab/element (Caused by NewConnectionError("HTTPConnection(host='127.0.0.1', port=4723): Failed to establish a new connection: [WinError 10061] No connection could be made because the target machine actively refused it"))
2026-04-21 22:32:20,131 - [DEBUG] Click failed for ('accessibility id', 'Discussion'): HTTPConnectionPool(host='127.0.0.1', port=4723): Max retries exceeded with url: /session/37b96144-c48e-4263-a59f-f9820bb738ab/element (Caused by NewConnectionError("HTTPConnection(host='127.0.0.1', port=4723): Failed to establish a new connection: [WinError 10061] No connection could be made because the target machine actively refused it"))
2026-04-21 22:32:28,287 - [DEBUG] Click failed for ('-android uiautomator', 'new UiSelector().className("com.google.android.material.floatingactionbutton.FloatingActionButton")'): HTTPConnectionPool(host='127.0.0.1', port=4723): Max retries exceeded with url: /session/37b96144-c48e-4263-a59f-f9820bb738ab/element (Caused by NewConnectionError("HTTPConnection(host='127.0.0.1', port=4723): Failed to establish a new connection: [WinError 10061] No connection could be made because the target machine actively refused it"))
2026-04-21 22:32:36,470 - [DEBUG] Click failed for ('class name', 'com.google.android.material.floatingactionbutton.FloatingActionButton'): HTTPConnectionPool(host='127.0.0.1', port=4723): Max retries exceeded with url: /session/37b96144-c48e-4263-a59f-f9820bb738ab/element (Caused by NewConnectionError("HTTPConnection(host='127.0.0.1', port=4723): Failed to establish a new connection: [WinError 10061] No connection could be made because the target machine actively refused it"))
2026-04-21 22:32:44,602 - [DEBUG] Click failed for ('xpath', "//*[contains(@resource-id, 'fab') or contains(@resource-id, 'chat') or contains(@resource-id, 'comment_button')]"): HTTPConnectionPool(host='127.0.0.1', port=4723): Max retries exceeded with url: /session/37b96144-c48e-4263-a59f-f9820bb738ab/element (Caused by NewConnectionError("HTTPConnection(host='127.0.0.1', port=4723): Failed to establish a new connection: [WinError 10061] No connection could be made because the target machine actively refused it"))
2026-04-21 22:32:44,602 - [WARNING] Could not click element with robust selectors (Attempt 2/3).
2026-04-21 22:32:54,723 - [DEBUG] Click failed for ('id', 'com.sofascore.results:id/multiStateFab'): HTTPConnectionPool(host='127.0.0.1', port=4723): Max retries exceeded with url: /session/37b96144-c48e-4263-a59f-f9820bb738ab/element (Caused by NewConnectionError("HTTPConnection(host='127.0.0.1', port=4723): Failed to establish a new connection: [WinError 10061] No connection could be made because the target machine actively refused it"))
2026-04-21 22:33:02,848 - [DEBUG] Click failed for ('id', 'com.sofascore.results:id/multi_state_fab'): HTTPConnectionPool(host='127.0.0.1', port=4723): Max retries exceeded with url: /session/37b96144-c48e-4263-a59f-f9820bb738ab/element (Caused by NewConnectionError("HTTPConnection(host='127.0.0.1', port=4723): Failed to establish a new connection: [WinError 10061] No connection could be made because the target machine actively refused it"))
2026-04-21 22:33:10,955 - [DEBUG] Click failed for ('accessibility id', 'Chat'): HTTPConnectionPool(host='127.0.0.1', port=4723): Max retries exceeded with url: /session/37b96144-c48e-4263-a59f-f9820bb738ab/element (Caused by NewConnectionError("HTTPConnection(host='127.0.0.1', port=4723): Failed to establish a new connection: [WinError 10061] No connection could be made because the target machine actively refused it"))
2026-04-21 22:33:19,088 - [DEBUG] Click failed for ('accessibility id', 'Comments'): HTTPConnectionPool(host='127.0.0.1', port=4723): Max retries exceeded with url: /session/37b96144-c48e-4263-a59f-f9820bb738ab/element (Caused by NewConnectionError("HTTPConnection(host='127.0.0.1', port=4723): Failed to establish a new connection: [WinError 10061] No connection could be made because the target machine actively refused it"))
2026-04-21 22:33:27,207 - [DEBUG] Click failed for ('accessibility id', 'Discussion'): HTTPConnectionPool(host='127.0.0.1', port=4723): Max retries exceeded with url: /session/37b96144-c48e-4263-a59f-f9820bb738ab/element (Caused by NewConnectionError("HTTPConnection(host='127.0.0.1', port=4723): Failed to establish a new connection: [WinError 10061] No connection could be made because the target machine actively refused it"))
2026-04-21 22:33:35,339 - [DEBUG] Click failed for ('-android uiautomator', 'new UiSelector().className("com.google.android.material.floatingactionbutton.FloatingActionButton")'): HTTPConnectionPool(host='127.0.0.1', port=4723): Max retries exceeded with url: /session/37b96144-c48e-4263-a59f-f9820bb738ab/element (Caused by NewConnectionError("HTTPConnection(host='127.0.0.1', port=4723): Failed to establish a new connection: [WinError 10061] No connection could be made because the target machine actively refused it"))
2026-04-21 22:33:43,487 - [DEBUG] Click failed for ('class name', 'com.google.android.material.floatingactionbutton.FloatingActionButton'): HTTPConnectionPool(host='127.0.0.1', port=4723): Max retries exceeded with url: /session/37b96144-c48e-4263-a59f-f9820bb738ab/element (Caused by NewConnectionError("HTTPConnection(host='127.0.0.1', port=4723): Failed to establish a new connection: [WinError 10061] No connection could be made because the target machine actively refused it"))
2026-04-21 22:33:51,622 - [DEBUG] Click failed for ('xpath', "//*[contains(@resource-id, 'fab') or contains(@resource-id, 'chat') or contains(@resource-id, 'comment_button')]"): HTTPConnectionPool(host='127.0.0.1', port=4723): Max retries exceeded with url: /session/37b96144-c48e-4263-a59f-f9820bb738ab/element (Caused by NewConnectionError("HTTPConnection(host='127.0.0.1', port=4723): Failed to establish a new connection: [WinError 10061] No connection could be made because the target machine actively refused it"))
2026-04-21 22:33:51,623 - [WARNING] Could not click element with robust selectors (Attempt 3/3).
2026-04-21 22:33:51,624 - [ERROR] Failed to click element after all retries. Selectors: [('id', 'com.sofascore.results:id/multiStateFab'), ('id', 'com.sofascore.results:id/multi_state_fab'), ('accessibility id', 'Chat'), ('accessibility id', 'Comments'), ('accessibility id', 'Discussion'), ('-android uiautomator', 'new UiSelector().className("com.google.android.material.floatingactionbutton.FloatingActionButton")'), ('class name', 'com.google.android.material.floatingactionbutton.FloatingActionButton'), ('xpath', "//*[contains(@resource-id, 'fab') or contains(@resource-id, 'chat') or contains(@resource-id, 'comment_button')]")]
2026-04-21 22:33:51,624 - [WARNING] Could not locate Discussion tab. Are you on the match screen?
2026-04-21 22:33:51,625 - [TRACE] Simulating human behavior (scrolling/reading)...
2026-04-21 22:33:59,758 - [DEBUG] Scroll simulation failed/skipped: HTTPConnectionPool(host='127.0.0.1', port=4723): Max retries exceeded with url: /session/37b96144-c48e-4263-a59f-f9820bb738ab/window/rect (Caused by NewConnectionError("HTTPConnection(host='127.0.0.1', port=4723): Failed to establish a new connection: [WinError 10061] No connection could be made because the target machine actively refused it"))
2026-04-21 22:33:59,759 - [INFO] [user1] Polling match state for an event...
2026-04-21 22:33:59,759 - [INFO] [user1] Event detected. Preparing to comment...
2026-04-21 22:33:59,760 - [TRACE] Simulating human behavior (scrolling/reading)...
2026-04-21 22:34:07,907 - [DEBUG] Scroll simulation failed/skipped: HTTPConnectionPool(host='127.0.0.1', port=4723): Max retries exceeded with url: /session/37b96144-c48e-4263-a59f-f9820bb738ab/window/rect (Caused by NewConnectionError("HTTPConnection(host='127.0.0.1', port=4723): Failed to establish a new connection: [WinError 10061] No connection could be made because the target machine actively refused it"))
2026-04-21 22:34:07,907 - [INFO] Attempting to post comment: 'This match is getting tense!'
2026-04-21 22:34:07,908 - [TRACE] Post comment attempt 1/3
2026-04-21 22:34:07,908 - [TRACE] Attempting to find element (primary selector: ('id', 'com.sofascore.results:id/comment_input'))
2026-04-21 22:34:16,053 - [DEBUG] Selector ('id', 'com.sofascore.results:id/comment_input') failed: HTTPConnectionPool(host='127.0.0.1', port=4723): Max retries exceeded with url: /session/37b96144-c48e-4263-a59f-f9820bb738ab/element (Caused by NewConnectionError("HTTPConnection(host='127.0.0.1', port=4723): Failed to establish a new connection: [WinError 10061] No connection could be made because the target machine actively refused it"))
2026-04-21 22:34:24,188 - [DEBUG] Selector ('id', 'com.sofascore.results:id/input') failed: HTTPConnectionPool(host='127.0.0.1', port=4723): Max retries exceeded with url: /session/37b96144-c48e-4263-a59f-f9820bb738ab/element (Caused by NewConnectionError("HTTPConnection(host='127.0.0.1', port=4723): Failed to establish a new connection: [WinError 10061] No connection could be made because the target machine actively refused it"))
2026-04-21 22:34:32,339 - [DEBUG] Selector ('-android uiautomator', 'new UiSelector().className("android.widget.EditText")') failed: HTTPConnectionPool(host='127.0.0.1', port=4723): Max retries exceeded with url: /session/37b96144-c48e-4263-a59f-f9820bb738ab/element (Caused by NewConnectionError("HTTPConnection(host='127.0.0.1', port=4723): Failed to establish a new connection: [WinError 10061] No connection could be made because the target machine actively refused it"))
2026-04-21 22:34:40,456 - [DEBUG] Selector ('xpath', '//android.widget.EditText') failed: HTTPConnectionPool(host='127.0.0.1', port=4723): Max retries exceeded with url: /session/37b96144-c48e-4263-a59f-f9820bb738ab/element (Caused by NewConnectionError("HTTPConnection(host='127.0.0.1', port=4723): Failed to establish a new connection: [WinError 10061] No connection could be made because the target machine actively refused it"))
2026-04-21 22:34:40,456 - [WARNING] Could not find element with robust selectors (Attempt 1/1).
2026-04-21 22:34:40,457 - [ERROR] Failed to find element after all retries. Selectors: [('id', 'com.sofascore.results:id/comment_input'), ('id', 'com.sofascore.results:id/input'), ('-android uiautomator', 'new UiSelector().className("android.widget.EditText")'), ('xpath', '//android.widget.EditText')]
2026-04-21 22:34:40,457 - [WARNING] Comment input box not visible. Attempting recovery to discussion tab...
2026-04-21 22:34:40,458 - [TRACE] Navigating to Discussion Tab...
2026-04-21 22:34:40,458 - [TRACE] Attempting to click element (primary selector: ('id', 'com.sofascore.results:id/multiStateFab'))
2026-04-21 22:34:48,574 - [DEBUG] Click failed for ('id', 'com.sofascore.results:id/multiStateFab'): HTTPConnectionPool(host='127.0.0.1', port=4723): Max retries exceeded with url: /session/37b96144-c48e-4263-a59f-f9820bb738ab/element (Caused by NewConnectionError("HTTPConnection(host='127.0.0.1', port=4723): Failed to establish a new connection: [WinError 10061] No connection could be made because the target machine actively refused it"))
2026-04-21 22:34:56,707 - [DEBUG] Click failed for ('id', 'com.sofascore.results:id/multi_state_fab'): HTTPConnectionPool(host='127.0.0.1', port=4723): Max retries exceeded with url: /session/37b96144-c48e-4263-a59f-f9820bb738ab/element (Caused by NewConnectionError("HTTPConnection(host='127.0.0.1', port=4723): Failed to establish a new connection: [WinError 10061] No connection could be made because the target machine actively refused it"))
2026-04-21 22:35:04,867 - [DEBUG] Click failed for ('accessibility id', 'Chat'): HTTPConnectionPool(host='127.0.0.1', port=4723): Max retries exceeded with url: /session/37b96144-c48e-4263-a59f-f9820bb738ab/element (Caused by NewConnectionError("HTTPConnection(host='127.0.0.1', port=4723): Failed to establish a new connection: [WinError 10061] No connection could be made because the target machine actively refused it"))
2026-04-21 22:35:12,994 - [DEBUG] Click failed for ('accessibility id', 'Comments'): HTTPConnectionPool(host='127.0.0.1', port=4723): Max retries exceeded with url: /session/37b96144-c48e-4263-a59f-f9820bb738ab/element (Caused by NewConnectionError("HTTPConnection(host='127.0.0.1', port=4723): Failed to establish a new connection: [WinError 10061] No connection could be made because the target machine actively refused it"))
2026-04-21 22:35:21,126 - [DEBUG] Click failed for ('accessibility id', 'Discussion'): HTTPConnectionPool(host='127.0.0.1', port=4723): Max retries exceeded with url: /session/37b96144-c48e-4263-a59f-f9820bb738ab/element (Caused by NewConnectionError("HTTPConnection(host='127.0.0.1', port=4723): Failed to establish a new connection: [WinError 10061] No connection could be made because the target machine actively refused it"))
2026-04-21 22:35:29,260 - [DEBUG] Click failed for ('-android uiautomator', 'new UiSelector().className("com.google.android.material.floatingactionbutton.FloatingActionButton")'): HTTPConnectionPool(host='127.0.0.1', port=4723): Max retries exceeded with url: /session/37b96144-c48e-4263-a59f-f9820bb738ab/element (Caused by NewConnectionError("HTTPConnection(host='127.0.0.1', port=4723): Failed to establish a new connection: [WinError 10061] No connection could be made because the target machine actively refused it"))
2026-04-21 22:35:37,411 - [DEBUG] Click failed for ('class name', 'com.google.android.material.floatingactionbutton.FloatingActionButton'): HTTPConnectionPool(host='127.0.0.1', port=4723): Max retries exceeded with url: /session/37b96144-c48e-4263-a59f-f9820bb738ab/element (Caused by NewConnectionError("HTTPConnection(host='127.0.0.1', port=4723): Failed to establish a new connection: [WinError 10061] No connection could be made because the target machine actively refused it"))
2026-04-21 22:35:45,604 - [DEBUG] Click failed for ('xpath', "//*[contains(@resource-id, 'fab') or contains(@resource-id, 'chat') or contains(@resource-id, 'comment_button')]"): HTTPConnectionPool(host='127.0.0.1', port=4723): Max retries exceeded with url: /session/37b96144-c48e-4263-a59f-f9820bb738ab/element (Caused by NewConnectionError("HTTPConnection(host='127.0.0.1', port=4723): Failed to establish a new connection: [WinError 10061] No connection could be made because the target machine actively refused it"))
2026-04-21 22:35:45,604 - [WARNING] Could not click element with robust selectors (Attempt 1/3).
2026-04-21 22:35:55,723 - [DEBUG] Click failed for ('id', 'com.sofascore.results:id/multiStateFab'): HTTPConnectionPool(host='127.0.0.1', port=4723): Max retries exceeded with url: /session/37b96144-c48e-4263-a59f-f9820bb738ab/element (Caused by NewConnectionError("HTTPConnection(host='127.0.0.1', port=4723): Failed to establish a new connection: [WinError 10061] No connection could be made because the target machine actively refused it"))
2026-04-21 22:36:03,865 - [DEBUG] Click failed for ('id', 'com.sofascore.results:id/multi_state_fab'): HTTPConnectionPool(host='127.0.0.1', port=4723): Max retries exceeded with url: /session/37b96144-c48e-4263-a59f-f9820bb738ab/element (Caused by NewConnectionError("HTTPConnection(host='127.0.0.1', port=4723): Failed to establish a new connection: [WinError 10061] No connection could be made because the target machine actively refused it"))
2026-04-21 22:36:11,989 - [DEBUG] Click failed for ('accessibility id', 'Chat'): HTTPConnectionPool(host='127.0.0.1', port=4723): Max retries exceeded with url: /session/37b96144-c48e-4263-a59f-f9820bb738ab/element (Caused by NewConnectionError("HTTPConnection(host='127.0.0.1', port=4723): Failed to establish a new connection: [WinError 10061] No connection could be made because the target machine actively refused it"))
2026-04-21 22:36:20,103 - [DEBUG] Click failed for ('accessibility id', 'Comments'): HTTPConnectionPool(host='127.0.0.1', port=4723): Max retries exceeded with url: /session/37b96144-c48e-4263-a59f-f9820bb738ab/element (Caused by NewConnectionError("HTTPConnection(host='127.0.0.1', port=4723): Failed to establish a new connection: [WinError 10061] No connection could be made because the target machine actively refused it"))
2026-04-21 22:36:28,216 - [DEBUG] Click failed for ('accessibility id', 'Discussion'): HTTPConnectionPool(host='127.0.0.1', port=4723): Max retries exceeded with url: /session/37b96144-c48e-4263-a59f-f9820bb738ab/element (Caused by NewConnectionError("HTTPConnection(host='127.0.0.1', port=4723): Failed to establish a new connection: [WinError 10061] No connection could be made because the target machine actively refused it"))
2026-04-21 22:36:36,318 - [DEBUG] Click failed for ('-android uiautomator', 'new UiSelector().className("com.google.android.material.floatingactionbutton.FloatingActionButton")'): HTTPConnectionPool(host='127.0.0.1', port=4723): Max retries exceeded with url: /session/37b96144-c48e-4263-a59f-f9820bb738ab/element (Caused by NewConnectionError("HTTPConnection(host='127.0.0.1', port=4723): Failed to establish a new connection: [WinError 10061] No connection could be made because the target machine actively refused it"))
2026-04-21 22:36:44,433 - [DEBUG] Click failed for ('class name', 'com.google.android.material.floatingactionbutton.FloatingActionButton'): HTTPConnectionPool(host='127.0.0.1', port=4723): Max retries exceeded with url: /session/37b96144-c48e-4263-a59f-f9820bb738ab/element (Caused by NewConnectionError("HTTPConnection(host='127.0.0.1', port=4723): Failed to establish a new connection: [WinError 10061] No connection could be made because the target machine actively refused it"))
2026-04-21 22:36:52,560 - [DEBUG] Click failed for ('xpath', "//*[contains(@resource-id, 'fab') or contains(@resource-id, 'chat') or contains(@resource-id, 'comment_button')]"): HTTPConnectionPool(host='127.0.0.1', port=4723): Max retries exceeded with url: /session/37b96144-c48e-4263-a59f-f9820bb738ab/element (Caused by NewConnectionError("HTTPConnection(host='127.0.0.1', port=4723): Failed to establish a new connection: [WinError 10061] No connection could be made because the target machine actively refused it"))
2026-04-21 22:36:52,560 - [WARNING] Could not click element with robust selectors (Attempt 2/3).
2026-04-21 22:37:02,690 - [DEBUG] Click failed for ('id', 'com.sofascore.results:id/multiStateFab'): HTTPConnectionPool(host='127.0.0.1', port=4723): Max retries exceeded with url: /session/37b96144-c48e-4263-a59f-f9820bb738ab/element (Caused by NewConnectionError("HTTPConnection(host='127.0.0.1', port=4723): Failed to establish a new connection: [WinError 10061] No connection could be made because the target machine actively refused it"))
2026-04-21 22:37:10,828 - [DEBUG] Click failed for ('id', 'com.sofascore.results:id/multi_state_fab'): HTTPConnectionPool(host='127.0.0.1', port=4723): Max retries exceeded with url: /session/37b96144-c48e-4263-a59f-f9820bb738ab/element (Caused by NewConnectionError("HTTPConnection(host='127.0.0.1', port=4723): Failed to establish a new connection: [WinError 10061] No connection could be made because the target machine actively refused it"))
2026-04-21 22:37:18,969 - [DEBUG] Click failed for ('accessibility id', 'Chat'): HTTPConnectionPool(host='127.0.0.1', port=4723): Max retries exceeded with url: /session/37b96144-c48e-4263-a59f-f9820bb738ab/element (Caused by NewConnectionError("HTTPConnection(host='127.0.0.1', port=4723): Failed to establish a new connection: [WinError 10061] No connection could be made because the target machine actively refused it"))
2026-04-21 22:37:27,084 - [DEBUG] Click failed for ('accessibility id', 'Comments'): HTTPConnectionPool(host='127.0.0.1', port=4723): Max retries exceeded with url: /session/37b96144-c48e-4263-a59f-f9820bb738ab/element (Caused by NewConnectionError("HTTPConnection(host='127.0.0.1', port=4723): Failed to establish a new connection: [WinError 10061] No connection could be made because the target machine actively refused it"))
2026-04-21 22:37:35,240 - [DEBUG] Click failed for ('accessibility id', 'Discussion'): HTTPConnectionPool(host='127.0.0.1', port=4723): Max retries exceeded with url: /session/37b96144-c48e-4263-a59f-f9820bb738ab/element (Caused by NewConnectionError("HTTPConnection(host='127.0.0.1', port=4723): Failed to establish a new connection: [WinError 10061] No connection could be made because the target machine actively refused it"))
2026-04-21 22:37:43,367 - [DEBUG] Click failed for ('-android uiautomator', 'new UiSelector().className("com.google.android.material.floatingactionbutton.FloatingActionButton")'): HTTPConnectionPool(host='127.0.0.1', port=4723): Max retries exceeded with url: /session/37b96144-c48e-4263-a59f-f9820bb738ab/element (Caused by NewConnectionError("HTTPConnection(host='127.0.0.1', port=4723): Failed to establish a new connection: [WinError 10061] No connection could be made because the target machine actively refused it"))
2026-04-21 22:37:51,499 - [DEBUG] Click failed for ('class name', 'com.google.android.material.floatingactionbutton.FloatingActionButton'): HTTPConnectionPool(host='127.0.0.1', port=4723): Max retries exceeded with url: /session/37b96144-c48e-4263-a59f-f9820bb738ab/element (Caused by NewConnectionError("HTTPConnection(host='127.0.0.1', port=4723): Failed to establish a new connection: [WinError 10061] No connection could be made because the target machine actively refused it"))
2026-04-21 22:37:59,620 - [DEBUG] Click failed for ('xpath', "//*[contains(@resource-id, 'fab') or contains(@resource-id, 'chat') or contains(@resource-id, 'comment_button')]"): HTTPConnectionPool(host='127.0.0.1', port=4723): Max retries exceeded with url: /session/37b96144-c48e-4263-a59f-f9820bb738ab/element (Caused by NewConnectionError("HTTPConnection(host='127.0.0.1', port=4723): Failed to establish a new connection: [WinError 10061] No connection could be made because the target machine actively refused it"))
2026-04-21 22:37:59,621 - [WARNING] Could not click element with robust selectors (Attempt 3/3).
2026-04-21 22:37:59,627 - [ERROR] Failed to click element after all retries. Selectors: [('id', 'com.sofascore.results:id/multiStateFab'), ('id', 'com.sofascore.results:id/multi_state_fab'), ('accessibility id', 'Chat'), ('accessibility id', 'Comments'), ('accessibility id', 'Discussion'), ('-android uiautomator', 'new UiSelector().className("com.google.android.material.floatingactionbutton.FloatingActionButton")'), ('class name', 'com.google.android.material.floatingactionbutton.FloatingActionButton'), ('xpath', "//*[contains(@resource-id, 'fab') or contains(@resource-id, 'chat') or contains(@resource-id, 'comment_button')]")]
2026-04-21 22:37:59,632 - [WARNING] Could not locate Discussion tab. Are you on the match screen?
2026-04-21 22:37:59,634 - [TRACE] Post comment attempt 2/3
2026-04-21 22:37:59,634 - [TRACE] Attempting to find element (primary selector: ('id', 'com.sofascore.results:id/comment_input'))
2026-04-21 22:38:07,789 - [DEBUG] Selector ('id', 'com.sofascore.results:id/comment_input') failed: HTTPConnectionPool(host='127.0.0.1', port=4723): Max retries exceeded with url: /session/37b96144-c48e-4263-a59f-f9820bb738ab/element (Caused by NewConnectionError("HTTPConnection(host='127.0.0.1', port=4723): Failed to establish a new connection: [WinError 10061] No connection could be made because the target machine actively refused it"))
2026-04-21 22:38:15,890 - [DEBUG] Selector ('id', 'com.sofascore.results:id/input') failed: HTTPConnectionPool(host='127.0.0.1', port=4723): Max retries exceeded with url: /session/37b96144-c48e-4263-a59f-f9820bb738ab/element (Caused by NewConnectionError("HTTPConnection(host='127.0.0.1', port=4723): Failed to establish a new connection: [WinError 10061] No connection could be made because the target machine actively refused it"))
2026-04-21 22:38:24,016 - [DEBUG] Selector ('-android uiautomator', 'new UiSelector().className("android.widget.EditText")') failed: HTTPConnectionPool(host='127.0.0.1', port=4723): Max retries exceeded with url: /session/37b96144-c48e-4263-a59f-f9820bb738ab/element (Caused by NewConnectionError("HTTPConnection(host='127.0.0.1', port=4723): Failed to establish a new connection: [WinError 10061] No connection could be made because the target machine actively refused it"))
2026-04-21 22:38:32,116 - [DEBUG] Selector ('xpath', '//android.widget.EditText') failed: HTTPConnectionPool(host='127.0.0.1', port=4723): Max retries exceeded with url: /session/37b96144-c48e-4263-a59f-f9820bb738ab/element (Caused by NewConnectionError("HTTPConnection(host='127.0.0.1', port=4723): Failed to establish a new connection: [WinError 10061] No connection could be made because the target machine actively refused it"))
2026-04-21 22:38:32,116 - [WARNING] Could not find element with robust selectors (Attempt 1/1).
2026-04-21 22:38:32,117 - [ERROR] Failed to find element after all retries. Selectors: [('id', 'com.sofascore.results:id/comment_input'), ('id', 'com.sofascore.results:id/input'), ('-android uiautomator', 'new UiSelector().className("android.widget.EditText")'), ('xpath', '//android.widget.EditText')]
2026-04-21 22:38:32,119 - [WARNING] Comment input box not visible. Attempting recovery to discussion tab...
2026-04-21 22:38:32,119 - [TRACE] Navigating to Discussion Tab...
2026-04-21 22:38:32,120 - [TRACE] Attempting to click element (primary selector: ('id', 'com.sofascore.results:id/multiStateFab'))
2026-04-21 22:38:40,199 - [DEBUG] Click failed for ('id', 'com.sofascore.results:id/multiStateFab'): HTTPConnectionPool(host='127.0.0.1', port=4723): Max retries exceeded with url: /session/37b96144-c48e-4263-a59f-f9820bb738ab/element (Caused by NewConnectionError("HTTPConnection(host='127.0.0.1', port=4723): Failed to establish a new connection: [WinError 10061] No connection could be made because the target machine actively refused it"))
2026-04-21 22:38:48,321 - [DEBUG] Click failed for ('id', 'com.sofascore.results:id/multi_state_fab'): HTTPConnectionPool(host='127.0.0.1', port=4723): Max retries exceeded with url: /session/37b96144-c48e-4263-a59f-f9820bb738ab/element (Caused by NewConnectionError("HTTPConnection(host='127.0.0.1', port=4723): Failed to establish a new connection: [WinError 10061] No connection could be made because the target machine actively refused it"))
2026-04-21 22:38:56,432 - [DEBUG] Click failed for ('accessibility id', 'Chat'): HTTPConnectionPool(host='127.0.0.1', port=4723): Max retries exceeded with url: /session/37b96144-c48e-4263-a59f-f9820bb738ab/element (Caused by NewConnectionError("HTTPConnection(host='127.0.0.1', port=4723): Failed to establish a new connection: [WinError 10061] No connection could be made because the target machine actively refused it"))
2026-04-21 22:39:04,619 - [DEBUG] Click failed for ('accessibility id', 'Comments'): HTTPConnectionPool(host='127.0.0.1', port=4723): Max retries exceeded with url: /session/37b96144-c48e-4263-a59f-f9820bb738ab/element (Caused by NewConnectionError("HTTPConnection(host='127.0.0.1', port=4723): Failed to establish a new connection: [WinError 10061] No connection could be made because the target machine actively refused it"))
2026-04-21 22:39:12,785 - [DEBUG] Click failed for ('accessibility id', 'Discussion'): HTTPConnectionPool(host='127.0.0.1', port=4723): Max retries exceeded with url: /session/37b96144-c48e-4263-a59f-f9820bb738ab/element (Caused by NewConnectionError("HTTPConnection(host='127.0.0.1', port=4723): Failed to establish a new connection: [WinError 10061] No connection could be made because the target machine actively refused it"))
2026-04-21 22:39:20,925 - [DEBUG] Click failed for ('-android uiautomator', 'new UiSelector().className("com.google.android.material.floatingactionbutton.FloatingActionButton")'): HTTPConnectionPool(host='127.0.0.1', port=4723): Max retries exceeded with url: /session/37b96144-c48e-4263-a59f-f9820bb738ab/element (Caused by NewConnectionError("HTTPConnection(host='127.0.0.1', port=4723): Failed to establish a new connection: [WinError 10061] No connection could be made because the target machine actively refused it"))
2026-04-21 22:39:29,079 - [DEBUG] Click failed for ('class name', 'com.google.android.material.floatingactionbutton.FloatingActionButton'): HTTPConnectionPool(host='127.0.0.1', port=4723): Max retries exceeded with url: /session/37b96144-c48e-4263-a59f-f9820bb738ab/element (Caused by NewConnectionError("HTTPConnection(host='127.0.0.1', port=4723): Failed to establish a new connection: [WinError 10061] No connection could be made because the target machine actively refused it"))
2026-04-21 22:39:37,229 - [DEBUG] Click failed for ('xpath', "//*[contains(@resource-id, 'fab') or contains(@resource-id, 'chat') or contains(@resource-id, 'comment_button')]"): HTTPConnectionPool(host='127.0.0.1', port=4723): Max retries exceeded with url: /session/37b96144-c48e-4263-a59f-f9820bb738ab/element (Caused by NewConnectionError("HTTPConnection(host='127.0.0.1', port=4723): Failed to establish a new connection: [WinError 10061] No connection could be made because the target machine actively refused it"))
2026-04-21 22:39:37,229 - [WARNING] Could not click element with robust selectors (Attempt 1/3).
2026-04-21 22:39:45,352 - [INFO] [user1] Closing session cleanly...
2026-04-21 22:39:49,410 - [INFO] Bot manually stopped by user.
2026-04-21 22:39:49,411 - [INFO] Bot execution terminated.
2026-04-22 08:24:22,115 - [INFO] === STARTING FINAL ARCHITECTURAL AUDIT ===
2026-04-22 08:24:22,116 - [INFO] --- VALIDATION CYCLE 1/6 ---
2026-04-22 08:24:22,117 - [INFO] Loaded 1 accounts.
2026-04-22 08:24:22,118 - [INFO] Starting execution pool.
2026-04-22 08:24:22,119 - [INFO] Running account: user1
2026-04-22 08:24:22,120 - [INFO] [user1] Starting Appium session on device R3CMB0CDBPT...
2026-04-22 08:24:30,814 - [ERROR] [user1] Failed to start Appium session: HTTPConnectionPool(host='127.0.0.1', port=4723): Max retries exceeded with url: /session (Caused by NewConnectionError("HTTPConnection(host='127.0.0.1', port=4723): Failed to establish a new connection: [WinError 10061] No connection could be made because the target machine actively refused it"))
Traceback (most recent call last):
  File "C:\Users\Lenovo\AppData\Roaming\Python\Python314\site-packages\urllib3\connection.py", line 204, in _new_conn
    sock = connection.create_connection(
        (self._dns_host, self.port),
    ...<2 lines>...
        socket_options=self.socket_options,
    )
  File "C:\Users\Lenovo\AppData\Roaming\Python\Python314\site-packages\urllib3\util\connection.py", line 85, in create_connection
    raise err
  File "C:\Users\Lenovo\AppData\Roaming\Python\Python314\site-packages\urllib3\util\connection.py", line 73, in create_connection
    sock.connect(sa)
    ~~~~~~~~~~~~^^^^
ConnectionRefusedError: [WinError 10061] No connection could be made because the target machine actively refused it

The above exception was the direct cause of the following exception:

Traceback (most recent call last):
  File "C:\Users\Lenovo\AppData\Roaming\Python\Python314\site-packages\urllib3\connectionpool.py", line 787, in urlopen
    response = self._make_request(
        conn,
    ...<10 lines>...
        **response_kw,
    )
  File "C:\Users\Lenovo\AppData\Roaming\Python\Python314\site-packages\urllib3\connectionpool.py", line 493, in _make_request
    conn.request(
    ~~~~~~~~~~~~^
        method,
        ^^^^^^^
    ...<6 lines>...
        enforce_content_length=enforce_content_length,
        ^^^^^^^^^^^^^^^^^^^^^^^^^^^^^^^^^^^^^^^^^^^^^^
    )
    ^
  File "C:\Users\Lenovo\AppData\Roaming\Python\Python314\site-packages\urllib3\connection.py", line 500, in request
    self.endheaders()
    ~~~~~~~~~~~~~~~^^
  File "C:\Python314\Lib\http\client.py", line 1353, in endheaders
    self._send_output(message_body, encode_chunked=encode_chunked)
    ~~~~~~~~~~~~~~~~~^^^^^^^^^^^^^^^^^^^^^^^^^^^^^^^^^^^^^^^^^^^^^
  File "C:\Python314\Lib\http\client.py", line 1113, in _send_output
    self.send(msg)
    ~~~~~~~~~^^^^^
  File "C:\Python314\Lib\http\client.py", line 1057, in send
    self.connect()
    ~~~~~~~~~~~~^^
  File "C:\Users\Lenovo\AppData\Roaming\Python\Python314\site-packages\urllib3\connection.py", line 331, in connect
    self.sock = self._new_conn()
                ~~~~~~~~~~~~~~^^
  File "C:\Users\Lenovo\AppData\Roaming\Python\Python314\site-packages\urllib3\connection.py", line 219, in _new_conn
    raise NewConnectionError(
        self, f"Failed to establish a new connection: {e}"
    ) from e
urllib3.exceptions.NewConnectionError: HTTPConnection(host='127.0.0.1', port=4723): Failed to establish a new connection: [WinError 10061] No connection could be made because the target machine actively refused it

The above exception was the direct cause of the following exception:

Traceback (most recent call last):
  File "C:\Users\Lenovo\OneDrive\Desktop\SofaApp\core\session_manager.py", line 53, in start_session
    driver = webdriver.Remote(server_url, options=options)
  File "C:\Users\Lenovo\AppData\Roaming\Python\Python314\site-packages\appium\webdriver\webdriver.py", line 229, in __init__
    super().__init__(
    ~~~~~~~~~~~~~~~~^
        command_executor=command_executor,
        ^^^^^^^^^^^^^^^^^^^^^^^^^^^^^^^^^^
        options=options,
        ^^^^^^^^^^^^^^^^
    )
    ^
  File "C:\Users\Lenovo\AppData\Roaming\Python\Python314\site-packages\selenium\webdriver\remote\webdriver.py", line 208, in __init__
    self.start_session(capabilities)
    ~~~~~~~~~~~~~~~~~~^^^^^^^^^^^^^^
  File "C:\Users\Lenovo\AppData\Roaming\Python\Python314\site-packages\appium\webdriver\webdriver.py", line 321, in start_session
    response = self.execute(RemoteCommand.NEW_SESSION, w3c_caps)
  File "C:\Users\Lenovo\AppData\Roaming\Python\Python314\site-packages\selenium\webdriver\remote\webdriver.py", line 345, in execute
    response = self.command_executor.execute(driver_command, params)
  File "C:\Users\Lenovo\AppData\Roaming\Python\Python314\site-packages\selenium\webdriver\remote\remote_connection.py", line 300, in execute
    return self._request(command_info[0], url, body=data)
           ~~~~~~~~~~~~~^^^^^^^^^^^^^^^^^^^^^^^^^^^^^^^^^
  File "C:\Users\Lenovo\AppData\Roaming\Python\Python314\site-packages\selenium\webdriver\remote\remote_connection.py", line 321, in _request
    response = self._conn.request(method, url, body=body, headers=headers)
  File "C:\Users\Lenovo\AppData\Roaming\Python\Python314\site-packages\urllib3\_request_methods.py", line 143, in request
    return self.request_encode_body(
           ~~~~~~~~~~~~~~~~~~~~~~~~^
        method, url, fields=fields, headers=headers, **urlopen_kw
        ^^^^^^^^^^^^^^^^^^^^^^^^^^^^^^^^^^^^^^^^^^^^^^^^^^^^^^^^^
    )
    ^
  File "C:\Users\Lenovo\AppData\Roaming\Python\Python314\site-packages\urllib3\_request_methods.py", line 278, in request_encode_body
    return self.urlopen(method, url, **extra_kw)
           ~~~~~~~~~~~~^^^^^^^^^^^^^^^^^^^^^^^^^
  File "C:\Users\Lenovo\AppData\Roaming\Python\Python314\site-packages\urllib3\poolmanager.py", line 457, in urlopen
    response = conn.urlopen(method, u.request_uri, **kw)
  File "C:\Users\Lenovo\AppData\Roaming\Python\Python314\site-packages\urllib3\connectionpool.py", line 871, in urlopen
    return self.urlopen(
           ~~~~~~~~~~~~^
        method,
        ^^^^^^^
    ...<13 lines>...
        **response_kw,
        ^^^^^^^^^^^^^^
    )
    ^
  File "C:\Users\Lenovo\AppData\Roaming\Python\Python314\site-packages\urllib3\connectionpool.py", line 871, in urlopen
    return self.urlopen(
           ~~~~~~~~~~~~^
        method,
        ^^^^^^^
    ...<13 lines>...
        **response_kw,
        ^^^^^^^^^^^^^^
    )
    ^
  File "C:\Users\Lenovo\AppData\Roaming\Python\Python314\site-packages\urllib3\connectionpool.py", line 871, in urlopen
    return self.urlopen(
           ~~~~~~~~~~~~^
        method,
        ^^^^^^^
    ...<13 lines>...
        **response_kw,
        ^^^^^^^^^^^^^^
    )
    ^
  File "C:\Users\Lenovo\AppData\Roaming\Python\Python314\site-packages\urllib3\connectionpool.py", line 841, in urlopen
    retries = retries.increment(
        method, url, error=new_e, _pool=self, _stacktrace=sys.exc_info()[2]
    )
  File "C:\Users\Lenovo\AppData\Roaming\Python\Python314\site-packages\urllib3\util\retry.py", line 535, in increment
    raise MaxRetryError(_pool, url, reason) from reason  # type: ignore[arg-type]
    ^^^^^^^^^^^^^^^^^^^^^^^^^^^^^^^^^^^^^^^^^^^^^^^^^^^
urllib3.exceptions.MaxRetryError: HTTPConnectionPool(host='127.0.0.1', port=4723): Max retries exceeded with url: /session (Caused by NewConnectionError("HTTPConnection(host='127.0.0.1', port=4723): Failed to establish a new connection: [WinError 10061] No connection could be made because the target machine actively refused it"))
2026-04-22 08:24:33,144 - [WARNING] [user1] Driver failed to start. Recording failure.
2026-04-22 08:24:33,144 - [INFO] Running account: user1
2026-04-22 08:24:33,144 - [INFO] [user1] Starting Appium session on device R3CMB0CDBPT...
2026-04-22 08:24:41,291 - [ERROR] [user1] Failed to start Appium session: HTTPConnectionPool(host='127.0.0.1', port=4723): Max retries exceeded with url: /session (Caused by NewConnectionError("HTTPConnection(host='127.0.0.1', port=4723): Failed to establish a new connection: [WinError 10061] No connection could be made because the target machine actively refused it"))
Traceback (most recent call last):
  File "C:\Users\Lenovo\AppData\Roaming\Python\Python314\site-packages\urllib3\connection.py", line 204, in _new_conn
    sock = connection.create_connection(
        (self._dns_host, self.port),
    ...<2 lines>...
        socket_options=self.socket_options,
    )
  File "C:\Users\Lenovo\AppData\Roaming\Python\Python314\site-packages\urllib3\util\connection.py", line 85, in create_connection
    raise err
  File "C:\Users\Lenovo\AppData\Roaming\Python\Python314\site-packages\urllib3\util\connection.py", line 73, in create_connection
    sock.connect(sa)
    ~~~~~~~~~~~~^^^^
ConnectionRefusedError: [WinError 10061] No connection could be made because the target machine actively refused it

The above exception was the direct cause of the following exception:

Traceback (most recent call last):
  File "C:\Users\Lenovo\AppData\Roaming\Python\Python314\site-packages\urllib3\connectionpool.py", line 787, in urlopen
    response = self._make_request(
        conn,
    ...<10 lines>...
        **response_kw,
    )
  File "C:\Users\Lenovo\AppData\Roaming\Python\Python314\site-packages\urllib3\connectionpool.py", line 493, in _make_request
    conn.request(
    ~~~~~~~~~~~~^
        method,
        ^^^^^^^
    ...<6 lines>...
        enforce_content_length=enforce_content_length,
        ^^^^^^^^^^^^^^^^^^^^^^^^^^^^^^^^^^^^^^^^^^^^^^
    )
    ^
  File "C:\Users\Lenovo\AppData\Roaming\Python\Python314\site-packages\urllib3\connection.py", line 500, in request
    self.endheaders()
    ~~~~~~~~~~~~~~~^^
  File "C:\Python314\Lib\http\client.py", line 1353, in endheaders
    self._send_output(message_body, encode_chunked=encode_chunked)
    ~~~~~~~~~~~~~~~~~^^^^^^^^^^^^^^^^^^^^^^^^^^^^^^^^^^^^^^^^^^^^^
  File "C:\Python314\Lib\http\client.py", line 1113, in _send_output
    self.send(msg)
    ~~~~~~~~~^^^^^
  File "C:\Python314\Lib\http\client.py", line 1057, in send
    self.connect()
    ~~~~~~~~~~~~^^
  File "C:\Users\Lenovo\AppData\Roaming\Python\Python314\site-packages\urllib3\connection.py", line 331, in connect
    self.sock = self._new_conn()
                ~~~~~~~~~~~~~~^^
  File "C:\Users\Lenovo\AppData\Roaming\Python\Python314\site-packages\urllib3\connection.py", line 219, in _new_conn
    raise NewConnectionError(
        self, f"Failed to establish a new connection: {e}"
    ) from e
urllib3.exceptions.NewConnectionError: HTTPConnection(host='127.0.0.1', port=4723): Failed to establish a new connection: [WinError 10061] No connection could be made because the target machine actively refused it

The above exception was the direct cause of the following exception:

Traceback (most recent call last):
  File "C:\Users\Lenovo\OneDrive\Desktop\SofaApp\core\session_manager.py", line 53, in start_session
    driver = webdriver.Remote(server_url, options=options)
  File "C:\Users\Lenovo\AppData\Roaming\Python\Python314\site-packages\appium\webdriver\webdriver.py", line 229, in __init__
    super().__init__(
    ~~~~~~~~~~~~~~~~^
        command_executor=command_executor,
        ^^^^^^^^^^^^^^^^^^^^^^^^^^^^^^^^^^
        options=options,
        ^^^^^^^^^^^^^^^^
    )
    ^
  File "C:\Users\Lenovo\AppData\Roaming\Python\Python314\site-packages\selenium\webdriver\remote\webdriver.py", line 208, in __init__
    self.start_session(capabilities)
    ~~~~~~~~~~~~~~~~~~^^^^^^^^^^^^^^
  File "C:\Users\Lenovo\AppData\Roaming\Python\Python314\site-packages\appium\webdriver\webdriver.py", line 321, in start_session
    response = self.execute(RemoteCommand.NEW_SESSION, w3c_caps)
  File "C:\Users\Lenovo\AppData\Roaming\Python\Python314\site-packages\selenium\webdriver\remote\webdriver.py", line 345, in execute
    response = self.command_executor.execute(driver_command, params)
  File "C:\Users\Lenovo\AppData\Roaming\Python\Python314\site-packages\selenium\webdriver\remote\remote_connection.py", line 300, in execute
    return self._request(command_info[0], url, body=data)
           ~~~~~~~~~~~~~^^^^^^^^^^^^^^^^^^^^^^^^^^^^^^^^^
  File "C:\Users\Lenovo\AppData\Roaming\Python\Python314\site-packages\selenium\webdriver\remote\remote_connection.py", line 321, in _request
    response = self._conn.request(method, url, body=body, headers=headers)
  File "C:\Users\Lenovo\AppData\Roaming\Python\Python314\site-packages\urllib3\_request_methods.py", line 143, in request
    return self.request_encode_body(
           ~~~~~~~~~~~~~~~~~~~~~~~~^
        method, url, fields=fields, headers=headers, **urlopen_kw
        ^^^^^^^^^^^^^^^^^^^^^^^^^^^^^^^^^^^^^^^^^^^^^^^^^^^^^^^^^
    )
    ^
  File "C:\Users\Lenovo\AppData\Roaming\Python\Python314\site-packages\urllib3\_request_methods.py", line 278, in request_encode_body
    return self.urlopen(method, url, **extra_kw)
           ~~~~~~~~~~~~^^^^^^^^^^^^^^^^^^^^^^^^^
  File "C:\Users\Lenovo\AppData\Roaming\Python\Python314\site-packages\urllib3\poolmanager.py", line 457, in urlopen
    response = conn.urlopen(method, u.request_uri, **kw)
  File "C:\Users\Lenovo\AppData\Roaming\Python\Python314\site-packages\urllib3\connectionpool.py", line 871, in urlopen
    return self.urlopen(
           ~~~~~~~~~~~~^
        method,
        ^^^^^^^
    ...<13 lines>...
        **response_kw,
        ^^^^^^^^^^^^^^
    )
    ^
  File "C:\Users\Lenovo\AppData\Roaming\Python\Python314\site-packages\urllib3\connectionpool.py", line 871, in urlopen
    return self.urlopen(
           ~~~~~~~~~~~~^
        method,
        ^^^^^^^
    ...<13 lines>...
        **response_kw,
        ^^^^^^^^^^^^^^
    )
    ^
  File "C:\Users\Lenovo\AppData\Roaming\Python\Python314\site-packages\urllib3\connectionpool.py", line 871, in urlopen
    return self.urlopen(
           ~~~~~~~~~~~~^
        method,
        ^^^^^^^
    ...<13 lines>...
        **response_kw,
        ^^^^^^^^^^^^^^
    )
    ^
  File "C:\Users\Lenovo\AppData\Roaming\Python\Python314\site-packages\urllib3\connectionpool.py", line 841, in urlopen
    retries = retries.increment(
        method, url, error=new_e, _pool=self, _stacktrace=sys.exc_info()[2]
    )
  File "C:\Users\Lenovo\AppData\Roaming\Python\Python314\site-packages\urllib3\util\retry.py", line 535, in increment
    raise MaxRetryError(_pool, url, reason) from reason  # type: ignore[arg-type]
    ^^^^^^^^^^^^^^^^^^^^^^^^^^^^^^^^^^^^^^^^^^^^^^^^^^^
urllib3.exceptions.MaxRetryError: HTTPConnectionPool(host='127.0.0.1', port=4723): Max retries exceeded with url: /session (Caused by NewConnectionError("HTTPConnection(host='127.0.0.1', port=4723): Failed to establish a new connection: [WinError 10061] No connection could be made because the target machine actively refused it"))
2026-04-22 08:24:41,299 - [WARNING] [user1] Driver failed to start. Recording failure.
2026-04-22 08:24:41,299 - [INFO] Running account: user1
2026-04-22 08:24:41,300 - [INFO] [user1] Starting Appium session on device R3CMB0CDBPT...
2026-04-22 08:24:49,466 - [ERROR] [user1] Failed to start Appium session: HTTPConnectionPool(host='127.0.0.1', port=4723): Max retries exceeded with url: /session (Caused by NewConnectionError("HTTPConnection(host='127.0.0.1', port=4723): Failed to establish a new connection: [WinError 10061] No connection could be made because the target machine actively refused it"))
Traceback (most recent call last):
  File "C:\Users\Lenovo\AppData\Roaming\Python\Python314\site-packages\urllib3\connection.py", line 204, in _new_conn
    sock = connection.create_connection(
        (self._dns_host, self.port),
    ...<2 lines>...
        socket_options=self.socket_options,
    )
  File "C:\Users\Lenovo\AppData\Roaming\Python\Python314\site-packages\urllib3\util\connection.py", line 85, in create_connection
    raise err
  File "C:\Users\Lenovo\AppData\Roaming\Python\Python314\site-packages\urllib3\util\connection.py", line 73, in create_connection
    sock.connect(sa)
    ~~~~~~~~~~~~^^^^
ConnectionRefusedError: [WinError 10061] No connection could be made because the target machine actively refused it

The above exception was the direct cause of the following exception:

Traceback (most recent call last):
  File "C:\Users\Lenovo\AppData\Roaming\Python\Python314\site-packages\urllib3\connectionpool.py", line 787, in urlopen
    response = self._make_request(
        conn,
    ...<10 lines>...
        **response_kw,
    )
  File "C:\Users\Lenovo\AppData\Roaming\Python\Python314\site-packages\urllib3\connectionpool.py", line 493, in _make_request
    conn.request(
    ~~~~~~~~~~~~^
        method,
        ^^^^^^^
    ...<6 lines>...
        enforce_content_length=enforce_content_length,
        ^^^^^^^^^^^^^^^^^^^^^^^^^^^^^^^^^^^^^^^^^^^^^^
    )
    ^
  File "C:\Users\Lenovo\AppData\Roaming\Python\Python314\site-packages\urllib3\connection.py", line 500, in request
    self.endheaders()
    ~~~~~~~~~~~~~~~^^
  File "C:\Python314\Lib\http\client.py", line 1353, in endheaders
    self._send_output(message_body, encode_chunked=encode_chunked)
    ~~~~~~~~~~~~~~~~~^^^^^^^^^^^^^^^^^^^^^^^^^^^^^^^^^^^^^^^^^^^^^
  File "C:\Python314\Lib\http\client.py", line 1113, in _send_output
    self.send(msg)
    ~~~~~~~~~^^^^^
  File "C:\Python314\Lib\http\client.py", line 1057, in send
    self.connect()
    ~~~~~~~~~~~~^^
  File "C:\Users\Lenovo\AppData\Roaming\Python\Python314\site-packages\urllib3\connection.py", line 331, in connect
    self.sock = self._new_conn()
                ~~~~~~~~~~~~~~^^
  File "C:\Users\Lenovo\AppData\Roaming\Python\Python314\site-packages\urllib3\connection.py", line 219, in _new_conn
    raise NewConnectionError(
        self, f"Failed to establish a new connection: {e}"
    ) from e
urllib3.exceptions.NewConnectionError: HTTPConnection(host='127.0.0.1', port=4723): Failed to establish a new connection: [WinError 10061] No connection could be made because the target machine actively refused it

The above exception was the direct cause of the following exception:

Traceback (most recent call last):
  File "C:\Users\Lenovo\OneDrive\Desktop\SofaApp\core\session_manager.py", line 53, in start_session
    driver = webdriver.Remote(server_url, options=options)
  File "C:\Users\Lenovo\AppData\Roaming\Python\Python314\site-packages\appium\webdriver\webdriver.py", line 229, in __init__
    super().__init__(
    ~~~~~~~~~~~~~~~~^
        command_executor=command_executor,
        ^^^^^^^^^^^^^^^^^^^^^^^^^^^^^^^^^^
        options=options,
        ^^^^^^^^^^^^^^^^
    )
    ^
  File "C:\Users\Lenovo\AppData\Roaming\Python\Python314\site-packages\selenium\webdriver\remote\webdriver.py", line 208, in __init__
    self.start_session(capabilities)
    ~~~~~~~~~~~~~~~~~~^^^^^^^^^^^^^^
  File "C:\Users\Lenovo\AppData\Roaming\Python\Python314\site-packages\appium\webdriver\webdriver.py", line 321, in start_session
    response = self.execute(RemoteCommand.NEW_SESSION, w3c_caps)
  File "C:\Users\Lenovo\AppData\Roaming\Python\Python314\site-packages\selenium\webdriver\remote\webdriver.py", line 345, in execute
    response = self.command_executor.execute(driver_command, params)
  File "C:\Users\Lenovo\AppData\Roaming\Python\Python314\site-packages\selenium\webdriver\remote\remote_connection.py", line 300, in execute
    return self._request(command_info[0], url, body=data)
           ~~~~~~~~~~~~~^^^^^^^^^^^^^^^^^^^^^^^^^^^^^^^^^
  File "C:\Users\Lenovo\AppData\Roaming\Python\Python314\site-packages\selenium\webdriver\remote\remote_connection.py", line 321, in _request
    response = self._conn.request(method, url, body=body, headers=headers)
  File "C:\Users\Lenovo\AppData\Roaming\Python\Python314\site-packages\urllib3\_request_methods.py", line 143, in request
    return self.request_encode_body(
           ~~~~~~~~~~~~~~~~~~~~~~~~^
        method, url, fields=fields, headers=headers, **urlopen_kw
        ^^^^^^^^^^^^^^^^^^^^^^^^^^^^^^^^^^^^^^^^^^^^^^^^^^^^^^^^^
    )
    ^
  File "C:\Users\Lenovo\AppData\Roaming\Python\Python314\site-packages\urllib3\_request_methods.py", line 278, in request_encode_body
    return self.urlopen(method, url, **extra_kw)
           ~~~~~~~~~~~~^^^^^^^^^^^^^^^^^^^^^^^^^
  File "C:\Users\Lenovo\AppData\Roaming\Python\Python314\site-packages\urllib3\poolmanager.py", line 457, in urlopen
    response = conn.urlopen(method, u.request_uri, **kw)
  File "C:\Users\Lenovo\AppData\Roaming\Python\Python314\site-packages\urllib3\connectionpool.py", line 871, in urlopen
    return self.urlopen(
           ~~~~~~~~~~~~^
        method,
        ^^^^^^^
    ...<13 lines>...
        **response_kw,
        ^^^^^^^^^^^^^^
    )
    ^
  File "C:\Users\Lenovo\AppData\Roaming\Python\Python314\site-packages\urllib3\connectionpool.py", line 871, in urlopen
    return self.urlopen(
           ~~~~~~~~~~~~^
        method,
        ^^^^^^^
    ...<13 lines>...
        **response_kw,
        ^^^^^^^^^^^^^^
    )
    ^
  File "C:\Users\Lenovo\AppData\Roaming\Python\Python314\site-packages\urllib3\connectionpool.py", line 871, in urlopen
    return self.urlopen(
           ~~~~~~~~~~~~^
        method,
        ^^^^^^^
    ...<13 lines>...
        **response_kw,
        ^^^^^^^^^^^^^^
    )
    ^
  File "C:\Users\Lenovo\AppData\Roaming\Python\Python314\site-packages\urllib3\connectionpool.py", line 841, in urlopen
    retries = retries.increment(
        method, url, error=new_e, _pool=self, _stacktrace=sys.exc_info()[2]
    )
  File "C:\Users\Lenovo\AppData\Roaming\Python\Python314\site-packages\urllib3\util\retry.py", line 535, in increment
    raise MaxRetryError(_pool, url, reason) from reason  # type: ignore[arg-type]
    ^^^^^^^^^^^^^^^^^^^^^^^^^^^^^^^^^^^^^^^^^^^^^^^^^^^
urllib3.exceptions.MaxRetryError: HTTPConnectionPool(host='127.0.0.1', port=4723): Max retries exceeded with url: /session (Caused by NewConnectionError("HTTPConnection(host='127.0.0.1', port=4723): Failed to establish a new connection: [WinError 10061] No connection could be made because the target machine actively refused it"))
2026-04-22 08:24:49,473 - [WARNING] [user1] Driver failed to start. Recording failure.
2026-04-22 08:24:49,474 - [ERROR] Account user1 temporarily disabled
2026-04-22 08:24:49,474 - [WARNING] All accounts have failed or hit limits. Stopping scheduler.
2026-04-22 08:24:49,474 - [INFO] --- VALIDATION CYCLE 2/6 ---
2026-04-22 08:24:49,476 - [INFO] Loaded 1 accounts.
2026-04-22 08:24:49,477 - [INFO] Starting execution pool.
2026-04-22 08:24:49,477 - [INFO] Running account: user1
2026-04-22 08:24:49,477 - [INFO] [user1] Starting Appium session on device R3CMB0CDBPT...
2026-04-22 08:24:57,588 - [ERROR] [user1] Failed to start Appium session: HTTPConnectionPool(host='127.0.0.1', port=4723): Max retries exceeded with url: /session (Caused by NewConnectionError("HTTPConnection(host='127.0.0.1', port=4723): Failed to establish a new connection: [WinError 10061] No connection could be made because the target machine actively refused it"))
Traceback (most recent call last):
  File "C:\Users\Lenovo\AppData\Roaming\Python\Python314\site-packages\urllib3\connection.py", line 204, in _new_conn
    sock = connection.create_connection(
        (self._dns_host, self.port),
    ...<2 lines>...
        socket_options=self.socket_options,
    )
  File "C:\Users\Lenovo\AppData\Roaming\Python\Python314\site-packages\urllib3\util\connection.py", line 85, in create_connection
    raise err
  File "C:\Users\Lenovo\AppData\Roaming\Python\Python314\site-packages\urllib3\util\connection.py", line 73, in create_connection
    sock.connect(sa)
    ~~~~~~~~~~~~^^^^
ConnectionRefusedError: [WinError 10061] No connection could be made because the target machine actively refused it

The above exception was the direct cause of the following exception:

Traceback (most recent call last):
  File "C:\Users\Lenovo\AppData\Roaming\Python\Python314\site-packages\urllib3\connectionpool.py", line 787, in urlopen
    response = self._make_request(
        conn,
    ...<10 lines>...
        **response_kw,
    )
  File "C:\Users\Lenovo\AppData\Roaming\Python\Python314\site-packages\urllib3\connectionpool.py", line 493, in _make_request
    conn.request(
    ~~~~~~~~~~~~^
        method,
        ^^^^^^^
    ...<6 lines>...
        enforce_content_length=enforce_content_length,
        ^^^^^^^^^^^^^^^^^^^^^^^^^^^^^^^^^^^^^^^^^^^^^^
    )
    ^
  File "C:\Users\Lenovo\AppData\Roaming\Python\Python314\site-packages\urllib3\connection.py", line 500, in request
    self.endheaders()
    ~~~~~~~~~~~~~~~^^
  File "C:\Python314\Lib\http\client.py", line 1353, in endheaders
    self._send_output(message_body, encode_chunked=encode_chunked)
    ~~~~~~~~~~~~~~~~~^^^^^^^^^^^^^^^^^^^^^^^^^^^^^^^^^^^^^^^^^^^^^
  File "C:\Python314\Lib\http\client.py", line 1113, in _send_output
    self.send(msg)
    ~~~~~~~~~^^^^^
  File "C:\Python314\Lib\http\client.py", line 1057, in send
    self.connect()
    ~~~~~~~~~~~~^^
  File "C:\Users\Lenovo\AppData\Roaming\Python\Python314\site-packages\urllib3\connection.py", line 331, in connect
    self.sock = self._new_conn()
                ~~~~~~~~~~~~~~^^
  File "C:\Users\Lenovo\AppData\Roaming\Python\Python314\site-packages\urllib3\connection.py", line 219, in _new_conn
    raise NewConnectionError(
        self, f"Failed to establish a new connection: {e}"
    ) from e
urllib3.exceptions.NewConnectionError: HTTPConnection(host='127.0.0.1', port=4723): Failed to establish a new connection: [WinError 10061] No connection could be made because the target machine actively refused it

The above exception was the direct cause of the following exception:

Traceback (most recent call last):
  File "C:\Users\Lenovo\OneDrive\Desktop\SofaApp\core\session_manager.py", line 53, in start_session
    driver = webdriver.Remote(server_url, options=options)
  File "C:\Users\Lenovo\AppData\Roaming\Python\Python314\site-packages\appium\webdriver\webdriver.py", line 229, in __init__
    super().__init__(
    ~~~~~~~~~~~~~~~~^
        command_executor=command_executor,
        ^^^^^^^^^^^^^^^^^^^^^^^^^^^^^^^^^^
        options=options,
        ^^^^^^^^^^^^^^^^
    )
    ^
  File "C:\Users\Lenovo\AppData\Roaming\Python\Python314\site-packages\selenium\webdriver\remote\webdriver.py", line 208, in __init__
    self.start_session(capabilities)
    ~~~~~~~~~~~~~~~~~~^^^^^^^^^^^^^^
  File "C:\Users\Lenovo\AppData\Roaming\Python\Python314\site-packages\appium\webdriver\webdriver.py", line 321, in start_session
    response = self.execute(RemoteCommand.NEW_SESSION, w3c_caps)
  File "C:\Users\Lenovo\AppData\Roaming\Python\Python314\site-packages\selenium\webdriver\remote\webdriver.py", line 345, in execute
    response = self.command_executor.execute(driver_command, params)
  File "C:\Users\Lenovo\AppData\Roaming\Python\Python314\site-packages\selenium\webdriver\remote\remote_connection.py", line 300, in execute
    return self._request(command_info[0], url, body=data)
           ~~~~~~~~~~~~~^^^^^^^^^^^^^^^^^^^^^^^^^^^^^^^^^
  File "C:\Users\Lenovo\AppData\Roaming\Python\Python314\site-packages\selenium\webdriver\remote\remote_connection.py", line 321, in _request
    response = self._conn.request(method, url, body=body, headers=headers)
  File "C:\Users\Lenovo\AppData\Roaming\Python\Python314\site-packages\urllib3\_request_methods.py", line 143, in request
    return self.request_encode_body(
           ~~~~~~~~~~~~~~~~~~~~~~~~^
        method, url, fields=fields, headers=headers, **urlopen_kw
        ^^^^^^^^^^^^^^^^^^^^^^^^^^^^^^^^^^^^^^^^^^^^^^^^^^^^^^^^^
    )
    ^
  File "C:\Users\Lenovo\AppData\Roaming\Python\Python314\site-packages\urllib3\_request_methods.py", line 278, in request_encode_body
    return self.urlopen(method, url, **extra_kw)
           ~~~~~~~~~~~~^^^^^^^^^^^^^^^^^^^^^^^^^
  File "C:\Users\Lenovo\AppData\Roaming\Python\Python314\site-packages\urllib3\poolmanager.py", line 457, in urlopen
    response = conn.urlopen(method, u.request_uri, **kw)
  File "C:\Users\Lenovo\AppData\Roaming\Python\Python314\site-packages\urllib3\connectionpool.py", line 871, in urlopen
    return self.urlopen(
           ~~~~~~~~~~~~^
        method,
        ^^^^^^^
    ...<13 lines>...
        **response_kw,
        ^^^^^^^^^^^^^^
    )
    ^
  File "C:\Users\Lenovo\AppData\Roaming\Python\Python314\site-packages\urllib3\connectionpool.py", line 871, in urlopen
    return self.urlopen(
           ~~~~~~~~~~~~^
        method,
        ^^^^^^^
    ...<13 lines>...
        **response_kw,
        ^^^^^^^^^^^^^^
    )
    ^
  File "C:\Users\Lenovo\AppData\Roaming\Python\Python314\site-packages\urllib3\connectionpool.py", line 871, in urlopen
    return self.urlopen(
           ~~~~~~~~~~~~^
        method,
        ^^^^^^^
    ...<13 lines>...
        **response_kw,
        ^^^^^^^^^^^^^^
    )
    ^
  File "C:\Users\Lenovo\AppData\Roaming\Python\Python314\site-packages\urllib3\connectionpool.py", line 841, in urlopen
    retries = retries.increment(
        method, url, error=new_e, _pool=self, _stacktrace=sys.exc_info()[2]
    )
  File "C:\Users\Lenovo\AppData\Roaming\Python\Python314\site-packages\urllib3\util\retry.py", line 535, in increment
    raise MaxRetryError(_pool, url, reason) from reason  # type: ignore[arg-type]
    ^^^^^^^^^^^^^^^^^^^^^^^^^^^^^^^^^^^^^^^^^^^^^^^^^^^
urllib3.exceptions.MaxRetryError: HTTPConnectionPool(host='127.0.0.1', port=4723): Max retries exceeded with url: /session (Caused by NewConnectionError("HTTPConnection(host='127.0.0.1', port=4723): Failed to establish a new connection: [WinError 10061] No connection could be made because the target machine actively refused it"))
2026-04-22 08:24:57,597 - [WARNING] [user1] Driver failed to start. Recording failure.
2026-04-22 08:24:57,598 - [INFO] Running account: user1
2026-04-22 08:24:57,598 - [INFO] [user1] Starting Appium session on device R3CMB0CDBPT...
2026-04-22 08:25:05,734 - [ERROR] [user1] Failed to start Appium session: HTTPConnectionPool(host='127.0.0.1', port=4723): Max retries exceeded with url: /session (Caused by NewConnectionError("HTTPConnection(host='127.0.0.1', port=4723): Failed to establish a new connection: [WinError 10061] No connection could be made because the target machine actively refused it"))
Traceback (most recent call last):
  File "C:\Users\Lenovo\AppData\Roaming\Python\Python314\site-packages\urllib3\connection.py", line 204, in _new_conn
    sock = connection.create_connection(
        (self._dns_host, self.port),
    ...<2 lines>...
        socket_options=self.socket_options,
    )
  File "C:\Users\Lenovo\AppData\Roaming\Python\Python314\site-packages\urllib3\util\connection.py", line 85, in create_connection
    raise err
  File "C:\Users\Lenovo\AppData\Roaming\Python\Python314\site-packages\urllib3\util\connection.py", line 73, in create_connection
    sock.connect(sa)
    ~~~~~~~~~~~~^^^^
ConnectionRefusedError: [WinError 10061] No connection could be made because the target machine actively refused it

The above exception was the direct cause of the following exception:

Traceback (most recent call last):
  File "C:\Users\Lenovo\AppData\Roaming\Python\Python314\site-packages\urllib3\connectionpool.py", line 787, in urlopen
    response = self._make_request(
        conn,
    ...<10 lines>...
        **response_kw,
    )
  File "C:\Users\Lenovo\AppData\Roaming\Python\Python314\site-packages\urllib3\connectionpool.py", line 493, in _make_request
    conn.request(
    ~~~~~~~~~~~~^
        method,
        ^^^^^^^
    ...<6 lines>...
        enforce_content_length=enforce_content_length,
        ^^^^^^^^^^^^^^^^^^^^^^^^^^^^^^^^^^^^^^^^^^^^^^
    )
    ^
  File "C:\Users\Lenovo\AppData\Roaming\Python\Python314\site-packages\urllib3\connection.py", line 500, in request
    self.endheaders()
    ~~~~~~~~~~~~~~~^^
  File "C:\Python314\Lib\http\client.py", line 1353, in endheaders
    self._send_output(message_body, encode_chunked=encode_chunked)
    ~~~~~~~~~~~~~~~~~^^^^^^^^^^^^^^^^^^^^^^^^^^^^^^^^^^^^^^^^^^^^^
  File "C:\Python314\Lib\http\client.py", line 1113, in _send_output
    self.send(msg)
    ~~~~~~~~~^^^^^
  File "C:\Python314\Lib\http\client.py", line 1057, in send
    self.connect()
    ~~~~~~~~~~~~^^
  File "C:\Users\Lenovo\AppData\Roaming\Python\Python314\site-packages\urllib3\connection.py", line 331, in connect
    self.sock = self._new_conn()
                ~~~~~~~~~~~~~~^^
  File "C:\Users\Lenovo\AppData\Roaming\Python\Python314\site-packages\urllib3\connection.py", line 219, in _new_conn
    raise NewConnectionError(
        self, f"Failed to establish a new connection: {e}"
    ) from e
urllib3.exceptions.NewConnectionError: HTTPConnection(host='127.0.0.1', port=4723): Failed to establish a new connection: [WinError 10061] No connection could be made because the target machine actively refused it

The above exception was the direct cause of the following exception:

Traceback (most recent call last):
  File "C:\Users\Lenovo\OneDrive\Desktop\SofaApp\core\session_manager.py", line 53, in start_session
    driver = webdriver.Remote(server_url, options=options)
  File "C:\Users\Lenovo\AppData\Roaming\Python\Python314\site-packages\appium\webdriver\webdriver.py", line 229, in __init__
    super().__init__(
    ~~~~~~~~~~~~~~~~^
        command_executor=command_executor,
        ^^^^^^^^^^^^^^^^^^^^^^^^^^^^^^^^^^
        options=options,
        ^^^^^^^^^^^^^^^^
    )
    ^
  File "C:\Users\Lenovo\AppData\Roaming\Python\Python314\site-packages\selenium\webdriver\remote\webdriver.py", line 208, in __init__
    self.start_session(capabilities)
    ~~~~~~~~~~~~~~~~~~^^^^^^^^^^^^^^
  File "C:\Users\Lenovo\AppData\Roaming\Python\Python314\site-packages\appium\webdriver\webdriver.py", line 321, in start_session
    response = self.execute(RemoteCommand.NEW_SESSION, w3c_caps)
  File "C:\Users\Lenovo\AppData\Roaming\Python\Python314\site-packages\selenium\webdriver\remote\webdriver.py", line 345, in execute
    response = self.command_executor.execute(driver_command, params)
  File "C:\Users\Lenovo\AppData\Roaming\Python\Python314\site-packages\selenium\webdriver\remote\remote_connection.py", line 300, in execute
    return self._request(command_info[0], url, body=data)
           ~~~~~~~~~~~~~^^^^^^^^^^^^^^^^^^^^^^^^^^^^^^^^^
  File "C:\Users\Lenovo\AppData\Roaming\Python\Python314\site-packages\selenium\webdriver\remote\remote_connection.py", line 321, in _request
    response = self._conn.request(method, url, body=body, headers=headers)
  File "C:\Users\Lenovo\AppData\Roaming\Python\Python314\site-packages\urllib3\_request_methods.py", line 143, in request
    return self.request_encode_body(
           ~~~~~~~~~~~~~~~~~~~~~~~~^
        method, url, fields=fields, headers=headers, **urlopen_kw
        ^^^^^^^^^^^^^^^^^^^^^^^^^^^^^^^^^^^^^^^^^^^^^^^^^^^^^^^^^
    )
    ^
  File "C:\Users\Lenovo\AppData\Roaming\Python\Python314\site-packages\urllib3\_request_methods.py", line 278, in request_encode_body
    return self.urlopen(method, url, **extra_kw)
           ~~~~~~~~~~~~^^^^^^^^^^^^^^^^^^^^^^^^^
  File "C:\Users\Lenovo\AppData\Roaming\Python\Python314\site-packages\urllib3\poolmanager.py", line 457, in urlopen
    response = conn.urlopen(method, u.request_uri, **kw)
  File "C:\Users\Lenovo\AppData\Roaming\Python\Python314\site-packages\urllib3\connectionpool.py", line 871, in urlopen
    return self.urlopen(
           ~~~~~~~~~~~~^
        method,
        ^^^^^^^
    ...<13 lines>...
        **response_kw,
        ^^^^^^^^^^^^^^
    )
    ^
  File "C:\Users\Lenovo\AppData\Roaming\Python\Python314\site-packages\urllib3\connectionpool.py", line 871, in urlopen
    return self.urlopen(
           ~~~~~~~~~~~~^
        method,
        ^^^^^^^
    ...<13 lines>...
        **response_kw,
        ^^^^^^^^^^^^^^
    )
    ^
  File "C:\Users\Lenovo\AppData\Roaming\Python\Python314\site-packages\urllib3\connectionpool.py", line 871, in urlopen
    return self.urlopen(
           ~~~~~~~~~~~~^
        method,
        ^^^^^^^
    ...<13 lines>...
        **response_kw,
        ^^^^^^^^^^^^^^
    )
    ^
  File "C:\Users\Lenovo\AppData\Roaming\Python\Python314\site-packages\urllib3\connectionpool.py", line 841, in urlopen
    retries = retries.increment(
        method, url, error=new_e, _pool=self, _stacktrace=sys.exc_info()[2]
    )
  File "C:\Users\Lenovo\AppData\Roaming\Python\Python314\site-packages\urllib3\util\retry.py", line 535, in increment
    raise MaxRetryError(_pool, url, reason) from reason  # type: ignore[arg-type]
    ^^^^^^^^^^^^^^^^^^^^^^^^^^^^^^^^^^^^^^^^^^^^^^^^^^^
urllib3.exceptions.MaxRetryError: HTTPConnectionPool(host='127.0.0.1', port=4723): Max retries exceeded with url: /session (Caused by NewConnectionError("HTTPConnection(host='127.0.0.1', port=4723): Failed to establish a new connection: [WinError 10061] No connection could be made because the target machine actively refused it"))
2026-04-22 08:25:05,743 - [WARNING] [user1] Driver failed to start. Recording failure.
2026-04-22 08:25:05,743 - [INFO] Running account: user1
2026-04-22 08:25:05,743 - [INFO] [user1] Starting Appium session on device R3CMB0CDBPT...
2026-04-22 08:25:13,873 - [ERROR] [user1] Failed to start Appium session: HTTPConnectionPool(host='127.0.0.1', port=4723): Max retries exceeded with url: /session (Caused by NewConnectionError("HTTPConnection(host='127.0.0.1', port=4723): Failed to establish a new connection: [WinError 10061] No connection could be made because the target machine actively refused it"))
Traceback (most recent call last):
  File "C:\Users\Lenovo\AppData\Roaming\Python\Python314\site-packages\urllib3\connection.py", line 204, in _new_conn
    sock = connection.create_connection(
        (self._dns_host, self.port),
    ...<2 lines>...
        socket_options=self.socket_options,
    )
  File "C:\Users\Lenovo\AppData\Roaming\Python\Python314\site-packages\urllib3\util\connection.py", line 85, in create_connection
    raise err
  File "C:\Users\Lenovo\AppData\Roaming\Python\Python314\site-packages\urllib3\util\connection.py", line 73, in create_connection
    sock.connect(sa)
    ~~~~~~~~~~~~^^^^
ConnectionRefusedError: [WinError 10061] No connection could be made because the target machine actively refused it

The above exception was the direct cause of the following exception:

Traceback (most recent call last):
  File "C:\Users\Lenovo\AppData\Roaming\Python\Python314\site-packages\urllib3\connectionpool.py", line 787, in urlopen
    response = self._make_request(
        conn,
    ...<10 lines>...
        **response_kw,
    )
  File "C:\Users\Lenovo\AppData\Roaming\Python\Python314\site-packages\urllib3\connectionpool.py", line 493, in _make_request
    conn.request(
    ~~~~~~~~~~~~^
        method,
        ^^^^^^^
    ...<6 lines>...
        enforce_content_length=enforce_content_length,
        ^^^^^^^^^^^^^^^^^^^^^^^^^^^^^^^^^^^^^^^^^^^^^^
    )
    ^
  File "C:\Users\Lenovo\AppData\Roaming\Python\Python314\site-packages\urllib3\connection.py", line 500, in request
    self.endheaders()
    ~~~~~~~~~~~~~~~^^
  File "C:\Python314\Lib\http\client.py", line 1353, in endheaders
    self._send_output(message_body, encode_chunked=encode_chunked)
    ~~~~~~~~~~~~~~~~~^^^^^^^^^^^^^^^^^^^^^^^^^^^^^^^^^^^^^^^^^^^^^
  File "C:\Python314\Lib\http\client.py", line 1113, in _send_output
    self.send(msg)
    ~~~~~~~~~^^^^^
  File "C:\Python314\Lib\http\client.py", line 1057, in send
    self.connect()
    ~~~~~~~~~~~~^^
  File "C:\Users\Lenovo\AppData\Roaming\Python\Python314\site-packages\urllib3\connection.py", line 331, in connect
    self.sock = self._new_conn()
                ~~~~~~~~~~~~~~^^
  File "C:\Users\Lenovo\AppData\Roaming\Python\Python314\site-packages\urllib3\connection.py", line 219, in _new_conn
    raise NewConnectionError(
        self, f"Failed to establish a new connection: {e}"
    ) from e
urllib3.exceptions.NewConnectionError: HTTPConnection(host='127.0.0.1', port=4723): Failed to establish a new connection: [WinError 10061] No connection could be made because the target machine actively refused it

The above exception was the direct cause of the following exception:

Traceback (most recent call last):
  File "C:\Users\Lenovo\OneDrive\Desktop\SofaApp\core\session_manager.py", line 53, in start_session
    driver = webdriver.Remote(server_url, options=options)
  File "C:\Users\Lenovo\AppData\Roaming\Python\Python314\site-packages\appium\webdriver\webdriver.py", line 229, in __init__
    super().__init__(
    ~~~~~~~~~~~~~~~~^
        command_executor=command_executor,
        ^^^^^^^^^^^^^^^^^^^^^^^^^^^^^^^^^^
        options=options,
        ^^^^^^^^^^^^^^^^
    )
    ^
  File "C:\Users\Lenovo\AppData\Roaming\Python\Python314\site-packages\selenium\webdriver\remote\webdriver.py", line 208, in __init__
    self.start_session(capabilities)
    ~~~~~~~~~~~~~~~~~~^^^^^^^^^^^^^^
  File "C:\Users\Lenovo\AppData\Roaming\Python\Python314\site-packages\appium\webdriver\webdriver.py", line 321, in start_session
    response = self.execute(RemoteCommand.NEW_SESSION, w3c_caps)
  File "C:\Users\Lenovo\AppData\Roaming\Python\Python314\site-packages\selenium\webdriver\remote\webdriver.py", line 345, in execute
    response = self.command_executor.execute(driver_command, params)
  File "C:\Users\Lenovo\AppData\Roaming\Python\Python314\site-packages\selenium\webdriver\remote\remote_connection.py", line 300, in execute
    return self._request(command_info[0], url, body=data)
           ~~~~~~~~~~~~~^^^^^^^^^^^^^^^^^^^^^^^^^^^^^^^^^
  File "C:\Users\Lenovo\AppData\Roaming\Python\Python314\site-packages\selenium\webdriver\remote\remote_connection.py", line 321, in _request
    response = self._conn.request(method, url, body=body, headers=headers)
  File "C:\Users\Lenovo\AppData\Roaming\Python\Python314\site-packages\urllib3\_request_methods.py", line 143, in request
    return self.request_encode_body(
           ~~~~~~~~~~~~~~~~~~~~~~~~^
        method, url, fields=fields, headers=headers, **urlopen_kw
        ^^^^^^^^^^^^^^^^^^^^^^^^^^^^^^^^^^^^^^^^^^^^^^^^^^^^^^^^^
    )
    ^
  File "C:\Users\Lenovo\AppData\Roaming\Python\Python314\site-packages\urllib3\_request_methods.py", line 278, in request_encode_body
    return self.urlopen(method, url, **extra_kw)
           ~~~~~~~~~~~~^^^^^^^^^^^^^^^^^^^^^^^^^
  File "C:\Users\Lenovo\AppData\Roaming\Python\Python314\site-packages\urllib3\poolmanager.py", line 457, in urlopen
    response = conn.urlopen(method, u.request_uri, **kw)
  File "C:\Users\Lenovo\AppData\Roaming\Python\Python314\site-packages\urllib3\connectionpool.py", line 871, in urlopen
    return self.urlopen(
           ~~~~~~~~~~~~^
        method,
        ^^^^^^^
    ...<13 lines>...
        **response_kw,
        ^^^^^^^^^^^^^^
    )
    ^
  File "C:\Users\Lenovo\AppData\Roaming\Python\Python314\site-packages\urllib3\connectionpool.py", line 871, in urlopen
    return self.urlopen(
           ~~~~~~~~~~~~^
        method,
        ^^^^^^^
    ...<13 lines>...
        **response_kw,
        ^^^^^^^^^^^^^^
    )
    ^
  File "C:\Users\Lenovo\AppData\Roaming\Python\Python314\site-packages\urllib3\connectionpool.py", line 871, in urlopen
    return self.urlopen(
           ~~~~~~~~~~~~^
        method,
        ^^^^^^^
    ...<13 lines>...
        **response_kw,
        ^^^^^^^^^^^^^^
    )
    ^
  File "C:\Users\Lenovo\AppData\Roaming\Python\Python314\site-packages\urllib3\connectionpool.py", line 841, in urlopen
    retries = retries.increment(
        method, url, error=new_e, _pool=self, _stacktrace=sys.exc_info()[2]
    )
  File "C:\Users\Lenovo\AppData\Roaming\Python\Python314\site-packages\urllib3\util\retry.py", line 535, in increment
    raise MaxRetryError(_pool, url, reason) from reason  # type: ignore[arg-type]
    ^^^^^^^^^^^^^^^^^^^^^^^^^^^^^^^^^^^^^^^^^^^^^^^^^^^
urllib3.exceptions.MaxRetryError: HTTPConnectionPool(host='127.0.0.1', port=4723): Max retries exceeded with url: /session (Caused by NewConnectionError("HTTPConnection(host='127.0.0.1', port=4723): Failed to establish a new connection: [WinError 10061] No connection could be made because the target machine actively refused it"))
2026-04-22 08:25:13,880 - [WARNING] [user1] Driver failed to start. Recording failure.
2026-04-22 08:25:13,880 - [ERROR] Account user1 temporarily disabled
2026-04-22 08:25:13,880 - [WARNING] All accounts have failed or hit limits. Stopping scheduler.
2026-04-22 08:25:13,881 - [INFO] --- VALIDATION CYCLE 3/6 ---
2026-04-22 08:25:13,882 - [INFO] Loaded 1 accounts.
2026-04-22 08:25:13,883 - [INFO] Starting execution pool.
2026-04-22 08:25:13,884 - [INFO] Running account: user1
2026-04-22 08:25:13,884 - [INFO] [user1] Starting Appium session on device R3CMB0CDBPT...
2026-04-22 08:25:22,024 - [ERROR] [user1] Failed to start Appium session: HTTPConnectionPool(host='127.0.0.1', port=4723): Max retries exceeded with url: /session (Caused by NewConnectionError("HTTPConnection(host='127.0.0.1', port=4723): Failed to establish a new connection: [WinError 10061] No connection could be made because the target machine actively refused it"))
Traceback (most recent call last):
  File "C:\Users\Lenovo\AppData\Roaming\Python\Python314\site-packages\urllib3\connection.py", line 204, in _new_conn
    sock = connection.create_connection(
        (self._dns_host, self.port),
    ...<2 lines>...
        socket_options=self.socket_options,
    )
  File "C:\Users\Lenovo\AppData\Roaming\Python\Python314\site-packages\urllib3\util\connection.py", line 85, in create_connection
    raise err
  File "C:\Users\Lenovo\AppData\Roaming\Python\Python314\site-packages\urllib3\util\connection.py", line 73, in create_connection
    sock.connect(sa)
    ~~~~~~~~~~~~^^^^
ConnectionRefusedError: [WinError 10061] No connection could be made because the target machine actively refused it

The above exception was the direct cause of the following exception:

Traceback (most recent call last):
  File "C:\Users\Lenovo\AppData\Roaming\Python\Python314\site-packages\urllib3\connectionpool.py", line 787, in urlopen
    response = self._make_request(
        conn,
    ...<10 lines>...
        **response_kw,
    )
  File "C:\Users\Lenovo\AppData\Roaming\Python\Python314\site-packages\urllib3\connectionpool.py", line 493, in _make_request
    conn.request(
    ~~~~~~~~~~~~^
        method,
        ^^^^^^^
    ...<6 lines>...
        enforce_content_length=enforce_content_length,
        ^^^^^^^^^^^^^^^^^^^^^^^^^^^^^^^^^^^^^^^^^^^^^^
    )
    ^
  File "C:\Users\Lenovo\AppData\Roaming\Python\Python314\site-packages\urllib3\connection.py", line 500, in request
    self.endheaders()
    ~~~~~~~~~~~~~~~^^
  File "C:\Python314\Lib\http\client.py", line 1353, in endheaders
    self._send_output(message_body, encode_chunked=encode_chunked)
    ~~~~~~~~~~~~~~~~~^^^^^^^^^^^^^^^^^^^^^^^^^^^^^^^^^^^^^^^^^^^^^
  File "C:\Python314\Lib\http\client.py", line 1113, in _send_output
    self.send(msg)
    ~~~~~~~~~^^^^^
  File "C:\Python314\Lib\http\client.py", line 1057, in send
    self.connect()
    ~~~~~~~~~~~~^^
  File "C:\Users\Lenovo\AppData\Roaming\Python\Python314\site-packages\urllib3\connection.py", line 331, in connect
    self.sock = self._new_conn()
                ~~~~~~~~~~~~~~^^
  File "C:\Users\Lenovo\AppData\Roaming\Python\Python314\site-packages\urllib3\connection.py", line 219, in _new_conn
    raise NewConnectionError(
        self, f"Failed to establish a new connection: {e}"
    ) from e
urllib3.exceptions.NewConnectionError: HTTPConnection(host='127.0.0.1', port=4723): Failed to establish a new connection: [WinError 10061] No connection could be made because the target machine actively refused it

The above exception was the direct cause of the following exception:

Traceback (most recent call last):
  File "C:\Users\Lenovo\OneDrive\Desktop\SofaApp\core\session_manager.py", line 53, in start_session
    driver = webdriver.Remote(server_url, options=options)
  File "C:\Users\Lenovo\AppData\Roaming\Python\Python314\site-packages\appium\webdriver\webdriver.py", line 229, in __init__
    super().__init__(
    ~~~~~~~~~~~~~~~~^
        command_executor=command_executor,
        ^^^^^^^^^^^^^^^^^^^^^^^^^^^^^^^^^^
        options=options,
        ^^^^^^^^^^^^^^^^
    )
    ^
  File "C:\Users\Lenovo\AppData\Roaming\Python\Python314\site-packages\selenium\webdriver\remote\webdriver.py", line 208, in __init__
    self.start_session(capabilities)
    ~~~~~~~~~~~~~~~~~~^^^^^^^^^^^^^^
  File "C:\Users\Lenovo\AppData\Roaming\Python\Python314\site-packages\appium\webdriver\webdriver.py", line 321, in start_session
    response = self.execute(RemoteCommand.NEW_SESSION, w3c_caps)
  File "C:\Users\Lenovo\AppData\Roaming\Python\Python314\site-packages\selenium\webdriver\remote\webdriver.py", line 345, in execute
    response = self.command_executor.execute(driver_command, params)
  File "C:\Users\Lenovo\AppData\Roaming\Python\Python314\site-packages\selenium\webdriver\remote\remote_connection.py", line 300, in execute
    return self._request(command_info[0], url, body=data)
           ~~~~~~~~~~~~~^^^^^^^^^^^^^^^^^^^^^^^^^^^^^^^^^
  File "C:\Users\Lenovo\AppData\Roaming\Python\Python314\site-packages\selenium\webdriver\remote\remote_connection.py", line 321, in _request
    response = self._conn.request(method, url, body=body, headers=headers)
  File "C:\Users\Lenovo\AppData\Roaming\Python\Python314\site-packages\urllib3\_request_methods.py", line 143, in request
    return self.request_encode_body(
           ~~~~~~~~~~~~~~~~~~~~~~~~^
        method, url, fields=fields, headers=headers, **urlopen_kw
        ^^^^^^^^^^^^^^^^^^^^^^^^^^^^^^^^^^^^^^^^^^^^^^^^^^^^^^^^^
    )
    ^
  File "C:\Users\Lenovo\AppData\Roaming\Python\Python314\site-packages\urllib3\_request_methods.py", line 278, in request_encode_body
    return self.urlopen(method, url, **extra_kw)
           ~~~~~~~~~~~~^^^^^^^^^^^^^^^^^^^^^^^^^
  File "C:\Users\Lenovo\AppData\Roaming\Python\Python314\site-packages\urllib3\poolmanager.py", line 457, in urlopen
    response = conn.urlopen(method, u.request_uri, **kw)
  File "C:\Users\Lenovo\AppData\Roaming\Python\Python314\site-packages\urllib3\connectionpool.py", line 871, in urlopen
    return self.urlopen(
           ~~~~~~~~~~~~^
        method,
        ^^^^^^^
    ...<13 lines>...
        **response_kw,
        ^^^^^^^^^^^^^^
    )
    ^
  File "C:\Users\Lenovo\AppData\Roaming\Python\Python314\site-packages\urllib3\connectionpool.py", line 871, in urlopen
    return self.urlopen(
           ~~~~~~~~~~~~^
        method,
        ^^^^^^^
    ...<13 lines>...
        **response_kw,
        ^^^^^^^^^^^^^^
    )
    ^
  File "C:\Users\Lenovo\AppData\Roaming\Python\Python314\site-packages\urllib3\connectionpool.py", line 871, in urlopen
    return self.urlopen(
           ~~~~~~~~~~~~^
        method,
        ^^^^^^^
    ...<13 lines>...
        **response_kw,
        ^^^^^^^^^^^^^^
    )
    ^
  File "C:\Users\Lenovo\AppData\Roaming\Python\Python314\site-packages\urllib3\connectionpool.py", line 841, in urlopen
    retries = retries.increment(
        method, url, error=new_e, _pool=self, _stacktrace=sys.exc_info()[2]
    )
  File "C:\Users\Lenovo\AppData\Roaming\Python\Python314\site-packages\urllib3\util\retry.py", line 535, in increment
    raise MaxRetryError(_pool, url, reason) from reason  # type: ignore[arg-type]
    ^^^^^^^^^^^^^^^^^^^^^^^^^^^^^^^^^^^^^^^^^^^^^^^^^^^
urllib3.exceptions.MaxRetryError: HTTPConnectionPool(host='127.0.0.1', port=4723): Max retries exceeded with url: /session (Caused by NewConnectionError("HTTPConnection(host='127.0.0.1', port=4723): Failed to establish a new connection: [WinError 10061] No connection could be made because the target machine actively refused it"))
2026-04-22 08:25:22,031 - [WARNING] [user1] Driver failed to start. Recording failure.
2026-04-22 08:25:22,032 - [INFO] Running account: user1
2026-04-22 08:25:22,032 - [INFO] [user1] Starting Appium session on device R3CMB0CDBPT...
2026-04-22 08:25:30,171 - [ERROR] [user1] Failed to start Appium session: HTTPConnectionPool(host='127.0.0.1', port=4723): Max retries exceeded with url: /session (Caused by NewConnectionError("HTTPConnection(host='127.0.0.1', port=4723): Failed to establish a new connection: [WinError 10061] No connection could be made because the target machine actively refused it"))
Traceback (most recent call last):
  File "C:\Users\Lenovo\AppData\Roaming\Python\Python314\site-packages\urllib3\connection.py", line 204, in _new_conn
    sock = connection.create_connection(
        (self._dns_host, self.port),
    ...<2 lines>...
        socket_options=self.socket_options,
    )
  File "C:\Users\Lenovo\AppData\Roaming\Python\Python314\site-packages\urllib3\util\connection.py", line 85, in create_connection
    raise err
  File "C:\Users\Lenovo\AppData\Roaming\Python\Python314\site-packages\urllib3\util\connection.py", line 73, in create_connection
    sock.connect(sa)
    ~~~~~~~~~~~~^^^^
ConnectionRefusedError: [WinError 10061] No connection could be made because the target machine actively refused it

The above exception was the direct cause of the following exception:

Traceback (most recent call last):
  File "C:\Users\Lenovo\AppData\Roaming\Python\Python314\site-packages\urllib3\connectionpool.py", line 787, in urlopen
    response = self._make_request(
        conn,
    ...<10 lines>...
        **response_kw,
    )
  File "C:\Users\Lenovo\AppData\Roaming\Python\Python314\site-packages\urllib3\connectionpool.py", line 493, in _make_request
    conn.request(
    ~~~~~~~~~~~~^
        method,
        ^^^^^^^
    ...<6 lines>...
        enforce_content_length=enforce_content_length,
        ^^^^^^^^^^^^^^^^^^^^^^^^^^^^^^^^^^^^^^^^^^^^^^
    )
    ^
  File "C:\Users\Lenovo\AppData\Roaming\Python\Python314\site-packages\urllib3\connection.py", line 500, in request
    self.endheaders()
    ~~~~~~~~~~~~~~~^^
  File "C:\Python314\Lib\http\client.py", line 1353, in endheaders
    self._send_output(message_body, encode_chunked=encode_chunked)
    ~~~~~~~~~~~~~~~~~^^^^^^^^^^^^^^^^^^^^^^^^^^^^^^^^^^^^^^^^^^^^^
  File "C:\Python314\Lib\http\client.py", line 1113, in _send_output
    self.send(msg)
    ~~~~~~~~~^^^^^
  File "C:\Python314\Lib\http\client.py", line 1057, in send
    self.connect()
    ~~~~~~~~~~~~^^
  File "C:\Users\Lenovo\AppData\Roaming\Python\Python314\site-packages\urllib3\connection.py", line 331, in connect
    self.sock = self._new_conn()
                ~~~~~~~~~~~~~~^^
  File "C:\Users\Lenovo\AppData\Roaming\Python\Python314\site-packages\urllib3\connection.py", line 219, in _new_conn
    raise NewConnectionError(
        self, f"Failed to establish a new connection: {e}"
    ) from e
urllib3.exceptions.NewConnectionError: HTTPConnection(host='127.0.0.1', port=4723): Failed to establish a new connection: [WinError 10061] No connection could be made because the target machine actively refused it

The above exception was the direct cause of the following exception:

Traceback (most recent call last):
  File "C:\Users\Lenovo\OneDrive\Desktop\SofaApp\core\session_manager.py", line 53, in start_session
    driver = webdriver.Remote(server_url, options=options)
  File "C:\Users\Lenovo\AppData\Roaming\Python\Python314\site-packages\appium\webdriver\webdriver.py", line 229, in __init__
    super().__init__(
    ~~~~~~~~~~~~~~~~^
        command_executor=command_executor,
        ^^^^^^^^^^^^^^^^^^^^^^^^^^^^^^^^^^
        options=options,
        ^^^^^^^^^^^^^^^^
    )
    ^
  File "C:\Users\Lenovo\AppData\Roaming\Python\Python314\site-packages\selenium\webdriver\remote\webdriver.py", line 208, in __init__
    self.start_session(capabilities)
    ~~~~~~~~~~~~~~~~~~^^^^^^^^^^^^^^
  File "C:\Users\Lenovo\AppData\Roaming\Python\Python314\site-packages\appium\webdriver\webdriver.py", line 321, in start_session
    response = self.execute(RemoteCommand.NEW_SESSION, w3c_caps)
  File "C:\Users\Lenovo\AppData\Roaming\Python\Python314\site-packages\selenium\webdriver\remote\webdriver.py", line 345, in execute
    response = self.command_executor.execute(driver_command, params)
  File "C:\Users\Lenovo\AppData\Roaming\Python\Python314\site-packages\selenium\webdriver\remote\remote_connection.py", line 300, in execute
    return self._request(command_info[0], url, body=data)
           ~~~~~~~~~~~~~^^^^^^^^^^^^^^^^^^^^^^^^^^^^^^^^^
  File "C:\Users\Lenovo\AppData\Roaming\Python\Python314\site-packages\selenium\webdriver\remote\remote_connection.py", line 321, in _request
    response = self._conn.request(method, url, body=body, headers=headers)
  File "C:\Users\Lenovo\AppData\Roaming\Python\Python314\site-packages\urllib3\_request_methods.py", line 143, in request
    return self.request_encode_body(
           ~~~~~~~~~~~~~~~~~~~~~~~~^
        method, url, fields=fields, headers=headers, **urlopen_kw
        ^^^^^^^^^^^^^^^^^^^^^^^^^^^^^^^^^^^^^^^^^^^^^^^^^^^^^^^^^
    )
    ^
  File "C:\Users\Lenovo\AppData\Roaming\Python\Python314\site-packages\urllib3\_request_methods.py", line 278, in request_encode_body
    return self.urlopen(method, url, **extra_kw)
           ~~~~~~~~~~~~^^^^^^^^^^^^^^^^^^^^^^^^^
  File "C:\Users\Lenovo\AppData\Roaming\Python\Python314\site-packages\urllib3\poolmanager.py", line 457, in urlopen
    response = conn.urlopen(method, u.request_uri, **kw)
  File "C:\Users\Lenovo\AppData\Roaming\Python\Python314\site-packages\urllib3\connectionpool.py", line 871, in urlopen
    return self.urlopen(
           ~~~~~~~~~~~~^
        method,
        ^^^^^^^
    ...<13 lines>...
        **response_kw,
        ^^^^^^^^^^^^^^
    )
    ^
  File "C:\Users\Lenovo\AppData\Roaming\Python\Python314\site-packages\urllib3\connectionpool.py", line 871, in urlopen
    return self.urlopen(
           ~~~~~~~~~~~~^
        method,
        ^^^^^^^
    ...<13 lines>...
        **response_kw,
        ^^^^^^^^^^^^^^
    )
    ^
  File "C:\Users\Lenovo\AppData\Roaming\Python\Python314\site-packages\urllib3\connectionpool.py", line 871, in urlopen
    return self.urlopen(
           ~~~~~~~~~~~~^
        method,
        ^^^^^^^
    ...<13 lines>...
        **response_kw,
        ^^^^^^^^^^^^^^
    )
    ^
  File "C:\Users\Lenovo\AppData\Roaming\Python\Python314\site-packages\urllib3\connectionpool.py", line 841, in urlopen
    retries = retries.increment(
        method, url, error=new_e, _pool=self, _stacktrace=sys.exc_info()[2]
    )
  File "C:\Users\Lenovo\AppData\Roaming\Python\Python314\site-packages\urllib3\util\retry.py", line 535, in increment
    raise MaxRetryError(_pool, url, reason) from reason  # type: ignore[arg-type]
    ^^^^^^^^^^^^^^^^^^^^^^^^^^^^^^^^^^^^^^^^^^^^^^^^^^^
urllib3.exceptions.MaxRetryError: HTTPConnectionPool(host='127.0.0.1', port=4723): Max retries exceeded with url: /session (Caused by NewConnectionError("HTTPConnection(host='127.0.0.1', port=4723): Failed to establish a new connection: [WinError 10061] No connection could be made because the target machine actively refused it"))
2026-04-22 08:25:30,176 - [WARNING] [user1] Driver failed to start. Recording failure.
2026-04-22 08:25:30,176 - [INFO] Running account: user1
2026-04-22 08:25:30,176 - [INFO] [user1] Starting Appium session on device R3CMB0CDBPT...
2026-04-22 08:25:38,315 - [ERROR] [user1] Failed to start Appium session: HTTPConnectionPool(host='127.0.0.1', port=4723): Max retries exceeded with url: /session (Caused by NewConnectionError("HTTPConnection(host='127.0.0.1', port=4723): Failed to establish a new connection: [WinError 10061] No connection could be made because the target machine actively refused it"))
Traceback (most recent call last):
  File "C:\Users\Lenovo\AppData\Roaming\Python\Python314\site-packages\urllib3\connection.py", line 204, in _new_conn
    sock = connection.create_connection(
        (self._dns_host, self.port),
    ...<2 lines>...
        socket_options=self.socket_options,
    )
  File "C:\Users\Lenovo\AppData\Roaming\Python\Python314\site-packages\urllib3\util\connection.py", line 85, in create_connection
    raise err
  File "C:\Users\Lenovo\AppData\Roaming\Python\Python314\site-packages\urllib3\util\connection.py", line 73, in create_connection
    sock.connect(sa)
    ~~~~~~~~~~~~^^^^
ConnectionRefusedError: [WinError 10061] No connection could be made because the target machine actively refused it

The above exception was the direct cause of the following exception:

Traceback (most recent call last):
  File "C:\Users\Lenovo\AppData\Roaming\Python\Python314\site-packages\urllib3\connectionpool.py", line 787, in urlopen
    response = self._make_request(
        conn,
    ...<10 lines>...
        **response_kw,
    )
  File "C:\Users\Lenovo\AppData\Roaming\Python\Python314\site-packages\urllib3\connectionpool.py", line 493, in _make_request
    conn.request(
    ~~~~~~~~~~~~^
        method,
        ^^^^^^^
    ...<6 lines>...
        enforce_content_length=enforce_content_length,
        ^^^^^^^^^^^^^^^^^^^^^^^^^^^^^^^^^^^^^^^^^^^^^^
    )
    ^
  File "C:\Users\Lenovo\AppData\Roaming\Python\Python314\site-packages\urllib3\connection.py", line 500, in request
    self.endheaders()
    ~~~~~~~~~~~~~~~^^
  File "C:\Python314\Lib\http\client.py", line 1353, in endheaders
    self._send_output(message_body, encode_chunked=encode_chunked)
    ~~~~~~~~~~~~~~~~~^^^^^^^^^^^^^^^^^^^^^^^^^^^^^^^^^^^^^^^^^^^^^
  File "C:\Python314\Lib\http\client.py", line 1113, in _send_output
    self.send(msg)
    ~~~~~~~~~^^^^^
  File "C:\Python314\Lib\http\client.py", line 1057, in send
    self.connect()
    ~~~~~~~~~~~~^^
  File "C:\Users\Lenovo\AppData\Roaming\Python\Python314\site-packages\urllib3\connection.py", line 331, in connect
    self.sock = self._new_conn()
                ~~~~~~~~~~~~~~^^
  File "C:\Users\Lenovo\AppData\Roaming\Python\Python314\site-packages\urllib3\connection.py", line 219, in _new_conn
    raise NewConnectionError(
        self, f"Failed to establish a new connection: {e}"
    ) from e
urllib3.exceptions.NewConnectionError: HTTPConnection(host='127.0.0.1', port=4723): Failed to establish a new connection: [WinError 10061] No connection could be made because the target machine actively refused it

The above exception was the direct cause of the following exception:

Traceback (most recent call last):
  File "C:\Users\Lenovo\OneDrive\Desktop\SofaApp\core\session_manager.py", line 53, in start_session
    driver = webdriver.Remote(server_url, options=options)
  File "C:\Users\Lenovo\AppData\Roaming\Python\Python314\site-packages\appium\webdriver\webdriver.py", line 229, in __init__
    super().__init__(
    ~~~~~~~~~~~~~~~~^
        command_executor=command_executor,
        ^^^^^^^^^^^^^^^^^^^^^^^^^^^^^^^^^^
        options=options,
        ^^^^^^^^^^^^^^^^
    )
    ^
  File "C:\Users\Lenovo\AppData\Roaming\Python\Python314\site-packages\selenium\webdriver\remote\webdriver.py", line 208, in __init__
    self.start_session(capabilities)
    ~~~~~~~~~~~~~~~~~~^^^^^^^^^^^^^^
  File "C:\Users\Lenovo\AppData\Roaming\Python\Python314\site-packages\appium\webdriver\webdriver.py", line 321, in start_session
    response = self.execute(RemoteCommand.NEW_SESSION, w3c_caps)
  File "C:\Users\Lenovo\AppData\Roaming\Python\Python314\site-packages\selenium\webdriver\remote\webdriver.py", line 345, in execute
    response = self.command_executor.execute(driver_command, params)
  File "C:\Users\Lenovo\AppData\Roaming\Python\Python314\site-packages\selenium\webdriver\remote\remote_connection.py", line 300, in execute
    return self._request(command_info[0], url, body=data)
           ~~~~~~~~~~~~~^^^^^^^^^^^^^^^^^^^^^^^^^^^^^^^^^
  File "C:\Users\Lenovo\AppData\Roaming\Python\Python314\site-packages\selenium\webdriver\remote\remote_connection.py", line 321, in _request
    response = self._conn.request(method, url, body=body, headers=headers)
  File "C:\Users\Lenovo\AppData\Roaming\Python\Python314\site-packages\urllib3\_request_methods.py", line 143, in request
    return self.request_encode_body(
           ~~~~~~~~~~~~~~~~~~~~~~~~^
        method, url, fields=fields, headers=headers, **urlopen_kw
        ^^^^^^^^^^^^^^^^^^^^^^^^^^^^^^^^^^^^^^^^^^^^^^^^^^^^^^^^^
    )
    ^
  File "C:\Users\Lenovo\AppData\Roaming\Python\Python314\site-packages\urllib3\_request_methods.py", line 278, in request_encode_body
    return self.urlopen(method, url, **extra_kw)
           ~~~~~~~~~~~~^^^^^^^^^^^^^^^^^^^^^^^^^
  File "C:\Users\Lenovo\AppData\Roaming\Python\Python314\site-packages\urllib3\poolmanager.py", line 457, in urlopen
    response = conn.urlopen(method, u.request_uri, **kw)
  File "C:\Users\Lenovo\AppData\Roaming\Python\Python314\site-packages\urllib3\connectionpool.py", line 871, in urlopen
    return self.urlopen(
           ~~~~~~~~~~~~^
        method,
        ^^^^^^^
    ...<13 lines>...
        **response_kw,
        ^^^^^^^^^^^^^^
    )
    ^
  File "C:\Users\Lenovo\AppData\Roaming\Python\Python314\site-packages\urllib3\connectionpool.py", line 871, in urlopen
    return self.urlopen(
           ~~~~~~~~~~~~^
        method,
        ^^^^^^^
    ...<13 lines>...
        **response_kw,
        ^^^^^^^^^^^^^^
    )
    ^
  File "C:\Users\Lenovo\AppData\Roaming\Python\Python314\site-packages\urllib3\connectionpool.py", line 871, in urlopen
    return self.urlopen(
           ~~~~~~~~~~~~^
        method,
        ^^^^^^^
    ...<13 lines>...
        **response_kw,
        ^^^^^^^^^^^^^^
    )
    ^
  File "C:\Users\Lenovo\AppData\Roaming\Python\Python314\site-packages\urllib3\connectionpool.py", line 841, in urlopen
    retries = retries.increment(
        method, url, error=new_e, _pool=self, _stacktrace=sys.exc_info()[2]
    )
  File "C:\Users\Lenovo\AppData\Roaming\Python\Python314\site-packages\urllib3\util\retry.py", line 535, in increment
    raise MaxRetryError(_pool, url, reason) from reason  # type: ignore[arg-type]
    ^^^^^^^^^^^^^^^^^^^^^^^^^^^^^^^^^^^^^^^^^^^^^^^^^^^
urllib3.exceptions.MaxRetryError: HTTPConnectionPool(host='127.0.0.1', port=4723): Max retries exceeded with url: /session (Caused by NewConnectionError("HTTPConnection(host='127.0.0.1', port=4723): Failed to establish a new connection: [WinError 10061] No connection could be made because the target machine actively refused it"))
2026-04-22 08:25:38,324 - [WARNING] [user1] Driver failed to start. Recording failure.
2026-04-22 08:25:38,325 - [ERROR] Account user1 temporarily disabled
2026-04-22 08:25:38,326 - [WARNING] All accounts have failed or hit limits. Stopping scheduler.
2026-04-22 08:25:38,326 - [INFO] --- VALIDATION CYCLE 4/6 ---
2026-04-22 08:25:38,328 - [INFO] Loaded 1 accounts.
2026-04-22 08:25:38,331 - [INFO] Starting execution pool.
2026-04-22 08:25:38,331 - [INFO] Running account: user1
2026-04-22 08:25:38,331 - [INFO] [user1] Starting Appium session on device R3CMB0CDBPT...
2026-04-22 08:25:46,487 - [ERROR] [user1] Failed to start Appium session: HTTPConnectionPool(host='127.0.0.1', port=4723): Max retries exceeded with url: /session (Caused by NewConnectionError("HTTPConnection(host='127.0.0.1', port=4723): Failed to establish a new connection: [WinError 10061] No connection could be made because the target machine actively refused it"))
Traceback (most recent call last):
  File "C:\Users\Lenovo\AppData\Roaming\Python\Python314\site-packages\urllib3\connection.py", line 204, in _new_conn
    sock = connection.create_connection(
        (self._dns_host, self.port),
    ...<2 lines>...
        socket_options=self.socket_options,
    )
  File "C:\Users\Lenovo\AppData\Roaming\Python\Python314\site-packages\urllib3\util\connection.py", line 85, in create_connection
    raise err
  File "C:\Users\Lenovo\AppData\Roaming\Python\Python314\site-packages\urllib3\util\connection.py", line 73, in create_connection
    sock.connect(sa)
    ~~~~~~~~~~~~^^^^
ConnectionRefusedError: [WinError 10061] No connection could be made because the target machine actively refused it

The above exception was the direct cause of the following exception:

Traceback (most recent call last):
  File "C:\Users\Lenovo\AppData\Roaming\Python\Python314\site-packages\urllib3\connectionpool.py", line 787, in urlopen
    response = self._make_request(
        conn,
    ...<10 lines>...
        **response_kw,
    )
  File "C:\Users\Lenovo\AppData\Roaming\Python\Python314\site-packages\urllib3\connectionpool.py", line 493, in _make_request
    conn.request(
    ~~~~~~~~~~~~^
        method,
        ^^^^^^^
    ...<6 lines>...
        enforce_content_length=enforce_content_length,
        ^^^^^^^^^^^^^^^^^^^^^^^^^^^^^^^^^^^^^^^^^^^^^^
    )
    ^
  File "C:\Users\Lenovo\AppData\Roaming\Python\Python314\site-packages\urllib3\connection.py", line 500, in request
    self.endheaders()
    ~~~~~~~~~~~~~~~^^
  File "C:\Python314\Lib\http\client.py", line 1353, in endheaders
    self._send_output(message_body, encode_chunked=encode_chunked)
    ~~~~~~~~~~~~~~~~~^^^^^^^^^^^^^^^^^^^^^^^^^^^^^^^^^^^^^^^^^^^^^
  File "C:\Python314\Lib\http\client.py", line 1113, in _send_output
    self.send(msg)
    ~~~~~~~~~^^^^^
  File "C:\Python314\Lib\http\client.py", line 1057, in send
    self.connect()
    ~~~~~~~~~~~~^^
  File "C:\Users\Lenovo\AppData\Roaming\Python\Python314\site-packages\urllib3\connection.py", line 331, in connect
    self.sock = self._new_conn()
                ~~~~~~~~~~~~~~^^
  File "C:\Users\Lenovo\AppData\Roaming\Python\Python314\site-packages\urllib3\connection.py", line 219, in _new_conn
    raise NewConnectionError(
        self, f"Failed to establish a new connection: {e}"
    ) from e
urllib3.exceptions.NewConnectionError: HTTPConnection(host='127.0.0.1', port=4723): Failed to establish a new connection: [WinError 10061] No connection could be made because the target machine actively refused it

The above exception was the direct cause of the following exception:

Traceback (most recent call last):
  File "C:\Users\Lenovo\OneDrive\Desktop\SofaApp\core\session_manager.py", line 53, in start_session
    driver = webdriver.Remote(server_url, options=options)
  File "C:\Users\Lenovo\AppData\Roaming\Python\Python314\site-packages\appium\webdriver\webdriver.py", line 229, in __init__
    super().__init__(
    ~~~~~~~~~~~~~~~~^
        command_executor=command_executor,
        ^^^^^^^^^^^^^^^^^^^^^^^^^^^^^^^^^^
        options=options,
        ^^^^^^^^^^^^^^^^
    )
    ^
  File "C:\Users\Lenovo\AppData\Roaming\Python\Python314\site-packages\selenium\webdriver\remote\webdriver.py", line 208, in __init__
    self.start_session(capabilities)
    ~~~~~~~~~~~~~~~~~~^^^^^^^^^^^^^^
  File "C:\Users\Lenovo\AppData\Roaming\Python\Python314\site-packages\appium\webdriver\webdriver.py", line 321, in start_session
    response = self.execute(RemoteCommand.NEW_SESSION, w3c_caps)
  File "C:\Users\Lenovo\AppData\Roaming\Python\Python314\site-packages\selenium\webdriver\remote\webdriver.py", line 345, in execute
    response = self.command_executor.execute(driver_command, params)
  File "C:\Users\Lenovo\AppData\Roaming\Python\Python314\site-packages\selenium\webdriver\remote\remote_connection.py", line 300, in execute
    return self._request(command_info[0], url, body=data)
           ~~~~~~~~~~~~~^^^^^^^^^^^^^^^^^^^^^^^^^^^^^^^^^
  File "C:\Users\Lenovo\AppData\Roaming\Python\Python314\site-packages\selenium\webdriver\remote\remote_connection.py", line 321, in _request
    response = self._conn.request(method, url, body=body, headers=headers)
  File "C:\Users\Lenovo\AppData\Roaming\Python\Python314\site-packages\urllib3\_request_methods.py", line 143, in request
    return self.request_encode_body(
           ~~~~~~~~~~~~~~~~~~~~~~~~^
        method, url, fields=fields, headers=headers, **urlopen_kw
        ^^^^^^^^^^^^^^^^^^^^^^^^^^^^^^^^^^^^^^^^^^^^^^^^^^^^^^^^^
    )
    ^
  File "C:\Users\Lenovo\AppData\Roaming\Python\Python314\site-packages\urllib3\_request_methods.py", line 278, in request_encode_body
    return self.urlopen(method, url, **extra_kw)
           ~~~~~~~~~~~~^^^^^^^^^^^^^^^^^^^^^^^^^
  File "C:\Users\Lenovo\AppData\Roaming\Python\Python314\site-packages\urllib3\poolmanager.py", line 457, in urlopen
    response = conn.urlopen(method, u.request_uri, **kw)
  File "C:\Users\Lenovo\AppData\Roaming\Python\Python314\site-packages\urllib3\connectionpool.py", line 871, in urlopen
    return self.urlopen(
           ~~~~~~~~~~~~^
        method,
        ^^^^^^^
    ...<13 lines>...
        **response_kw,
        ^^^^^^^^^^^^^^
    )
    ^
  File "C:\Users\Lenovo\AppData\Roaming\Python\Python314\site-packages\urllib3\connectionpool.py", line 871, in urlopen
    return self.urlopen(
           ~~~~~~~~~~~~^
        method,
        ^^^^^^^
    ...<13 lines>...
        **response_kw,
        ^^^^^^^^^^^^^^
    )
    ^
  File "C:\Users\Lenovo\AppData\Roaming\Python\Python314\site-packages\urllib3\connectionpool.py", line 871, in urlopen
    return self.urlopen(
           ~~~~~~~~~~~~^
        method,
        ^^^^^^^
    ...<13 lines>...
        **response_kw,
        ^^^^^^^^^^^^^^
    )
    ^
  File "C:\Users\Lenovo\AppData\Roaming\Python\Python314\site-packages\urllib3\connectionpool.py", line 841, in urlopen
    retries = retries.increment(
        method, url, error=new_e, _pool=self, _stacktrace=sys.exc_info()[2]
    )
  File "C:\Users\Lenovo\AppData\Roaming\Python\Python314\site-packages\urllib3\util\retry.py", line 535, in increment
    raise MaxRetryError(_pool, url, reason) from reason  # type: ignore[arg-type]
    ^^^^^^^^^^^^^^^^^^^^^^^^^^^^^^^^^^^^^^^^^^^^^^^^^^^
urllib3.exceptions.MaxRetryError: HTTPConnectionPool(host='127.0.0.1', port=4723): Max retries exceeded with url: /session (Caused by NewConnectionError("HTTPConnection(host='127.0.0.1', port=4723): Failed to establish a new connection: [WinError 10061] No connection could be made because the target machine actively refused it"))
2026-04-22 08:25:46,495 - [WARNING] [user1] Driver failed to start. Recording failure.
2026-04-22 08:25:46,496 - [INFO] Running account: user1
2026-04-22 08:25:46,497 - [INFO] [user1] Starting Appium session on device R3CMB0CDBPT...
2026-04-22 08:25:54,688 - [ERROR] [user1] Failed to start Appium session: HTTPConnectionPool(host='127.0.0.1', port=4723): Max retries exceeded with url: /session (Caused by NewConnectionError("HTTPConnection(host='127.0.0.1', port=4723): Failed to establish a new connection: [WinError 10061] No connection could be made because the target machine actively refused it"))
Traceback (most recent call last):
  File "C:\Users\Lenovo\AppData\Roaming\Python\Python314\site-packages\urllib3\connection.py", line 204, in _new_conn
    sock = connection.create_connection(
        (self._dns_host, self.port),
    ...<2 lines>...
        socket_options=self.socket_options,
    )
  File "C:\Users\Lenovo\AppData\Roaming\Python\Python314\site-packages\urllib3\util\connection.py", line 85, in create_connection
    raise err
  File "C:\Users\Lenovo\AppData\Roaming\Python\Python314\site-packages\urllib3\util\connection.py", line 73, in create_connection
    sock.connect(sa)
    ~~~~~~~~~~~~^^^^
ConnectionRefusedError: [WinError 10061] No connection could be made because the target machine actively refused it

The above exception was the direct cause of the following exception:

Traceback (most recent call last):
  File "C:\Users\Lenovo\AppData\Roaming\Python\Python314\site-packages\urllib3\connectionpool.py", line 787, in urlopen
    response = self._make_request(
        conn,
    ...<10 lines>...
        **response_kw,
    )
  File "C:\Users\Lenovo\AppData\Roaming\Python\Python314\site-packages\urllib3\connectionpool.py", line 493, in _make_request
    conn.request(
    ~~~~~~~~~~~~^
        method,
        ^^^^^^^
    ...<6 lines>...
        enforce_content_length=enforce_content_length,
        ^^^^^^^^^^^^^^^^^^^^^^^^^^^^^^^^^^^^^^^^^^^^^^
    )
    ^
  File "C:\Users\Lenovo\AppData\Roaming\Python\Python314\site-packages\urllib3\connection.py", line 500, in request
    self.endheaders()
    ~~~~~~~~~~~~~~~^^
  File "C:\Python314\Lib\http\client.py", line 1353, in endheaders
    self._send_output(message_body, encode_chunked=encode_chunked)
    ~~~~~~~~~~~~~~~~~^^^^^^^^^^^^^^^^^^^^^^^^^^^^^^^^^^^^^^^^^^^^^
  File "C:\Python314\Lib\http\client.py", line 1113, in _send_output
    self.send(msg)
    ~~~~~~~~~^^^^^
  File "C:\Python314\Lib\http\client.py", line 1057, in send
    self.connect()
    ~~~~~~~~~~~~^^
  File "C:\Users\Lenovo\AppData\Roaming\Python\Python314\site-packages\urllib3\connection.py", line 331, in connect
    self.sock = self._new_conn()
                ~~~~~~~~~~~~~~^^
  File "C:\Users\Lenovo\AppData\Roaming\Python\Python314\site-packages\urllib3\connection.py", line 219, in _new_conn
    raise NewConnectionError(
        self, f"Failed to establish a new connection: {e}"
    ) from e
urllib3.exceptions.NewConnectionError: HTTPConnection(host='127.0.0.1', port=4723): Failed to establish a new connection: [WinError 10061] No connection could be made because the target machine actively refused it

The above exception was the direct cause of the following exception:

Traceback (most recent call last):
  File "C:\Users\Lenovo\OneDrive\Desktop\SofaApp\core\session_manager.py", line 53, in start_session
    driver = webdriver.Remote(server_url, options=options)
  File "C:\Users\Lenovo\AppData\Roaming\Python\Python314\site-packages\appium\webdriver\webdriver.py", line 229, in __init__
    super().__init__(
    ~~~~~~~~~~~~~~~~^
        command_executor=command_executor,
        ^^^^^^^^^^^^^^^^^^^^^^^^^^^^^^^^^^
        options=options,
        ^^^^^^^^^^^^^^^^
    )
    ^
  File "C:\Users\Lenovo\AppData\Roaming\Python\Python314\site-packages\selenium\webdriver\remote\webdriver.py", line 208, in __init__
    self.start_session(capabilities)
    ~~~~~~~~~~~~~~~~~~^^^^^^^^^^^^^^
  File "C:\Users\Lenovo\AppData\Roaming\Python\Python314\site-packages\appium\webdriver\webdriver.py", line 321, in start_session
    response = self.execute(RemoteCommand.NEW_SESSION, w3c_caps)
  File "C:\Users\Lenovo\AppData\Roaming\Python\Python314\site-packages\selenium\webdriver\remote\webdriver.py", line 345, in execute
    response = self.command_executor.execute(driver_command, params)
  File "C:\Users\Lenovo\AppData\Roaming\Python\Python314\site-packages\selenium\webdriver\remote\remote_connection.py", line 300, in execute
    return self._request(command_info[0], url, body=data)
           ~~~~~~~~~~~~~^^^^^^^^^^^^^^^^^^^^^^^^^^^^^^^^^
  File "C:\Users\Lenovo\AppData\Roaming\Python\Python314\site-packages\selenium\webdriver\remote\remote_connection.py", line 321, in _request
    response = self._conn.request(method, url, body=body, headers=headers)
  File "C:\Users\Lenovo\AppData\Roaming\Python\Python314\site-packages\urllib3\_request_methods.py", line 143, in request
    return self.request_encode_body(
           ~~~~~~~~~~~~~~~~~~~~~~~~^
        method, url, fields=fields, headers=headers, **urlopen_kw
        ^^^^^^^^^^^^^^^^^^^^^^^^^^^^^^^^^^^^^^^^^^^^^^^^^^^^^^^^^
    )
    ^
  File "C:\Users\Lenovo\AppData\Roaming\Python\Python314\site-packages\urllib3\_request_methods.py", line 278, in request_encode_body
    return self.urlopen(method, url, **extra_kw)
           ~~~~~~~~~~~~^^^^^^^^^^^^^^^^^^^^^^^^^
  File "C:\Users\Lenovo\AppData\Roaming\Python\Python314\site-packages\urllib3\poolmanager.py", line 457, in urlopen
    response = conn.urlopen(method, u.request_uri, **kw)
  File "C:\Users\Lenovo\AppData\Roaming\Python\Python314\site-packages\urllib3\connectionpool.py", line 871, in urlopen
    return self.urlopen(
           ~~~~~~~~~~~~^
        method,
        ^^^^^^^
    ...<13 lines>...
        **response_kw,
        ^^^^^^^^^^^^^^
    )
    ^
  File "C:\Users\Lenovo\AppData\Roaming\Python\Python314\site-packages\urllib3\connectionpool.py", line 871, in urlopen
    return self.urlopen(
           ~~~~~~~~~~~~^
        method,
        ^^^^^^^
    ...<13 lines>...
        **response_kw,
        ^^^^^^^^^^^^^^
    )
    ^
  File "C:\Users\Lenovo\AppData\Roaming\Python\Python314\site-packages\urllib3\connectionpool.py", line 871, in urlopen
    return self.urlopen(
           ~~~~~~~~~~~~^
        method,
        ^^^^^^^
    ...<13 lines>...
        **response_kw,
        ^^^^^^^^^^^^^^
    )
    ^
  File "C:\Users\Lenovo\AppData\Roaming\Python\Python314\site-packages\urllib3\connectionpool.py", line 841, in urlopen
    retries = retries.increment(
        method, url, error=new_e, _pool=self, _stacktrace=sys.exc_info()[2]
    )
  File "C:\Users\Lenovo\AppData\Roaming\Python\Python314\site-packages\urllib3\util\retry.py", line 535, in increment
    raise MaxRetryError(_pool, url, reason) from reason  # type: ignore[arg-type]
    ^^^^^^^^^^^^^^^^^^^^^^^^^^^^^^^^^^^^^^^^^^^^^^^^^^^
urllib3.exceptions.MaxRetryError: HTTPConnectionPool(host='127.0.0.1', port=4723): Max retries exceeded with url: /session (Caused by NewConnectionError("HTTPConnection(host='127.0.0.1', port=4723): Failed to establish a new connection: [WinError 10061] No connection could be made because the target machine actively refused it"))
2026-04-22 08:25:54,694 - [WARNING] [user1] Driver failed to start. Recording failure.
2026-04-22 08:25:54,695 - [INFO] Running account: user1
2026-04-22 08:25:54,695 - [INFO] [user1] Starting Appium session on device R3CMB0CDBPT...
2026-04-22 08:26:02,819 - [ERROR] [user1] Failed to start Appium session: HTTPConnectionPool(host='127.0.0.1', port=4723): Max retries exceeded with url: /session (Caused by NewConnectionError("HTTPConnection(host='127.0.0.1', port=4723): Failed to establish a new connection: [WinError 10061] No connection could be made because the target machine actively refused it"))
Traceback (most recent call last):
  File "C:\Users\Lenovo\AppData\Roaming\Python\Python314\site-packages\urllib3\connection.py", line 204, in _new_conn
    sock = connection.create_connection(
        (self._dns_host, self.port),
    ...<2 lines>...
        socket_options=self.socket_options,
    )
  File "C:\Users\Lenovo\AppData\Roaming\Python\Python314\site-packages\urllib3\util\connection.py", line 85, in create_connection
    raise err
  File "C:\Users\Lenovo\AppData\Roaming\Python\Python314\site-packages\urllib3\util\connection.py", line 73, in create_connection
    sock.connect(sa)
    ~~~~~~~~~~~~^^^^
ConnectionRefusedError: [WinError 10061] No connection could be made because the target machine actively refused it

The above exception was the direct cause of the following exception:

Traceback (most recent call last):
  File "C:\Users\Lenovo\AppData\Roaming\Python\Python314\site-packages\urllib3\connectionpool.py", line 787, in urlopen
    response = self._make_request(
        conn,
    ...<10 lines>...
        **response_kw,
    )
  File "C:\Users\Lenovo\AppData\Roaming\Python\Python314\site-packages\urllib3\connectionpool.py", line 493, in _make_request
    conn.request(
    ~~~~~~~~~~~~^
        method,
        ^^^^^^^
    ...<6 lines>...
        enforce_content_length=enforce_content_length,
        ^^^^^^^^^^^^^^^^^^^^^^^^^^^^^^^^^^^^^^^^^^^^^^
    )
    ^
  File "C:\Users\Lenovo\AppData\Roaming\Python\Python314\site-packages\urllib3\connection.py", line 500, in request
    self.endheaders()
    ~~~~~~~~~~~~~~~^^
  File "C:\Python314\Lib\http\client.py", line 1353, in endheaders
    self._send_output(message_body, encode_chunked=encode_chunked)
    ~~~~~~~~~~~~~~~~~^^^^^^^^^^^^^^^^^^^^^^^^^^^^^^^^^^^^^^^^^^^^^
  File "C:\Python314\Lib\http\client.py", line 1113, in _send_output
    self.send(msg)
    ~~~~~~~~~^^^^^
  File "C:\Python314\Lib\http\client.py", line 1057, in send
    self.connect()
    ~~~~~~~~~~~~^^
  File "C:\Users\Lenovo\AppData\Roaming\Python\Python314\site-packages\urllib3\connection.py", line 331, in connect
    self.sock = self._new_conn()
                ~~~~~~~~~~~~~~^^
  File "C:\Users\Lenovo\AppData\Roaming\Python\Python314\site-packages\urllib3\connection.py", line 219, in _new_conn
    raise NewConnectionError(
        self, f"Failed to establish a new connection: {e}"
    ) from e
urllib3.exceptions.NewConnectionError: HTTPConnection(host='127.0.0.1', port=4723): Failed to establish a new connection: [WinError 10061] No connection could be made because the target machine actively refused it

The above exception was the direct cause of the following exception:

Traceback (most recent call last):
  File "C:\Users\Lenovo\OneDrive\Desktop\SofaApp\core\session_manager.py", line 53, in start_session
    driver = webdriver.Remote(server_url, options=options)
  File "C:\Users\Lenovo\AppData\Roaming\Python\Python314\site-packages\appium\webdriver\webdriver.py", line 229, in __init__
    super().__init__(
    ~~~~~~~~~~~~~~~~^
        command_executor=command_executor,
        ^^^^^^^^^^^^^^^^^^^^^^^^^^^^^^^^^^
        options=options,
        ^^^^^^^^^^^^^^^^
    )
    ^
  File "C:\Users\Lenovo\AppData\Roaming\Python\Python314\site-packages\selenium\webdriver\remote\webdriver.py", line 208, in __init__
    self.start_session(capabilities)
    ~~~~~~~~~~~~~~~~~~^^^^^^^^^^^^^^
  File "C:\Users\Lenovo\AppData\Roaming\Python\Python314\site-packages\appium\webdriver\webdriver.py", line 321, in start_session
    response = self.execute(RemoteCommand.NEW_SESSION, w3c_caps)
  File "C:\Users\Lenovo\AppData\Roaming\Python\Python314\site-packages\selenium\webdriver\remote\webdriver.py", line 345, in execute
    response = self.command_executor.execute(driver_command, params)
  File "C:\Users\Lenovo\AppData\Roaming\Python\Python314\site-packages\selenium\webdriver\remote\remote_connection.py", line 300, in execute
    return self._request(command_info[0], url, body=data)
           ~~~~~~~~~~~~~^^^^^^^^^^^^^^^^^^^^^^^^^^^^^^^^^
  File "C:\Users\Lenovo\AppData\Roaming\Python\Python314\site-packages\selenium\webdriver\remote\remote_connection.py", line 321, in _request
    response = self._conn.request(method, url, body=body, headers=headers)
  File "C:\Users\Lenovo\AppData\Roaming\Python\Python314\site-packages\urllib3\_request_methods.py", line 143, in request
    return self.request_encode_body(
           ~~~~~~~~~~~~~~~~~~~~~~~~^
        method, url, fields=fields, headers=headers, **urlopen_kw
        ^^^^^^^^^^^^^^^^^^^^^^^^^^^^^^^^^^^^^^^^^^^^^^^^^^^^^^^^^
    )
    ^
  File "C:\Users\Lenovo\AppData\Roaming\Python\Python314\site-packages\urllib3\_request_methods.py", line 278, in request_encode_body
    return self.urlopen(method, url, **extra_kw)
           ~~~~~~~~~~~~^^^^^^^^^^^^^^^^^^^^^^^^^
  File "C:\Users\Lenovo\AppData\Roaming\Python\Python314\site-packages\urllib3\poolmanager.py", line 457, in urlopen
    response = conn.urlopen(method, u.request_uri, **kw)
  File "C:\Users\Lenovo\AppData\Roaming\Python\Python314\site-packages\urllib3\connectionpool.py", line 871, in urlopen
    return self.urlopen(
           ~~~~~~~~~~~~^
        method,
        ^^^^^^^
    ...<13 lines>...
        **response_kw,
        ^^^^^^^^^^^^^^
    )
    ^
  File "C:\Users\Lenovo\AppData\Roaming\Python\Python314\site-packages\urllib3\connectionpool.py", line 871, in urlopen
    return self.urlopen(
           ~~~~~~~~~~~~^
        method,
        ^^^^^^^
    ...<13 lines>...
        **response_kw,
        ^^^^^^^^^^^^^^
    )
    ^
  File "C:\Users\Lenovo\AppData\Roaming\Python\Python314\site-packages\urllib3\connectionpool.py", line 871, in urlopen
    return self.urlopen(
           ~~~~~~~~~~~~^
        method,
        ^^^^^^^
    ...<13 lines>...
        **response_kw,
        ^^^^^^^^^^^^^^
    )
    ^
  File "C:\Users\Lenovo\AppData\Roaming\Python\Python314\site-packages\urllib3\connectionpool.py", line 841, in urlopen
    retries = retries.increment(
        method, url, error=new_e, _pool=self, _stacktrace=sys.exc_info()[2]
    )
  File "C:\Users\Lenovo\AppData\Roaming\Python\Python314\site-packages\urllib3\util\retry.py", line 535, in increment
    raise MaxRetryError(_pool, url, reason) from reason  # type: ignore[arg-type]
    ^^^^^^^^^^^^^^^^^^^^^^^^^^^^^^^^^^^^^^^^^^^^^^^^^^^
urllib3.exceptions.MaxRetryError: HTTPConnectionPool(host='127.0.0.1', port=4723): Max retries exceeded with url: /session (Caused by NewConnectionError("HTTPConnection(host='127.0.0.1', port=4723): Failed to establish a new connection: [WinError 10061] No connection could be made because the target machine actively refused it"))
2026-04-22 08:26:02,826 - [WARNING] [user1] Driver failed to start. Recording failure.
2026-04-22 08:26:02,826 - [ERROR] Account user1 temporarily disabled
2026-04-22 08:26:02,826 - [WARNING] All accounts have failed or hit limits. Stopping scheduler.
2026-04-22 08:26:02,826 - [INFO] --- VALIDATION CYCLE 5/6 ---
2026-04-22 08:26:02,827 - [INFO] Loaded 1 accounts.
2026-04-22 08:26:02,828 - [INFO] Starting execution pool.
2026-04-22 08:26:02,828 - [INFO] Running account: user1
2026-04-22 08:26:02,829 - [INFO] [user1] Starting Appium session on device R3CMB0CDBPT...
2026-04-22 08:26:10,957 - [ERROR] [user1] Failed to start Appium session: HTTPConnectionPool(host='127.0.0.1', port=4723): Max retries exceeded with url: /session (Caused by NewConnectionError("HTTPConnection(host='127.0.0.1', port=4723): Failed to establish a new connection: [WinError 10061] No connection could be made because the target machine actively refused it"))
Traceback (most recent call last):
  File "C:\Users\Lenovo\AppData\Roaming\Python\Python314\site-packages\urllib3\connection.py", line 204, in _new_conn
    sock = connection.create_connection(
        (self._dns_host, self.port),
    ...<2 lines>...
        socket_options=self.socket_options,
    )
  File "C:\Users\Lenovo\AppData\Roaming\Python\Python314\site-packages\urllib3\util\connection.py", line 85, in create_connection
    raise err
  File "C:\Users\Lenovo\AppData\Roaming\Python\Python314\site-packages\urllib3\util\connection.py", line 73, in create_connection
    sock.connect(sa)
    ~~~~~~~~~~~~^^^^
ConnectionRefusedError: [WinError 10061] No connection could be made because the target machine actively refused it

The above exception was the direct cause of the following exception:

Traceback (most recent call last):
  File "C:\Users\Lenovo\AppData\Roaming\Python\Python314\site-packages\urllib3\connectionpool.py", line 787, in urlopen
    response = self._make_request(
        conn,
    ...<10 lines>...
        **response_kw,
    )
  File "C:\Users\Lenovo\AppData\Roaming\Python\Python314\site-packages\urllib3\connectionpool.py", line 493, in _make_request
    conn.request(
    ~~~~~~~~~~~~^
        method,
        ^^^^^^^
    ...<6 lines>...
        enforce_content_length=enforce_content_length,
        ^^^^^^^^^^^^^^^^^^^^^^^^^^^^^^^^^^^^^^^^^^^^^^
    )
    ^
  File "C:\Users\Lenovo\AppData\Roaming\Python\Python314\site-packages\urllib3\connection.py", line 500, in request
    self.endheaders()
    ~~~~~~~~~~~~~~~^^
  File "C:\Python314\Lib\http\client.py", line 1353, in endheaders
    self._send_output(message_body, encode_chunked=encode_chunked)
    ~~~~~~~~~~~~~~~~~^^^^^^^^^^^^^^^^^^^^^^^^^^^^^^^^^^^^^^^^^^^^^
  File "C:\Python314\Lib\http\client.py", line 1113, in _send_output
    self.send(msg)
    ~~~~~~~~~^^^^^
  File "C:\Python314\Lib\http\client.py", line 1057, in send
    self.connect()
    ~~~~~~~~~~~~^^
  File "C:\Users\Lenovo\AppData\Roaming\Python\Python314\site-packages\urllib3\connection.py", line 331, in connect
    self.sock = self._new_conn()
                ~~~~~~~~~~~~~~^^
  File "C:\Users\Lenovo\AppData\Roaming\Python\Python314\site-packages\urllib3\connection.py", line 219, in _new_conn
    raise NewConnectionError(
        self, f"Failed to establish a new connection: {e}"
    ) from e
urllib3.exceptions.NewConnectionError: HTTPConnection(host='127.0.0.1', port=4723): Failed to establish a new connection: [WinError 10061] No connection could be made because the target machine actively refused it

The above exception was the direct cause of the following exception:

Traceback (most recent call last):
  File "C:\Users\Lenovo\OneDrive\Desktop\SofaApp\core\session_manager.py", line 53, in start_session
    driver = webdriver.Remote(server_url, options=options)
  File "C:\Users\Lenovo\AppData\Roaming\Python\Python314\site-packages\appium\webdriver\webdriver.py", line 229, in __init__
    super().__init__(
    ~~~~~~~~~~~~~~~~^
        command_executor=command_executor,
        ^^^^^^^^^^^^^^^^^^^^^^^^^^^^^^^^^^
        options=options,
        ^^^^^^^^^^^^^^^^
    )
    ^
  File "C:\Users\Lenovo\AppData\Roaming\Python\Python314\site-packages\selenium\webdriver\remote\webdriver.py", line 208, in __init__
    self.start_session(capabilities)
    ~~~~~~~~~~~~~~~~~~^^^^^^^^^^^^^^
  File "C:\Users\Lenovo\AppData\Roaming\Python\Python314\site-packages\appium\webdriver\webdriver.py", line 321, in start_session
    response = self.execute(RemoteCommand.NEW_SESSION, w3c_caps)
  File "C:\Users\Lenovo\AppData\Roaming\Python\Python314\site-packages\selenium\webdriver\remote\webdriver.py", line 345, in execute
    response = self.command_executor.execute(driver_command, params)
  File "C:\Users\Lenovo\AppData\Roaming\Python\Python314\site-packages\selenium\webdriver\remote\remote_connection.py", line 300, in execute
    return self._request(command_info[0], url, body=data)
           ~~~~~~~~~~~~~^^^^^^^^^^^^^^^^^^^^^^^^^^^^^^^^^
  File "C:\Users\Lenovo\AppData\Roaming\Python\Python314\site-packages\selenium\webdriver\remote\remote_connection.py", line 321, in _request
    response = self._conn.request(method, url, body=body, headers=headers)
  File "C:\Users\Lenovo\AppData\Roaming\Python\Python314\site-packages\urllib3\_request_methods.py", line 143, in request
    return self.request_encode_body(
           ~~~~~~~~~~~~~~~~~~~~~~~~^
        method, url, fields=fields, headers=headers, **urlopen_kw
        ^^^^^^^^^^^^^^^^^^^^^^^^^^^^^^^^^^^^^^^^^^^^^^^^^^^^^^^^^
    )
    ^
  File "C:\Users\Lenovo\AppData\Roaming\Python\Python314\site-packages\urllib3\_request_methods.py", line 278, in request_encode_body
    return self.urlopen(method, url, **extra_kw)
           ~~~~~~~~~~~~^^^^^^^^^^^^^^^^^^^^^^^^^
  File "C:\Users\Lenovo\AppData\Roaming\Python\Python314\site-packages\urllib3\poolmanager.py", line 457, in urlopen
    response = conn.urlopen(method, u.request_uri, **kw)
  File "C:\Users\Lenovo\AppData\Roaming\Python\Python314\site-packages\urllib3\connectionpool.py", line 871, in urlopen
    return self.urlopen(
           ~~~~~~~~~~~~^
        method,
        ^^^^^^^
    ...<13 lines>...
        **response_kw,
        ^^^^^^^^^^^^^^
    )
    ^
  File "C:\Users\Lenovo\AppData\Roaming\Python\Python314\site-packages\urllib3\connectionpool.py", line 871, in urlopen
    return self.urlopen(
           ~~~~~~~~~~~~^
        method,
        ^^^^^^^
    ...<13 lines>...
        **response_kw,
        ^^^^^^^^^^^^^^
    )
    ^
  File "C:\Users\Lenovo\AppData\Roaming\Python\Python314\site-packages\urllib3\connectionpool.py", line 871, in urlopen
    return self.urlopen(
           ~~~~~~~~~~~~^
        method,
        ^^^^^^^
    ...<13 lines>...
        **response_kw,
        ^^^^^^^^^^^^^^
    )
    ^
  File "C:\Users\Lenovo\AppData\Roaming\Python\Python314\site-packages\urllib3\connectionpool.py", line 841, in urlopen
    retries = retries.increment(
        method, url, error=new_e, _pool=self, _stacktrace=sys.exc_info()[2]
    )
  File "C:\Users\Lenovo\AppData\Roaming\Python\Python314\site-packages\urllib3\util\retry.py", line 535, in increment
    raise MaxRetryError(_pool, url, reason) from reason  # type: ignore[arg-type]
    ^^^^^^^^^^^^^^^^^^^^^^^^^^^^^^^^^^^^^^^^^^^^^^^^^^^
urllib3.exceptions.MaxRetryError: HTTPConnectionPool(host='127.0.0.1', port=4723): Max retries exceeded with url: /session (Caused by NewConnectionError("HTTPConnection(host='127.0.0.1', port=4723): Failed to establish a new connection: [WinError 10061] No connection could be made because the target machine actively refused it"))
2026-04-22 08:26:10,963 - [WARNING] [user1] Driver failed to start. Recording failure.
2026-04-22 08:26:10,963 - [INFO] Running account: user1
2026-04-22 08:26:10,963 - [INFO] [user1] Starting Appium session on device R3CMB0CDBPT...
2026-04-22 08:26:19,126 - [ERROR] [user1] Failed to start Appium session: HTTPConnectionPool(host='127.0.0.1', port=4723): Max retries exceeded with url: /session (Caused by NewConnectionError("HTTPConnection(host='127.0.0.1', port=4723): Failed to establish a new connection: [WinError 10061] No connection could be made because the target machine actively refused it"))
Traceback (most recent call last):
  File "C:\Users\Lenovo\AppData\Roaming\Python\Python314\site-packages\urllib3\connection.py", line 204, in _new_conn
    sock = connection.create_connection(
        (self._dns_host, self.port),
    ...<2 lines>...
        socket_options=self.socket_options,
    )
  File "C:\Users\Lenovo\AppData\Roaming\Python\Python314\site-packages\urllib3\util\connection.py", line 85, in create_connection
    raise err
  File "C:\Users\Lenovo\AppData\Roaming\Python\Python314\site-packages\urllib3\util\connection.py", line 73, in create_connection
    sock.connect(sa)
    ~~~~~~~~~~~~^^^^
ConnectionRefusedError: [WinError 10061] No connection could be made because the target machine actively refused it

The above exception was the direct cause of the following exception:

Traceback (most recent call last):
  File "C:\Users\Lenovo\AppData\Roaming\Python\Python314\site-packages\urllib3\connectionpool.py", line 787, in urlopen
    response = self._make_request(
        conn,
    ...<10 lines>...
        **response_kw,
    )
  File "C:\Users\Lenovo\AppData\Roaming\Python\Python314\site-packages\urllib3\connectionpool.py", line 493, in _make_request
    conn.request(
    ~~~~~~~~~~~~^
        method,
        ^^^^^^^
    ...<6 lines>...
        enforce_content_length=enforce_content_length,
        ^^^^^^^^^^^^^^^^^^^^^^^^^^^^^^^^^^^^^^^^^^^^^^
    )
    ^
  File "C:\Users\Lenovo\AppData\Roaming\Python\Python314\site-packages\urllib3\connection.py", line 500, in request
    self.endheaders()
    ~~~~~~~~~~~~~~~^^
  File "C:\Python314\Lib\http\client.py", line 1353, in endheaders
    self._send_output(message_body, encode_chunked=encode_chunked)
    ~~~~~~~~~~~~~~~~~^^^^^^^^^^^^^^^^^^^^^^^^^^^^^^^^^^^^^^^^^^^^^
  File "C:\Python314\Lib\http\client.py", line 1113, in _send_output
    self.send(msg)
    ~~~~~~~~~^^^^^
  File "C:\Python314\Lib\http\client.py", line 1057, in send
    self.connect()
    ~~~~~~~~~~~~^^
  File "C:\Users\Lenovo\AppData\Roaming\Python\Python314\site-packages\urllib3\connection.py", line 331, in connect
    self.sock = self._new_conn()
                ~~~~~~~~~~~~~~^^
  File "C:\Users\Lenovo\AppData\Roaming\Python\Python314\site-packages\urllib3\connection.py", line 219, in _new_conn
    raise NewConnectionError(
        self, f"Failed to establish a new connection: {e}"
    ) from e
urllib3.exceptions.NewConnectionError: HTTPConnection(host='127.0.0.1', port=4723): Failed to establish a new connection: [WinError 10061] No connection could be made because the target machine actively refused it

The above exception was the direct cause of the following exception:

Traceback (most recent call last):
  File "C:\Users\Lenovo\OneDrive\Desktop\SofaApp\core\session_manager.py", line 53, in start_session
    driver = webdriver.Remote(server_url, options=options)
  File "C:\Users\Lenovo\AppData\Roaming\Python\Python314\site-packages\appium\webdriver\webdriver.py", line 229, in __init__
    super().__init__(
    ~~~~~~~~~~~~~~~~^
        command_executor=command_executor,
        ^^^^^^^^^^^^^^^^^^^^^^^^^^^^^^^^^^
        options=options,
        ^^^^^^^^^^^^^^^^
    )
    ^
  File "C:\Users\Lenovo\AppData\Roaming\Python\Python314\site-packages\selenium\webdriver\remote\webdriver.py", line 208, in __init__
    self.start_session(capabilities)
    ~~~~~~~~~~~~~~~~~~^^^^^^^^^^^^^^
  File "C:\Users\Lenovo\AppData\Roaming\Python\Python314\site-packages\appium\webdriver\webdriver.py", line 321, in start_session
    response = self.execute(RemoteCommand.NEW_SESSION, w3c_caps)
  File "C:\Users\Lenovo\AppData\Roaming\Python\Python314\site-packages\selenium\webdriver\remote\webdriver.py", line 345, in execute
    response = self.command_executor.execute(driver_command, params)
  File "C:\Users\Lenovo\AppData\Roaming\Python\Python314\site-packages\selenium\webdriver\remote\remote_connection.py", line 300, in execute
    return self._request(command_info[0], url, body=data)
           ~~~~~~~~~~~~~^^^^^^^^^^^^^^^^^^^^^^^^^^^^^^^^^
  File "C:\Users\Lenovo\AppData\Roaming\Python\Python314\site-packages\selenium\webdriver\remote\remote_connection.py", line 321, in _request
    response = self._conn.request(method, url, body=body, headers=headers)
  File "C:\Users\Lenovo\AppData\Roaming\Python\Python314\site-packages\urllib3\_request_methods.py", line 143, in request
    return self.request_encode_body(
           ~~~~~~~~~~~~~~~~~~~~~~~~^
        method, url, fields=fields, headers=headers, **urlopen_kw
        ^^^^^^^^^^^^^^^^^^^^^^^^^^^^^^^^^^^^^^^^^^^^^^^^^^^^^^^^^
    )
    ^
  File "C:\Users\Lenovo\AppData\Roaming\Python\Python314\site-packages\urllib3\_request_methods.py", line 278, in request_encode_body
    return self.urlopen(method, url, **extra_kw)
           ~~~~~~~~~~~~^^^^^^^^^^^^^^^^^^^^^^^^^
  File "C:\Users\Lenovo\AppData\Roaming\Python\Python314\site-packages\urllib3\poolmanager.py", line 457, in urlopen
    response = conn.urlopen(method, u.request_uri, **kw)
  File "C:\Users\Lenovo\AppData\Roaming\Python\Python314\site-packages\urllib3\connectionpool.py", line 871, in urlopen
    return self.urlopen(
           ~~~~~~~~~~~~^
        method,
        ^^^^^^^
    ...<13 lines>...
        **response_kw,
        ^^^^^^^^^^^^^^
    )
    ^
  File "C:\Users\Lenovo\AppData\Roaming\Python\Python314\site-packages\urllib3\connectionpool.py", line 871, in urlopen
    return self.urlopen(
           ~~~~~~~~~~~~^
        method,
        ^^^^^^^
    ...<13 lines>...
        **response_kw,
        ^^^^^^^^^^^^^^
    )
    ^
  File "C:\Users\Lenovo\AppData\Roaming\Python\Python314\site-packages\urllib3\connectionpool.py", line 871, in urlopen
    return self.urlopen(
           ~~~~~~~~~~~~^
        method,
        ^^^^^^^
    ...<13 lines>...
        **response_kw,
        ^^^^^^^^^^^^^^
    )
    ^
  File "C:\Users\Lenovo\AppData\Roaming\Python\Python314\site-packages\urllib3\connectionpool.py", line 841, in urlopen
    retries = retries.increment(
        method, url, error=new_e, _pool=self, _stacktrace=sys.exc_info()[2]
    )
  File "C:\Users\Lenovo\AppData\Roaming\Python\Python314\site-packages\urllib3\util\retry.py", line 535, in increment
    raise MaxRetryError(_pool, url, reason) from reason  # type: ignore[arg-type]
    ^^^^^^^^^^^^^^^^^^^^^^^^^^^^^^^^^^^^^^^^^^^^^^^^^^^
urllib3.exceptions.MaxRetryError: HTTPConnectionPool(host='127.0.0.1', port=4723): Max retries exceeded with url: /session (Caused by NewConnectionError("HTTPConnection(host='127.0.0.1', port=4723): Failed to establish a new connection: [WinError 10061] No connection could be made because the target machine actively refused it"))
2026-04-22 08:26:19,133 - [WARNING] [user1] Driver failed to start. Recording failure.
2026-04-22 08:26:19,133 - [INFO] Running account: user1
2026-04-22 08:26:19,133 - [INFO] [user1] Starting Appium session on device R3CMB0CDBPT...
2026-04-22 08:26:27,288 - [ERROR] [user1] Failed to start Appium session: HTTPConnectionPool(host='127.0.0.1', port=4723): Max retries exceeded with url: /session (Caused by NewConnectionError("HTTPConnection(host='127.0.0.1', port=4723): Failed to establish a new connection: [WinError 10061] No connection could be made because the target machine actively refused it"))
Traceback (most recent call last):
  File "C:\Users\Lenovo\AppData\Roaming\Python\Python314\site-packages\urllib3\connection.py", line 204, in _new_conn
    sock = connection.create_connection(
        (self._dns_host, self.port),
    ...<2 lines>...
        socket_options=self.socket_options,
    )
  File "C:\Users\Lenovo\AppData\Roaming\Python\Python314\site-packages\urllib3\util\connection.py", line 85, in create_connection
    raise err
  File "C:\Users\Lenovo\AppData\Roaming\Python\Python314\site-packages\urllib3\util\connection.py", line 73, in create_connection
    sock.connect(sa)
    ~~~~~~~~~~~~^^^^
ConnectionRefusedError: [WinError 10061] No connection could be made because the target machine actively refused it

The above exception was the direct cause of the following exception:

Traceback (most recent call last):
  File "C:\Users\Lenovo\AppData\Roaming\Python\Python314\site-packages\urllib3\connectionpool.py", line 787, in urlopen
    response = self._make_request(
        conn,
    ...<10 lines>...
        **response_kw,
    )
  File "C:\Users\Lenovo\AppData\Roaming\Python\Python314\site-packages\urllib3\connectionpool.py", line 493, in _make_request
    conn.request(
    ~~~~~~~~~~~~^
        method,
        ^^^^^^^
    ...<6 lines>...
        enforce_content_length=enforce_content_length,
        ^^^^^^^^^^^^^^^^^^^^^^^^^^^^^^^^^^^^^^^^^^^^^^
    )
    ^
  File "C:\Users\Lenovo\AppData\Roaming\Python\Python314\site-packages\urllib3\connection.py", line 500, in request
    self.endheaders()
    ~~~~~~~~~~~~~~~^^
  File "C:\Python314\Lib\http\client.py", line 1353, in endheaders
    self._send_output(message_body, encode_chunked=encode_chunked)
    ~~~~~~~~~~~~~~~~~^^^^^^^^^^^^^^^^^^^^^^^^^^^^^^^^^^^^^^^^^^^^^
  File "C:\Python314\Lib\http\client.py", line 1113, in _send_output
    self.send(msg)
    ~~~~~~~~~^^^^^
  File "C:\Python314\Lib\http\client.py", line 1057, in send
    self.connect()
    ~~~~~~~~~~~~^^
  File "C:\Users\Lenovo\AppData\Roaming\Python\Python314\site-packages\urllib3\connection.py", line 331, in connect
    self.sock = self._new_conn()
                ~~~~~~~~~~~~~~^^
  File "C:\Users\Lenovo\AppData\Roaming\Python\Python314\site-packages\urllib3\connection.py", line 219, in _new_conn
    raise NewConnectionError(
        self, f"Failed to establish a new connection: {e}"
    ) from e
urllib3.exceptions.NewConnectionError: HTTPConnection(host='127.0.0.1', port=4723): Failed to establish a new connection: [WinError 10061] No connection could be made because the target machine actively refused it

The above exception was the direct cause of the following exception:

Traceback (most recent call last):
  File "C:\Users\Lenovo\OneDrive\Desktop\SofaApp\core\session_manager.py", line 53, in start_session
    driver = webdriver.Remote(server_url, options=options)
  File "C:\Users\Lenovo\AppData\Roaming\Python\Python314\site-packages\appium\webdriver\webdriver.py", line 229, in __init__
    super().__init__(
    ~~~~~~~~~~~~~~~~^
        command_executor=command_executor,
        ^^^^^^^^^^^^^^^^^^^^^^^^^^^^^^^^^^
        options=options,
        ^^^^^^^^^^^^^^^^
    )
    ^
  File "C:\Users\Lenovo\AppData\Roaming\Python\Python314\site-packages\selenium\webdriver\remote\webdriver.py", line 208, in __init__
    self.start_session(capabilities)
    ~~~~~~~~~~~~~~~~~~^^^^^^^^^^^^^^
  File "C:\Users\Lenovo\AppData\Roaming\Python\Python314\site-packages\appium\webdriver\webdriver.py", line 321, in start_session
    response = self.execute(RemoteCommand.NEW_SESSION, w3c_caps)
  File "C:\Users\Lenovo\AppData\Roaming\Python\Python314\site-packages\selenium\webdriver\remote\webdriver.py", line 345, in execute
    response = self.command_executor.execute(driver_command, params)
  File "C:\Users\Lenovo\AppData\Roaming\Python\Python314\site-packages\selenium\webdriver\remote\remote_connection.py", line 300, in execute
    return self._request(command_info[0], url, body=data)
           ~~~~~~~~~~~~~^^^^^^^^^^^^^^^^^^^^^^^^^^^^^^^^^
  File "C:\Users\Lenovo\AppData\Roaming\Python\Python314\site-packages\selenium\webdriver\remote\remote_connection.py", line 321, in _request
    response = self._conn.request(method, url, body=body, headers=headers)
  File "C:\Users\Lenovo\AppData\Roaming\Python\Python314\site-packages\urllib3\_request_methods.py", line 143, in request
    return self.request_encode_body(
           ~~~~~~~~~~~~~~~~~~~~~~~~^
        method, url, fields=fields, headers=headers, **urlopen_kw
        ^^^^^^^^^^^^^^^^^^^^^^^^^^^^^^^^^^^^^^^^^^^^^^^^^^^^^^^^^
    )
    ^
  File "C:\Users\Lenovo\AppData\Roaming\Python\Python314\site-packages\urllib3\_request_methods.py", line 278, in request_encode_body
    return self.urlopen(method, url, **extra_kw)
           ~~~~~~~~~~~~^^^^^^^^^^^^^^^^^^^^^^^^^
  File "C:\Users\Lenovo\AppData\Roaming\Python\Python314\site-packages\urllib3\poolmanager.py", line 457, in urlopen
    response = conn.urlopen(method, u.request_uri, **kw)
  File "C:\Users\Lenovo\AppData\Roaming\Python\Python314\site-packages\urllib3\connectionpool.py", line 871, in urlopen
    return self.urlopen(
           ~~~~~~~~~~~~^
        method,
        ^^^^^^^
    ...<13 lines>...
        **response_kw,
        ^^^^^^^^^^^^^^
    )
    ^
  File "C:\Users\Lenovo\AppData\Roaming\Python\Python314\site-packages\urllib3\connectionpool.py", line 871, in urlopen
    return self.urlopen(
           ~~~~~~~~~~~~^
        method,
        ^^^^^^^
    ...<13 lines>...
        **response_kw,
        ^^^^^^^^^^^^^^
    )
    ^
  File "C:\Users\Lenovo\AppData\Roaming\Python\Python314\site-packages\urllib3\connectionpool.py", line 871, in urlopen
    return self.urlopen(
           ~~~~~~~~~~~~^
        method,
        ^^^^^^^
    ...<13 lines>...
        **response_kw,
        ^^^^^^^^^^^^^^
    )
    ^
  File "C:\Users\Lenovo\AppData\Roaming\Python\Python314\site-packages\urllib3\connectionpool.py", line 841, in urlopen
    retries = retries.increment(
        method, url, error=new_e, _pool=self, _stacktrace=sys.exc_info()[2]
    )
  File "C:\Users\Lenovo\AppData\Roaming\Python\Python314\site-packages\urllib3\util\retry.py", line 535, in increment
    raise MaxRetryError(_pool, url, reason) from reason  # type: ignore[arg-type]
    ^^^^^^^^^^^^^^^^^^^^^^^^^^^^^^^^^^^^^^^^^^^^^^^^^^^
urllib3.exceptions.MaxRetryError: HTTPConnectionPool(host='127.0.0.1', port=4723): Max retries exceeded with url: /session (Caused by NewConnectionError("HTTPConnection(host='127.0.0.1', port=4723): Failed to establish a new connection: [WinError 10061] No connection could be made because the target machine actively refused it"))
2026-04-22 08:26:27,301 - [WARNING] [user1] Driver failed to start. Recording failure.
2026-04-22 08:26:27,301 - [ERROR] Account user1 temporarily disabled
2026-04-22 08:26:27,301 - [WARNING] All accounts have failed or hit limits. Stopping scheduler.
2026-04-22 08:26:27,302 - [INFO] --- VALIDATION CYCLE 6/6 ---
2026-04-22 08:26:27,304 - [INFO] Loaded 1 accounts.
2026-04-22 08:26:27,306 - [INFO] Starting execution pool.
2026-04-22 08:26:27,307 - [INFO] Running account: user1
2026-04-22 08:26:27,307 - [INFO] [user1] Starting Appium session on device R3CMB0CDBPT...
2026-04-22 08:26:35,434 - [ERROR] [user1] Failed to start Appium session: HTTPConnectionPool(host='127.0.0.1', port=4723): Max retries exceeded with url: /session (Caused by NewConnectionError("HTTPConnection(host='127.0.0.1', port=4723): Failed to establish a new connection: [WinError 10061] No connection could be made because the target machine actively refused it"))
Traceback (most recent call last):
  File "C:\Users\Lenovo\AppData\Roaming\Python\Python314\site-packages\urllib3\connection.py", line 204, in _new_conn
    sock = connection.create_connection(
        (self._dns_host, self.port),
    ...<2 lines>...
        socket_options=self.socket_options,
    )
  File "C:\Users\Lenovo\AppData\Roaming\Python\Python314\site-packages\urllib3\util\connection.py", line 85, in create_connection
    raise err
  File "C:\Users\Lenovo\AppData\Roaming\Python\Python314\site-packages\urllib3\util\connection.py", line 73, in create_connection
    sock.connect(sa)
    ~~~~~~~~~~~~^^^^
ConnectionRefusedError: [WinError 10061] No connection could be made because the target machine actively refused it

The above exception was the direct cause of the following exception:

Traceback (most recent call last):
  File "C:\Users\Lenovo\AppData\Roaming\Python\Python314\site-packages\urllib3\connectionpool.py", line 787, in urlopen
    response = self._make_request(
        conn,
    ...<10 lines>...
        **response_kw,
    )
  File "C:\Users\Lenovo\AppData\Roaming\Python\Python314\site-packages\urllib3\connectionpool.py", line 493, in _make_request
    conn.request(
    ~~~~~~~~~~~~^
        method,
        ^^^^^^^
    ...<6 lines>...
        enforce_content_length=enforce_content_length,
        ^^^^^^^^^^^^^^^^^^^^^^^^^^^^^^^^^^^^^^^^^^^^^^
    )
    ^
  File "C:\Users\Lenovo\AppData\Roaming\Python\Python314\site-packages\urllib3\connection.py", line 500, in request
    self.endheaders()
    ~~~~~~~~~~~~~~~^^
  File "C:\Python314\Lib\http\client.py", line 1353, in endheaders
    self._send_output(message_body, encode_chunked=encode_chunked)
    ~~~~~~~~~~~~~~~~~^^^^^^^^^^^^^^^^^^^^^^^^^^^^^^^^^^^^^^^^^^^^^
  File "C:\Python314\Lib\http\client.py", line 1113, in _send_output
    self.send(msg)
    ~~~~~~~~~^^^^^
  File "C:\Python314\Lib\http\client.py", line 1057, in send
    self.connect()
    ~~~~~~~~~~~~^^
  File "C:\Users\Lenovo\AppData\Roaming\Python\Python314\site-packages\urllib3\connection.py", line 331, in connect
    self.sock = self._new_conn()
                ~~~~~~~~~~~~~~^^
  File "C:\Users\Lenovo\AppData\Roaming\Python\Python314\site-packages\urllib3\connection.py", line 219, in _new_conn
    raise NewConnectionError(
        self, f"Failed to establish a new connection: {e}"
    ) from e
urllib3.exceptions.NewConnectionError: HTTPConnection(host='127.0.0.1', port=4723): Failed to establish a new connection: [WinError 10061] No connection could be made because the target machine actively refused it

The above exception was the direct cause of the following exception:

Traceback (most recent call last):
  File "C:\Users\Lenovo\OneDrive\Desktop\SofaApp\core\session_manager.py", line 53, in start_session
    driver = webdriver.Remote(server_url, options=options)
  File "C:\Users\Lenovo\AppData\Roaming\Python\Python314\site-packages\appium\webdriver\webdriver.py", line 229, in __init__
    super().__init__(
    ~~~~~~~~~~~~~~~~^
        command_executor=command_executor,
        ^^^^^^^^^^^^^^^^^^^^^^^^^^^^^^^^^^
        options=options,
        ^^^^^^^^^^^^^^^^
    )
    ^
  File "C:\Users\Lenovo\AppData\Roaming\Python\Python314\site-packages\selenium\webdriver\remote\webdriver.py", line 208, in __init__
    self.start_session(capabilities)
    ~~~~~~~~~~~~~~~~~~^^^^^^^^^^^^^^
  File "C:\Users\Lenovo\AppData\Roaming\Python\Python314\site-packages\appium\webdriver\webdriver.py", line 321, in start_session
    response = self.execute(RemoteCommand.NEW_SESSION, w3c_caps)
  File "C:\Users\Lenovo\AppData\Roaming\Python\Python314\site-packages\selenium\webdriver\remote\webdriver.py", line 345, in execute
    response = self.command_executor.execute(driver_command, params)
  File "C:\Users\Lenovo\AppData\Roaming\Python\Python314\site-packages\selenium\webdriver\remote\remote_connection.py", line 300, in execute
    return self._request(command_info[0], url, body=data)
           ~~~~~~~~~~~~~^^^^^^^^^^^^^^^^^^^^^^^^^^^^^^^^^
  File "C:\Users\Lenovo\AppData\Roaming\Python\Python314\site-packages\selenium\webdriver\remote\remote_connection.py", line 321, in _request
    response = self._conn.request(method, url, body=body, headers=headers)
  File "C:\Users\Lenovo\AppData\Roaming\Python\Python314\site-packages\urllib3\_request_methods.py", line 143, in request
    return self.request_encode_body(
           ~~~~~~~~~~~~~~~~~~~~~~~~^
        method, url, fields=fields, headers=headers, **urlopen_kw
        ^^^^^^^^^^^^^^^^^^^^^^^^^^^^^^^^^^^^^^^^^^^^^^^^^^^^^^^^^
    )
    ^
  File "C:\Users\Lenovo\AppData\Roaming\Python\Python314\site-packages\urllib3\_request_methods.py", line 278, in request_encode_body
    return self.urlopen(method, url, **extra_kw)
           ~~~~~~~~~~~~^^^^^^^^^^^^^^^^^^^^^^^^^
  File "C:\Users\Lenovo\AppData\Roaming\Python\Python314\site-packages\urllib3\poolmanager.py", line 457, in urlopen
    response = conn.urlopen(method, u.request_uri, **kw)
  File "C:\Users\Lenovo\AppData\Roaming\Python\Python314\site-packages\urllib3\connectionpool.py", line 871, in urlopen
    return self.urlopen(
           ~~~~~~~~~~~~^
        method,
        ^^^^^^^
    ...<13 lines>...
        **response_kw,
        ^^^^^^^^^^^^^^
    )
    ^
  File "C:\Users\Lenovo\AppData\Roaming\Python\Python314\site-packages\urllib3\connectionpool.py", line 871, in urlopen
    return self.urlopen(
           ~~~~~~~~~~~~^
        method,
        ^^^^^^^
    ...<13 lines>...
        **response_kw,
        ^^^^^^^^^^^^^^
    )
    ^
  File "C:\Users\Lenovo\AppData\Roaming\Python\Python314\site-packages\urllib3\connectionpool.py", line 871, in urlopen
    return self.urlopen(
           ~~~~~~~~~~~~^
        method,
        ^^^^^^^
    ...<13 lines>...
        **response_kw,
        ^^^^^^^^^^^^^^
    )
    ^
  File "C:\Users\Lenovo\AppData\Roaming\Python\Python314\site-packages\urllib3\connectionpool.py", line 841, in urlopen
    retries = retries.increment(
        method, url, error=new_e, _pool=self, _stacktrace=sys.exc_info()[2]
    )
  File "C:\Users\Lenovo\AppData\Roaming\Python\Python314\site-packages\urllib3\util\retry.py", line 535, in increment
    raise MaxRetryError(_pool, url, reason) from reason  # type: ignore[arg-type]
    ^^^^^^^^^^^^^^^^^^^^^^^^^^^^^^^^^^^^^^^^^^^^^^^^^^^
urllib3.exceptions.MaxRetryError: HTTPConnectionPool(host='127.0.0.1', port=4723): Max retries exceeded with url: /session (Caused by NewConnectionError("HTTPConnection(host='127.0.0.1', port=4723): Failed to establish a new connection: [WinError 10061] No connection could be made because the target machine actively refused it"))
2026-04-22 08:26:35,441 - [WARNING] [user1] Driver failed to start. Recording failure.
2026-04-22 08:26:35,441 - [INFO] Running account: user1
2026-04-22 08:26:35,442 - [INFO] [user1] Starting Appium session on device R3CMB0CDBPT...
2026-04-22 08:26:43,573 - [ERROR] [user1] Failed to start Appium session: HTTPConnectionPool(host='127.0.0.1', port=4723): Max retries exceeded with url: /session (Caused by NewConnectionError("HTTPConnection(host='127.0.0.1', port=4723): Failed to establish a new connection: [WinError 10061] No connection could be made because the target machine actively refused it"))
Traceback (most recent call last):
  File "C:\Users\Lenovo\AppData\Roaming\Python\Python314\site-packages\urllib3\connection.py", line 204, in _new_conn
    sock = connection.create_connection(
        (self._dns_host, self.port),
    ...<2 lines>...
        socket_options=self.socket_options,
    )
  File "C:\Users\Lenovo\AppData\Roaming\Python\Python314\site-packages\urllib3\util\connection.py", line 85, in create_connection
    raise err
  File "C:\Users\Lenovo\AppData\Roaming\Python\Python314\site-packages\urllib3\util\connection.py", line 73, in create_connection
    sock.connect(sa)
    ~~~~~~~~~~~~^^^^
ConnectionRefusedError: [WinError 10061] No connection could be made because the target machine actively refused it

The above exception was the direct cause of the following exception:

Traceback (most recent call last):
  File "C:\Users\Lenovo\AppData\Roaming\Python\Python314\site-packages\urllib3\connectionpool.py", line 787, in urlopen
    response = self._make_request(
        conn,
    ...<10 lines>...
        **response_kw,
    )
  File "C:\Users\Lenovo\AppData\Roaming\Python\Python314\site-packages\urllib3\connectionpool.py", line 493, in _make_request
    conn.request(
    ~~~~~~~~~~~~^
        method,
        ^^^^^^^
    ...<6 lines>...
        enforce_content_length=enforce_content_length,
        ^^^^^^^^^^^^^^^^^^^^^^^^^^^^^^^^^^^^^^^^^^^^^^
    )
    ^
  File "C:\Users\Lenovo\AppData\Roaming\Python\Python314\site-packages\urllib3\connection.py", line 500, in request
    self.endheaders()
    ~~~~~~~~~~~~~~~^^
  File "C:\Python314\Lib\http\client.py", line 1353, in endheaders
    self._send_output(message_body, encode_chunked=encode_chunked)
    ~~~~~~~~~~~~~~~~~^^^^^^^^^^^^^^^^^^^^^^^^^^^^^^^^^^^^^^^^^^^^^
  File "C:\Python314\Lib\http\client.py", line 1113, in _send_output
    self.send(msg)
    ~~~~~~~~~^^^^^
  File "C:\Python314\Lib\http\client.py", line 1057, in send
    self.connect()
    ~~~~~~~~~~~~^^
  File "C:\Users\Lenovo\AppData\Roaming\Python\Python314\site-packages\urllib3\connection.py", line 331, in connect
    self.sock = self._new_conn()
                ~~~~~~~~~~~~~~^^
  File "C:\Users\Lenovo\AppData\Roaming\Python\Python314\site-packages\urllib3\connection.py", line 219, in _new_conn
    raise NewConnectionError(
        self, f"Failed to establish a new connection: {e}"
    ) from e
urllib3.exceptions.NewConnectionError: HTTPConnection(host='127.0.0.1', port=4723): Failed to establish a new connection: [WinError 10061] No connection could be made because the target machine actively refused it

The above exception was the direct cause of the following exception:

Traceback (most recent call last):
  File "C:\Users\Lenovo\OneDrive\Desktop\SofaApp\core\session_manager.py", line 53, in start_session
    driver = webdriver.Remote(server_url, options=options)
  File "C:\Users\Lenovo\AppData\Roaming\Python\Python314\site-packages\appium\webdriver\webdriver.py", line 229, in __init__
    super().__init__(
    ~~~~~~~~~~~~~~~~^
        command_executor=command_executor,
        ^^^^^^^^^^^^^^^^^^^^^^^^^^^^^^^^^^
        options=options,
        ^^^^^^^^^^^^^^^^
    )
    ^
  File "C:\Users\Lenovo\AppData\Roaming\Python\Python314\site-packages\selenium\webdriver\remote\webdriver.py", line 208, in __init__
    self.start_session(capabilities)
    ~~~~~~~~~~~~~~~~~~^^^^^^^^^^^^^^
  File "C:\Users\Lenovo\AppData\Roaming\Python\Python314\site-packages\appium\webdriver\webdriver.py", line 321, in start_session
    response = self.execute(RemoteCommand.NEW_SESSION, w3c_caps)
  File "C:\Users\Lenovo\AppData\Roaming\Python\Python314\site-packages\selenium\webdriver\remote\webdriver.py", line 345, in execute
    response = self.command_executor.execute(driver_command, params)
  File "C:\Users\Lenovo\AppData\Roaming\Python\Python314\site-packages\selenium\webdriver\remote\remote_connection.py", line 300, in execute
    return self._request(command_info[0], url, body=data)
           ~~~~~~~~~~~~~^^^^^^^^^^^^^^^^^^^^^^^^^^^^^^^^^
  File "C:\Users\Lenovo\AppData\Roaming\Python\Python314\site-packages\selenium\webdriver\remote\remote_connection.py", line 321, in _request
    response = self._conn.request(method, url, body=body, headers=headers)
  File "C:\Users\Lenovo\AppData\Roaming\Python\Python314\site-packages\urllib3\_request_methods.py", line 143, in request
    return self.request_encode_body(
           ~~~~~~~~~~~~~~~~~~~~~~~~^
        method, url, fields=fields, headers=headers, **urlopen_kw
        ^^^^^^^^^^^^^^^^^^^^^^^^^^^^^^^^^^^^^^^^^^^^^^^^^^^^^^^^^
    )
    ^
  File "C:\Users\Lenovo\AppData\Roaming\Python\Python314\site-packages\urllib3\_request_methods.py", line 278, in request_encode_body
    return self.urlopen(method, url, **extra_kw)
           ~~~~~~~~~~~~^^^^^^^^^^^^^^^^^^^^^^^^^
  File "C:\Users\Lenovo\AppData\Roaming\Python\Python314\site-packages\urllib3\poolmanager.py", line 457, in urlopen
    response = conn.urlopen(method, u.request_uri, **kw)
  File "C:\Users\Lenovo\AppData\Roaming\Python\Python314\site-packages\urllib3\connectionpool.py", line 871, in urlopen
    return self.urlopen(
           ~~~~~~~~~~~~^
        method,
        ^^^^^^^
    ...<13 lines>...
        **response_kw,
        ^^^^^^^^^^^^^^
    )
    ^
  File "C:\Users\Lenovo\AppData\Roaming\Python\Python314\site-packages\urllib3\connectionpool.py", line 871, in urlopen
    return self.urlopen(
           ~~~~~~~~~~~~^
        method,
        ^^^^^^^
    ...<13 lines>...
        **response_kw,
        ^^^^^^^^^^^^^^
    )
    ^
  File "C:\Users\Lenovo\AppData\Roaming\Python\Python314\site-packages\urllib3\connectionpool.py", line 871, in urlopen
    return self.urlopen(
           ~~~~~~~~~~~~^
        method,
        ^^^^^^^
    ...<13 lines>...
        **response_kw,
        ^^^^^^^^^^^^^^
    )
    ^
  File "C:\Users\Lenovo\AppData\Roaming\Python\Python314\site-packages\urllib3\connectionpool.py", line 841, in urlopen
    retries = retries.increment(
        method, url, error=new_e, _pool=self, _stacktrace=sys.exc_info()[2]
    )
  File "C:\Users\Lenovo\AppData\Roaming\Python\Python314\site-packages\urllib3\util\retry.py", line 535, in increment
    raise MaxRetryError(_pool, url, reason) from reason  # type: ignore[arg-type]
    ^^^^^^^^^^^^^^^^^^^^^^^^^^^^^^^^^^^^^^^^^^^^^^^^^^^
urllib3.exceptions.MaxRetryError: HTTPConnectionPool(host='127.0.0.1', port=4723): Max retries exceeded with url: /session (Caused by NewConnectionError("HTTPConnection(host='127.0.0.1', port=4723): Failed to establish a new connection: [WinError 10061] No connection could be made because the target machine actively refused it"))
2026-04-22 08:26:43,579 - [WARNING] [user1] Driver failed to start. Recording failure.
2026-04-22 08:26:43,579 - [INFO] Running account: user1
2026-04-22 08:26:43,579 - [INFO] [user1] Starting Appium session on device R3CMB0CDBPT...
2026-04-22 08:26:51,650 - [ERROR] [user1] Failed to start Appium session: HTTPConnectionPool(host='127.0.0.1', port=4723): Max retries exceeded with url: /session (Caused by NewConnectionError("HTTPConnection(host='127.0.0.1', port=4723): Failed to establish a new connection: [WinError 10061] No connection could be made because the target machine actively refused it"))
Traceback (most recent call last):
  File "C:\Users\Lenovo\AppData\Roaming\Python\Python314\site-packages\urllib3\connection.py", line 204, in _new_conn
    sock = connection.create_connection(
        (self._dns_host, self.port),
    ...<2 lines>...
        socket_options=self.socket_options,
    )
  File "C:\Users\Lenovo\AppData\Roaming\Python\Python314\site-packages\urllib3\util\connection.py", line 85, in create_connection
    raise err
  File "C:\Users\Lenovo\AppData\Roaming\Python\Python314\site-packages\urllib3\util\connection.py", line 73, in create_connection
    sock.connect(sa)
    ~~~~~~~~~~~~^^^^
ConnectionRefusedError: [WinError 10061] No connection could be made because the target machine actively refused it

The above exception was the direct cause of the following exception:

Traceback (most recent call last):
  File "C:\Users\Lenovo\AppData\Roaming\Python\Python314\site-packages\urllib3\connectionpool.py", line 787, in urlopen
    response = self._make_request(
        conn,
    ...<10 lines>...
        **response_kw,
    )
  File "C:\Users\Lenovo\AppData\Roaming\Python\Python314\site-packages\urllib3\connectionpool.py", line 493, in _make_request
    conn.request(
    ~~~~~~~~~~~~^
        method,
        ^^^^^^^
    ...<6 lines>...
        enforce_content_length=enforce_content_length,
        ^^^^^^^^^^^^^^^^^^^^^^^^^^^^^^^^^^^^^^^^^^^^^^
    )
    ^
  File "C:\Users\Lenovo\AppData\Roaming\Python\Python314\site-packages\urllib3\connection.py", line 500, in request
    self.endheaders()
    ~~~~~~~~~~~~~~~^^
  File "C:\Python314\Lib\http\client.py", line 1353, in endheaders
    self._send_output(message_body, encode_chunked=encode_chunked)
    ~~~~~~~~~~~~~~~~~^^^^^^^^^^^^^^^^^^^^^^^^^^^^^^^^^^^^^^^^^^^^^
  File "C:\Python314\Lib\http\client.py", line 1113, in _send_output
    self.send(msg)
    ~~~~~~~~~^^^^^
  File "C:\Python314\Lib\http\client.py", line 1057, in send
    self.connect()
    ~~~~~~~~~~~~^^
  File "C:\Users\Lenovo\AppData\Roaming\Python\Python314\site-packages\urllib3\connection.py", line 331, in connect
    self.sock = self._new_conn()
                ~~~~~~~~~~~~~~^^
  File "C:\Users\Lenovo\AppData\Roaming\Python\Python314\site-packages\urllib3\connection.py", line 219, in _new_conn
    raise NewConnectionError(
        self, f"Failed to establish a new connection: {e}"
    ) from e
urllib3.exceptions.NewConnectionError: HTTPConnection(host='127.0.0.1', port=4723): Failed to establish a new connection: [WinError 10061] No connection could be made because the target machine actively refused it

The above exception was the direct cause of the following exception:

Traceback (most recent call last):
  File "C:\Users\Lenovo\OneDrive\Desktop\SofaApp\core\session_manager.py", line 53, in start_session
    driver = webdriver.Remote(server_url, options=options)
  File "C:\Users\Lenovo\AppData\Roaming\Python\Python314\site-packages\appium\webdriver\webdriver.py", line 229, in __init__
    super().__init__(
    ~~~~~~~~~~~~~~~~^
        command_executor=command_executor,
        ^^^^^^^^^^^^^^^^^^^^^^^^^^^^^^^^^^
        options=options,
        ^^^^^^^^^^^^^^^^
    )
    ^
  File "C:\Users\Lenovo\AppData\Roaming\Python\Python314\site-packages\selenium\webdriver\remote\webdriver.py", line 208, in __init__
    self.start_session(capabilities)
    ~~~~~~~~~~~~~~~~~~^^^^^^^^^^^^^^
  File "C:\Users\Lenovo\AppData\Roaming\Python\Python314\site-packages\appium\webdriver\webdriver.py", line 321, in start_session
    response = self.execute(RemoteCommand.NEW_SESSION, w3c_caps)
  File "C:\Users\Lenovo\AppData\Roaming\Python\Python314\site-packages\selenium\webdriver\remote\webdriver.py", line 345, in execute
    response = self.command_executor.execute(driver_command, params)
  File "C:\Users\Lenovo\AppData\Roaming\Python\Python314\site-packages\selenium\webdriver\remote\remote_connection.py", line 300, in execute
    return self._request(command_info[0], url, body=data)
           ~~~~~~~~~~~~~^^^^^^^^^^^^^^^^^^^^^^^^^^^^^^^^^
  File "C:\Users\Lenovo\AppData\Roaming\Python\Python314\site-packages\selenium\webdriver\remote\remote_connection.py", line 321, in _request
    response = self._conn.request(method, url, body=body, headers=headers)
  File "C:\Users\Lenovo\AppData\Roaming\Python\Python314\site-packages\urllib3\_request_methods.py", line 143, in request
    return self.request_encode_body(
           ~~~~~~~~~~~~~~~~~~~~~~~~^
        method, url, fields=fields, headers=headers, **urlopen_kw
        ^^^^^^^^^^^^^^^^^^^^^^^^^^^^^^^^^^^^^^^^^^^^^^^^^^^^^^^^^
    )
    ^
  File "C:\Users\Lenovo\AppData\Roaming\Python\Python314\site-packages\urllib3\_request_methods.py", line 278, in request_encode_body
    return self.urlopen(method, url, **extra_kw)
           ~~~~~~~~~~~~^^^^^^^^^^^^^^^^^^^^^^^^^
  File "C:\Users\Lenovo\AppData\Roaming\Python\Python314\site-packages\urllib3\poolmanager.py", line 457, in urlopen
    response = conn.urlopen(method, u.request_uri, **kw)
  File "C:\Users\Lenovo\AppData\Roaming\Python\Python314\site-packages\urllib3\connectionpool.py", line 871, in urlopen
    return self.urlopen(
           ~~~~~~~~~~~~^
        method,
        ^^^^^^^
    ...<13 lines>...
        **response_kw,
        ^^^^^^^^^^^^^^
    )
    ^
  File "C:\Users\Lenovo\AppData\Roaming\Python\Python314\site-packages\urllib3\connectionpool.py", line 871, in urlopen
    return self.urlopen(
           ~~~~~~~~~~~~^
        method,
        ^^^^^^^
    ...<13 lines>...
        **response_kw,
        ^^^^^^^^^^^^^^
    )
    ^
  File "C:\Users\Lenovo\AppData\Roaming\Python\Python314\site-packages\urllib3\connectionpool.py", line 871, in urlopen
    return self.urlopen(
           ~~~~~~~~~~~~^
        method,
        ^^^^^^^
    ...<13 lines>...
        **response_kw,
        ^^^^^^^^^^^^^^
    )
    ^
  File "C:\Users\Lenovo\AppData\Roaming\Python\Python314\site-packages\urllib3\connectionpool.py", line 841, in urlopen
    retries = retries.increment(
        method, url, error=new_e, _pool=self, _stacktrace=sys.exc_info()[2]
    )
  File "C:\Users\Lenovo\AppData\Roaming\Python\Python314\site-packages\urllib3\util\retry.py", line 535, in increment
    raise MaxRetryError(_pool, url, reason) from reason  # type: ignore[arg-type]
    ^^^^^^^^^^^^^^^^^^^^^^^^^^^^^^^^^^^^^^^^^^^^^^^^^^^
urllib3.exceptions.MaxRetryError: HTTPConnectionPool(host='127.0.0.1', port=4723): Max retries exceeded with url: /session (Caused by NewConnectionError("HTTPConnection(host='127.0.0.1', port=4723): Failed to establish a new connection: [WinError 10061] No connection could be made because the target machine actively refused it"))
2026-04-22 08:26:51,654 - [WARNING] [user1] Driver failed to start. Recording failure.
2026-04-22 08:26:51,654 - [ERROR] Account user1 temporarily disabled
2026-04-22 08:26:51,655 - [WARNING] All accounts have failed or hit limits. Stopping scheduler.
2026-04-23 09:12:50,359 - [INFO] Bot started - Sofascore Automation System
2026-04-23 09:12:50,361 - [INFO] Execution Mode: sequential
2026-04-23 09:12:50,361 - [INFO] Loaded 1 accounts.
2026-04-23 09:12:50,363 - [INFO] Starting execution pool.
2026-04-23 09:12:50,363 - [INFO] Running account: user1
2026-04-23 09:12:50,364 - [INFO] [user1] Starting Appium session on device R3CMB0CDBPT...
2026-04-23 09:12:56,955 - [INFO] [user1] Connected to device successfully.
2026-04-23 09:12:56,956 - [TRACE] Sleeping for 8.90 seconds...
2026-04-23 09:13:05,853 - [INFO] Checking for eligible Football matches...
2026-04-23 09:13:07,943 - [SUCCESS] [METRIC] Found in 1.25s | Fallbacks: 0 | Avg: 1.25s
2026-04-23 09:13:07,944 - [TRACE] Sleeping for 1.35 seconds...
2026-04-23 09:13:19,485 - [DEBUG] No active Football matches found on screen.
2026-04-23 09:13:19,485 - [INFO] Checking for eligible Tennis matches...
2026-04-23 09:13:20,680 - [SUCCESS] [METRIC] Found in 0.42s | Fallbacks: 0 | Avg: 0.84s
2026-04-23 09:13:20,680 - [TRACE] Sleeping for 1.11 seconds...
2026-04-23 09:13:32,707 - [DEBUG] No active Tennis matches found on screen.
2026-04-23 09:13:32,707 - [INFO] Checking for eligible Basketball matches...
2026-04-23 09:13:34,732 - [SUCCESS] [METRIC] Found in 1.23s | Fallbacks: 0 | Avg: 0.97s
2026-04-23 09:13:34,735 - [TRACE] Sleeping for 1.96 seconds...
2026-04-23 09:13:47,300 - [DEBUG] No active Basketball matches found on screen.
2026-04-23 09:13:47,301 - [INFO] Checking for eligible Baseball matches...
2026-04-23 09:13:48,796 - [SUCCESS] [METRIC] Found in 0.59s | Fallbacks: 0 | Avg: 0.87s
2026-04-23 09:13:48,796 - [TRACE] Sleeping for 1.89 seconds...
2026-04-23 09:14:01,098 - [DEBUG] No active Baseball matches found on screen.
2026-04-23 09:14:01,098 - [INFO] Checking for eligible Cricket matches...
2026-04-23 09:14:04,163 - [WARNING] Element not found, skipping click. (//android.widget.TextView[contains(@text, 'Cricket')])
2026-04-23 09:14:04,164 - [ERROR] No eligible professional matches found after scanning all categories.
2026-04-23 09:14:04,165 - [ERROR] [user1] Could not find an eligible match. Ending cycle.
2026-04-23 09:14:04,165 - [INFO] [user1] Closing session cleanly...
2026-04-23 09:14:04,928 - [INFO] [user1] Session closed and device proxy reset.
2026-04-23 09:14:04,928 - [INFO] Resting for 30s before next account...
2026-04-23 09:14:34,930 - [INFO] Running account: user1
2026-04-23 09:14:34,930 - [INFO] [user1] Starting Appium session on device R3CMB0CDBPT...
2026-04-23 09:14:39,399 - [INFO] [user1] Connected to device successfully.
2026-04-23 09:14:39,400 - [TRACE] Sleeping for 6.16 seconds...
2026-04-23 09:14:45,563 - [INFO] Checking for eligible Football matches...
2026-04-23 09:14:48,118 - [WARNING] Element not found, skipping click. (//android.widget.TextView[contains(@text, 'Football')])
2026-04-23 09:14:48,118 - [INFO] Checking for eligible Tennis matches...
2026-04-23 09:14:50,421 - [WARNING] Element not found, skipping click. (//android.widget.TextView[contains(@text, 'Tennis')])
2026-04-23 09:14:50,421 - [INFO] Checking for eligible Basketball matches...
2026-04-23 09:14:53,019 - [SUCCESS] [METRIC] Found in 2.47s | Fallbacks: 0 | Avg: 2.47s
2026-04-23 09:14:53,019 - [TRACE] Sleeping for 1.37 seconds...
2026-04-23 09:15:06,295 - [DEBUG] No active Basketball matches found on screen.
2026-04-23 09:15:06,296 - [INFO] Checking for eligible Baseball matches...
2026-04-23 09:15:09,016 - [WARNING] Element not found, skipping click. (//android.widget.TextView[contains(@text, 'Baseball')])
2026-04-23 09:15:09,016 - [INFO] Checking for eligible Cricket matches...
2026-04-23 09:15:11,278 - [WARNING] Element not found, skipping click. (//android.widget.TextView[contains(@text, 'Cricket')])
2026-04-23 09:15:11,278 - [ERROR] No eligible professional matches found after scanning all categories.
2026-04-23 09:15:11,279 - [ERROR] [user1] Could not find an eligible match. Ending cycle.
2026-04-23 09:15:11,279 - [INFO] [user1] Closing session cleanly...
2026-04-23 09:15:11,952 - [INFO] [user1] Session closed and device proxy reset.
2026-04-23 09:15:11,953 - [INFO] Resting for 30s before next account...
2026-04-23 09:15:41,954 - [INFO] Running account: user1
2026-04-23 09:15:41,956 - [INFO] [user1] Starting Appium session on device R3CMB0CDBPT...
2026-04-23 09:16:02,178 - [ERROR] [user1] Failed to start Appium session: Message: Could not find a connected Android device in 20000ms
Stacktrace:
UnknownError: Could not find a connected Android device in 20000ms
    at getResponseForW3CError (C:\Users\Lenovo\AppData\Roaming\npm\node_modules\appium\node_modules\@appium\base-driver\build\lib\protocol\errors.js:824:36)
    at asyncHandler (C:\Users\Lenovo\AppData\Roaming\npm\node_modules\appium\node_modules\@appium\base-driver\build\lib\protocol\protocol.js:430:77)
The above error is caused by
Error: Could not find a connected Android device in 20000ms
    at ADB.getDevicesWithRetry (C:\Users\Lenovo\.appium\node_modules\appium-uiautomator2-driver\node_modules\appium-adb\build\lib\tools\system-calls.js:360:19)
    at process.processTicksAndRejections (node:internal/process/task_queues:104:5)
    at async AndroidUiautomator2Driver.getDeviceInfoFromCaps (C:\Users\Lenovo\.appium\node_modules\appium-uiautomator2-driver\node_modules\appium-android-driver\build\lib\commands\device\common.js:76:25)
    at async AndroidUiautomator2Driver.createSession (C:\Users\Lenovo\.appium\node_modules\appium-uiautomator2-driver\build\lib\driver.js:211:38)
    at async AppiumDriver.createSession (C:\Users\Lenovo\AppData\Roaming\npm\node_modules\appium\build\lib\appium.js:324:43)
Traceback (most recent call last):
  File "C:\Users\Lenovo\OneDrive\Desktop\SofaApp\core\session_manager.py", line 51, in start_session
    driver = webdriver.Remote(server_url, options=options)
  File "C:\Users\Lenovo\AppData\Roaming\Python\Python314\site-packages\appium\webdriver\webdriver.py", line 229, in __init__
    super().__init__(
    ~~~~~~~~~~~~~~~~^
        command_executor=command_executor,
        ^^^^^^^^^^^^^^^^^^^^^^^^^^^^^^^^^^
        options=options,
        ^^^^^^^^^^^^^^^^
    )
    ^
  File "C:\Users\Lenovo\AppData\Roaming\Python\Python314\site-packages\selenium\webdriver\remote\webdriver.py", line 208, in __init__
    self.start_session(capabilities)
    ~~~~~~~~~~~~~~~~~~^^^^^^^^^^^^^^
  File "C:\Users\Lenovo\AppData\Roaming\Python\Python314\site-packages\appium\webdriver\webdriver.py", line 321, in start_session
    response = self.execute(RemoteCommand.NEW_SESSION, w3c_caps)
  File "C:\Users\Lenovo\AppData\Roaming\Python\Python314\site-packages\selenium\webdriver\remote\webdriver.py", line 347, in execute
    self.error_handler.check_response(response)
    ~~~~~~~~~~~~~~~~~~~~~~~~~~~~~~~~~^^^^^^^^^^
  File "C:\Users\Lenovo\AppData\Roaming\Python\Python314\site-packages\selenium\webdriver\remote\errorhandler.py", line 229, in check_response
    raise exception_class(message, screen, stacktrace)
selenium.common.exceptions.WebDriverException: Message: Could not find a connected Android device in 20000ms
Stacktrace:
UnknownError: Could not find a connected Android device in 20000ms
    at getResponseForW3CError (C:\Users\Lenovo\AppData\Roaming\npm\node_modules\appium\node_modules\@appium\base-driver\build\lib\protocol\errors.js:824:36)
    at asyncHandler (C:\Users\Lenovo\AppData\Roaming\npm\node_modules\appium\node_modules\@appium\base-driver\build\lib\protocol\protocol.js:430:77)
The above error is caused by
Error: Could not find a connected Android device in 20000ms
    at ADB.getDevicesWithRetry (C:\Users\Lenovo\.appium\node_modules\appium-uiautomator2-driver\node_modules\appium-adb\build\lib\tools\system-calls.js:360:19)
    at process.processTicksAndRejections (node:internal/process/task_queues:104:5)
    at async AndroidUiautomator2Driver.getDeviceInfoFromCaps (C:\Users\Lenovo\.appium\node_modules\appium-uiautomator2-driver\node_modules\appium-android-driver\build\lib\commands\device\common.js:76:25)
    at async AndroidUiautomator2Driver.createSession (C:\Users\Lenovo\.appium\node_modules\appium-uiautomator2-driver\build\lib\driver.js:211:38)
    at async AppiumDriver.createSession (C:\Users\Lenovo\AppData\Roaming\npm\node_modules\appium\build\lib\appium.js:324:43)
2026-04-23 09:16:02,217 - [WARNING] [user1] Driver failed to start. Recording failure.
2026-04-23 09:16:02,218 - [INFO] Running account: user1
2026-04-23 09:16:02,218 - [INFO] [user1] Starting Appium session on device R3CMB0CDBPT...
2026-04-23 09:16:13,996 - [ERROR] [user1] Failed to start Appium session: ('Connection aborted.', ConnectionResetError(10054, 'An existing connection was forcibly closed by the remote host', None, 10054, None))
Traceback (most recent call last):
  File "C:\Users\Lenovo\AppData\Roaming\Python\Python314\site-packages\urllib3\connectionpool.py", line 787, in urlopen
    response = self._make_request(
        conn,
    ...<10 lines>...
        **response_kw,
    )
  File "C:\Users\Lenovo\AppData\Roaming\Python\Python314\site-packages\urllib3\connectionpool.py", line 534, in _make_request
    response = conn.getresponse()
  File "C:\Users\Lenovo\AppData\Roaming\Python\Python314\site-packages\urllib3\connection.py", line 571, in getresponse
    httplib_response = super().getresponse()
  File "C:\Python314\Lib\http\client.py", line 1450, in getresponse
    response.begin()
    ~~~~~~~~~~~~~~^^
  File "C:\Python314\Lib\http\client.py", line 336, in begin
    version, status, reason = self._read_status()
                              ~~~~~~~~~~~~~~~~~^^
  File "C:\Python314\Lib\http\client.py", line 297, in _read_status
    line = str(self.fp.readline(_MAXLINE + 1), "iso-8859-1")
               ~~~~~~~~~~~~~~~~^^^^^^^^^^^^^^
  File "C:\Python314\Lib\socket.py", line 725, in readinto
    return self._sock.recv_into(b)
           ~~~~~~~~~~~~~~~~~~~~^^^
ConnectionResetError: [WinError 10054] An existing connection was forcibly closed by the remote host

During handling of the above exception, another exception occurred:

Traceback (most recent call last):
  File "C:\Users\Lenovo\OneDrive\Desktop\SofaApp\core\session_manager.py", line 51, in start_session
    driver = webdriver.Remote(server_url, options=options)
  File "C:\Users\Lenovo\AppData\Roaming\Python\Python314\site-packages\appium\webdriver\webdriver.py", line 229, in __init__
    super().__init__(
    ~~~~~~~~~~~~~~~~^
        command_executor=command_executor,
        ^^^^^^^^^^^^^^^^^^^^^^^^^^^^^^^^^^
        options=options,
        ^^^^^^^^^^^^^^^^
    )
    ^
  File "C:\Users\Lenovo\AppData\Roaming\Python\Python314\site-packages\selenium\webdriver\remote\webdriver.py", line 208, in __init__
    self.start_session(capabilities)
    ~~~~~~~~~~~~~~~~~~^^^^^^^^^^^^^^
  File "C:\Users\Lenovo\AppData\Roaming\Python\Python314\site-packages\appium\webdriver\webdriver.py", line 321, in start_session
    response = self.execute(RemoteCommand.NEW_SESSION, w3c_caps)
  File "C:\Users\Lenovo\AppData\Roaming\Python\Python314\site-packages\selenium\webdriver\remote\webdriver.py", line 345, in execute
    response = self.command_executor.execute(driver_command, params)
  File "C:\Users\Lenovo\AppData\Roaming\Python\Python314\site-packages\selenium\webdriver\remote\remote_connection.py", line 300, in execute
    return self._request(command_info[0], url, body=data)
           ~~~~~~~~~~~~~^^^^^^^^^^^^^^^^^^^^^^^^^^^^^^^^^
  File "C:\Users\Lenovo\AppData\Roaming\Python\Python314\site-packages\selenium\webdriver\remote\remote_connection.py", line 321, in _request
    response = self._conn.request(method, url, body=body, headers=headers)
  File "C:\Users\Lenovo\AppData\Roaming\Python\Python314\site-packages\urllib3\_request_methods.py", line 143, in request
    return self.request_encode_body(
           ~~~~~~~~~~~~~~~~~~~~~~~~^
        method, url, fields=fields, headers=headers, **urlopen_kw
        ^^^^^^^^^^^^^^^^^^^^^^^^^^^^^^^^^^^^^^^^^^^^^^^^^^^^^^^^^
    )
    ^
  File "C:\Users\Lenovo\AppData\Roaming\Python\Python314\site-packages\urllib3\_request_methods.py", line 278, in request_encode_body
    return self.urlopen(method, url, **extra_kw)
           ~~~~~~~~~~~~^^^^^^^^^^^^^^^^^^^^^^^^^
  File "C:\Users\Lenovo\AppData\Roaming\Python\Python314\site-packages\urllib3\poolmanager.py", line 457, in urlopen
    response = conn.urlopen(method, u.request_uri, **kw)
  File "C:\Users\Lenovo\AppData\Roaming\Python\Python314\site-packages\urllib3\connectionpool.py", line 841, in urlopen
    retries = retries.increment(
        method, url, error=new_e, _pool=self, _stacktrace=sys.exc_info()[2]
    )
  File "C:\Users\Lenovo\AppData\Roaming\Python\Python314\site-packages\urllib3\util\retry.py", line 490, in increment
    raise reraise(type(error), error, _stacktrace)
          ~~~~~~~^^^^^^^^^^^^^^^^^^^^^^^^^^^^^^^^^
  File "C:\Users\Lenovo\AppData\Roaming\Python\Python314\site-packages\urllib3\util\util.py", line 38, in reraise
    raise value.with_traceback(tb)
  File "C:\Users\Lenovo\AppData\Roaming\Python\Python314\site-packages\urllib3\connectionpool.py", line 787, in urlopen
    response = self._make_request(
        conn,
    ...<10 lines>...
        **response_kw,
    )
  File "C:\Users\Lenovo\AppData\Roaming\Python\Python314\site-packages\urllib3\connectionpool.py", line 534, in _make_request
    response = conn.getresponse()
  File "C:\Users\Lenovo\AppData\Roaming\Python\Python314\site-packages\urllib3\connection.py", line 571, in getresponse
    httplib_response = super().getresponse()
  File "C:\Python314\Lib\http\client.py", line 1450, in getresponse
    response.begin()
    ~~~~~~~~~~~~~~^^
  File "C:\Python314\Lib\http\client.py", line 336, in begin
    version, status, reason = self._read_status()
                              ~~~~~~~~~~~~~~~~~^^
  File "C:\Python314\Lib\http\client.py", line 297, in _read_status
    line = str(self.fp.readline(_MAXLINE + 1), "iso-8859-1")
               ~~~~~~~~~~~~~~~~^^^^^^^^^^^^^^
  File "C:\Python314\Lib\socket.py", line 725, in readinto
    return self._sock.recv_into(b)
           ~~~~~~~~~~~~~~~~~~~~^^^
urllib3.exceptions.ProtocolError: ('Connection aborted.', ConnectionResetError(10054, 'An existing connection was forcibly closed by the remote host', None, 10054, None))
2026-04-23 09:16:14,117 - [WARNING] [user1] Driver failed to start. Recording failure.
2026-04-23 09:16:14,118 - [INFO] Running account: user1
2026-04-23 09:16:14,118 - [INFO] [user1] Starting Appium session on device R3CMB0CDBPT...
2026-04-23 09:16:22,230 - [ERROR] [user1] Failed to start Appium session: HTTPConnectionPool(host='127.0.0.1', port=4723): Max retries exceeded with url: /session (Caused by NewConnectionError("HTTPConnection(host='127.0.0.1', port=4723): Failed to establish a new connection: [WinError 10061] No connection could be made because the target machine actively refused it"))
Traceback (most recent call last):
  File "C:\Users\Lenovo\AppData\Roaming\Python\Python314\site-packages\urllib3\connection.py", line 204, in _new_conn
    sock = connection.create_connection(
        (self._dns_host, self.port),
    ...<2 lines>...
        socket_options=self.socket_options,
    )
  File "C:\Users\Lenovo\AppData\Roaming\Python\Python314\site-packages\urllib3\util\connection.py", line 85, in create_connection
    raise err
  File "C:\Users\Lenovo\AppData\Roaming\Python\Python314\site-packages\urllib3\util\connection.py", line 73, in create_connection
    sock.connect(sa)
    ~~~~~~~~~~~~^^^^
ConnectionRefusedError: [WinError 10061] No connection could be made because the target machine actively refused it

The above exception was the direct cause of the following exception:

Traceback (most recent call last):
  File "C:\Users\Lenovo\AppData\Roaming\Python\Python314\site-packages\urllib3\connectionpool.py", line 787, in urlopen
    response = self._make_request(
        conn,
    ...<10 lines>...
        **response_kw,
    )
  File "C:\Users\Lenovo\AppData\Roaming\Python\Python314\site-packages\urllib3\connectionpool.py", line 493, in _make_request
    conn.request(
    ~~~~~~~~~~~~^
        method,
        ^^^^^^^
    ...<6 lines>...
        enforce_content_length=enforce_content_length,
        ^^^^^^^^^^^^^^^^^^^^^^^^^^^^^^^^^^^^^^^^^^^^^^
    )
    ^
  File "C:\Users\Lenovo\AppData\Roaming\Python\Python314\site-packages\urllib3\connection.py", line 500, in request
    self.endheaders()
    ~~~~~~~~~~~~~~~^^
  File "C:\Python314\Lib\http\client.py", line 1353, in endheaders
    self._send_output(message_body, encode_chunked=encode_chunked)
    ~~~~~~~~~~~~~~~~~^^^^^^^^^^^^^^^^^^^^^^^^^^^^^^^^^^^^^^^^^^^^^
  File "C:\Python314\Lib\http\client.py", line 1113, in _send_output
    self.send(msg)
    ~~~~~~~~~^^^^^
  File "C:\Python314\Lib\http\client.py", line 1057, in send
    self.connect()
    ~~~~~~~~~~~~^^
  File "C:\Users\Lenovo\AppData\Roaming\Python\Python314\site-packages\urllib3\connection.py", line 331, in connect
    self.sock = self._new_conn()
                ~~~~~~~~~~~~~~^^
  File "C:\Users\Lenovo\AppData\Roaming\Python\Python314\site-packages\urllib3\connection.py", line 219, in _new_conn
    raise NewConnectionError(
        self, f"Failed to establish a new connection: {e}"
    ) from e
urllib3.exceptions.NewConnectionError: HTTPConnection(host='127.0.0.1', port=4723): Failed to establish a new connection: [WinError 10061] No connection could be made because the target machine actively refused it

The above exception was the direct cause of the following exception:

Traceback (most recent call last):
  File "C:\Users\Lenovo\OneDrive\Desktop\SofaApp\core\session_manager.py", line 51, in start_session
    driver = webdriver.Remote(server_url, options=options)
  File "C:\Users\Lenovo\AppData\Roaming\Python\Python314\site-packages\appium\webdriver\webdriver.py", line 229, in __init__
    super().__init__(
    ~~~~~~~~~~~~~~~~^
        command_executor=command_executor,
        ^^^^^^^^^^^^^^^^^^^^^^^^^^^^^^^^^^
        options=options,
        ^^^^^^^^^^^^^^^^
    )
    ^
  File "C:\Users\Lenovo\AppData\Roaming\Python\Python314\site-packages\selenium\webdriver\remote\webdriver.py", line 208, in __init__
    self.start_session(capabilities)
    ~~~~~~~~~~~~~~~~~~^^^^^^^^^^^^^^
  File "C:\Users\Lenovo\AppData\Roaming\Python\Python314\site-packages\appium\webdriver\webdriver.py", line 321, in start_session
    response = self.execute(RemoteCommand.NEW_SESSION, w3c_caps)
  File "C:\Users\Lenovo\AppData\Roaming\Python\Python314\site-packages\selenium\webdriver\remote\webdriver.py", line 345, in execute
    response = self.command_executor.execute(driver_command, params)
  File "C:\Users\Lenovo\AppData\Roaming\Python\Python314\site-packages\selenium\webdriver\remote\remote_connection.py", line 300, in execute
    return self._request(command_info[0], url, body=data)
           ~~~~~~~~~~~~~^^^^^^^^^^^^^^^^^^^^^^^^^^^^^^^^^
  File "C:\Users\Lenovo\AppData\Roaming\Python\Python314\site-packages\selenium\webdriver\remote\remote_connection.py", line 321, in _request
    response = self._conn.request(method, url, body=body, headers=headers)
  File "C:\Users\Lenovo\AppData\Roaming\Python\Python314\site-packages\urllib3\_request_methods.py", line 143, in request
    return self.request_encode_body(
           ~~~~~~~~~~~~~~~~~~~~~~~~^
        method, url, fields=fields, headers=headers, **urlopen_kw
        ^^^^^^^^^^^^^^^^^^^^^^^^^^^^^^^^^^^^^^^^^^^^^^^^^^^^^^^^^
    )
    ^
  File "C:\Users\Lenovo\AppData\Roaming\Python\Python314\site-packages\urllib3\_request_methods.py", line 278, in request_encode_body
    return self.urlopen(method, url, **extra_kw)
           ~~~~~~~~~~~~^^^^^^^^^^^^^^^^^^^^^^^^^
  File "C:\Users\Lenovo\AppData\Roaming\Python\Python314\site-packages\urllib3\poolmanager.py", line 457, in urlopen
    response = conn.urlopen(method, u.request_uri, **kw)
  File "C:\Users\Lenovo\AppData\Roaming\Python\Python314\site-packages\urllib3\connectionpool.py", line 871, in urlopen
    return self.urlopen(
           ~~~~~~~~~~~~^
        method,
        ^^^^^^^
    ...<13 lines>...
        **response_kw,
        ^^^^^^^^^^^^^^
    )
    ^
  File "C:\Users\Lenovo\AppData\Roaming\Python\Python314\site-packages\urllib3\connectionpool.py", line 871, in urlopen
    return self.urlopen(
           ~~~~~~~~~~~~^
        method,
        ^^^^^^^
    ...<13 lines>...
        **response_kw,
        ^^^^^^^^^^^^^^
    )
    ^
  File "C:\Users\Lenovo\AppData\Roaming\Python\Python314\site-packages\urllib3\connectionpool.py", line 871, in urlopen
    return self.urlopen(
           ~~~~~~~~~~~~^
        method,
        ^^^^^^^
    ...<13 lines>...
        **response_kw,
        ^^^^^^^^^^^^^^
    )
    ^
  File "C:\Users\Lenovo\AppData\Roaming\Python\Python314\site-packages\urllib3\connectionpool.py", line 841, in urlopen
    retries = retries.increment(
        method, url, error=new_e, _pool=self, _stacktrace=sys.exc_info()[2]
    )
  File "C:\Users\Lenovo\AppData\Roaming\Python\Python314\site-packages\urllib3\util\retry.py", line 535, in increment
    raise MaxRetryError(_pool, url, reason) from reason  # type: ignore[arg-type]
    ^^^^^^^^^^^^^^^^^^^^^^^^^^^^^^^^^^^^^^^^^^^^^^^^^^^
urllib3.exceptions.MaxRetryError: HTTPConnectionPool(host='127.0.0.1', port=4723): Max retries exceeded with url: /session (Caused by NewConnectionError("HTTPConnection(host='127.0.0.1', port=4723): Failed to establish a new connection: [WinError 10061] No connection could be made because the target machine actively refused it"))
2026-04-23 09:16:22,271 - [WARNING] [user1] Driver failed to start. Recording failure.
2026-04-23 09:16:22,271 - [ERROR] Account user1 temporarily disabled
2026-04-23 09:16:22,272 - [WARNING] All accounts have failed or hit limits. Stopping scheduler.
2026-04-23 09:16:22,272 - [INFO] Bot execution terminated.
2026-04-23 09:28:49,271 - [INFO] Bot started - Sofascore Automation System
2026-04-23 09:28:49,272 - [INFO] Execution Mode: sequential
2026-04-23 09:28:49,283 - [INFO] Loaded 1 accounts.
2026-04-23 09:28:49,284 - [INFO] Starting execution pool.
2026-04-23 09:28:49,285 - [INFO] Running account: user1
2026-04-23 09:28:49,285 - [INFO] [user1] Starting Appium session on device R3CMB0CDBPT...
2026-04-23 09:28:54,185 - [INFO] [user1] Connected to device successfully.
2026-04-23 09:28:54,185 - [TRACE] Sleeping for 8.03 seconds...
2026-04-23 09:29:02,229 - [INFO] Checking for eligible Football matches...
2026-04-23 09:29:04,436 - [WARNING] Element not found, skipping click. (//*[@text='Football' or contains(@content-desc, 'Football') or contains(@text, 'Football')])
2026-04-23 09:29:04,436 - [INFO] Checking for eligible Tennis matches...
2026-04-23 09:29:07,048 - [WARNING] Element not found, skipping click. (//*[@text='Tennis' or contains(@content-desc, 'Tennis') or contains(@text, 'Tennis')])
2026-04-23 09:29:07,048 - [INFO] Checking for eligible Basketball matches...
2026-04-23 09:29:09,792 - [WARNING] Element not found, skipping click. (//*[@text='Basketball' or contains(@content-desc, 'Basketball') or contains(@text, 'Basketball')])
2026-04-23 09:29:09,792 - [INFO] Checking for eligible Baseball matches...
2026-04-23 09:29:12,338 - [WARNING] Element not found, skipping click. (//*[@text='Baseball' or contains(@content-desc, 'Baseball') or contains(@text, 'Baseball')])
2026-04-23 09:29:12,338 - [INFO] Checking for eligible Cricket matches...
2026-04-23 09:29:14,878 - [WARNING] Element not found, skipping click. (//*[@text='Cricket' or contains(@content-desc, 'Cricket') or contains(@text, 'Cricket')])
2026-04-23 09:29:14,889 - [ERROR] No eligible professional matches found after scanning all categories.
2026-04-23 09:29:14,895 - [ERROR] [user1] Could not find an eligible match. Ending cycle.
2026-04-23 09:29:14,896 - [INFO] [user1] Closing session cleanly...
2026-04-23 09:29:15,653 - [INFO] [user1] Session closed and device proxy reset.
2026-04-23 09:29:15,653 - [INFO] Resting for 30s before next account...
2026-04-23 09:29:45,655 - [INFO] Running account: user1
2026-04-23 09:29:45,656 - [INFO] [user1] Starting Appium session on device R3CMB0CDBPT...
2026-04-23 09:29:50,251 - [INFO] [user1] Connected to device successfully.
2026-04-23 09:29:50,252 - [TRACE] Sleeping for 5.53 seconds...
2026-04-23 09:29:55,788 - [INFO] Checking for eligible Football matches...
2026-04-23 09:29:59,072 - [WARNING] Element not found, skipping click. (//*[@text='Football' or contains(@content-desc, 'Football') or contains(@text, 'Football')])
2026-04-23 09:29:59,073 - [INFO] Checking for eligible Tennis matches...
2026-04-23 09:30:01,344 - [WARNING] Element not found, skipping click. (//*[@text='Tennis' or contains(@content-desc, 'Tennis') or contains(@text, 'Tennis')])
2026-04-23 09:30:01,345 - [INFO] Checking for eligible Basketball matches...
2026-04-23 09:30:03,624 - [WARNING] Element not found, skipping click. (//*[@text='Basketball' or contains(@content-desc, 'Basketball') or contains(@text, 'Basketball')])
2026-04-23 09:30:03,625 - [INFO] Checking for eligible Baseball matches...
2026-04-23 09:30:05,670 - [SUCCESS] [METRIC] Found in 1.96s | Fallbacks: 0 | Avg: 1.96s
2026-04-23 09:30:05,671 - [TRACE] Sleeping for 1.57 seconds...
2026-04-23 09:30:09,768 - [DEBUG] No active Baseball matches found on screen.
2026-04-23 09:30:09,768 - [INFO] Checking for eligible Cricket matches...
2026-04-23 09:30:12,649 - [WARNING] Element not found, skipping click. (//*[@text='Cricket' or contains(@content-desc, 'Cricket') or contains(@text, 'Cricket')])
2026-04-23 09:30:12,654 - [ERROR] No eligible professional matches found after scanning all categories.
2026-04-23 09:30:12,655 - [ERROR] [user1] Could not find an eligible match. Ending cycle.
2026-04-23 09:30:12,655 - [INFO] [user1] Closing session cleanly...
2026-04-23 09:30:13,290 - [INFO] [user1] Session closed and device proxy reset.
2026-04-23 09:30:13,291 - [INFO] Resting for 30s before next account...
2026-04-23 09:30:43,292 - [INFO] Running account: user1
2026-04-23 09:30:43,293 - [INFO] [user1] Starting Appium session on device R3CMB0CDBPT...
2026-04-23 09:30:47,706 - [INFO] [user1] Connected to device successfully.
2026-04-23 09:30:47,706 - [TRACE] Sleeping for 3.81 seconds...
2026-04-23 09:30:51,523 - [INFO] Checking for eligible Football matches...
2026-04-23 09:30:54,202 - [WARNING] Element not found, skipping click. (//*[@text='Football' or contains(@content-desc, 'Football') or contains(@text, 'Football')])
2026-04-23 09:30:54,203 - [INFO] Checking for eligible Tennis matches...
2026-04-23 09:30:55,420 - [SUCCESS] [METRIC] Found in 1.13s | Fallbacks: 0 | Avg: 1.13s
2026-04-23 09:30:55,421 - [TRACE] Sleeping for 1.53 seconds...
2026-04-23 09:30:58,888 - [DEBUG] No active Tennis matches found on screen.
2026-04-23 09:30:58,889 - [INFO] Checking for eligible Basketball matches...
2026-04-23 09:31:00,513 - [SUCCESS] [METRIC] Found in 1.49s | Fallbacks: 0 | Avg: 1.31s
2026-04-23 09:31:00,514 - [TRACE] Sleeping for 1.24 seconds...
2026-04-23 09:31:03,793 - [DEBUG] No active Basketball matches found on screen.
2026-04-23 09:31:03,793 - [INFO] Checking for eligible Baseball matches...
2026-04-23 09:31:04,557 - [SUCCESS] [METRIC] Found in 0.68s | Fallbacks: 0 | Avg: 1.10s
2026-04-23 09:31:04,557 - [TRACE] Sleeping for 1.47 seconds...
2026-04-23 09:31:08,445 - [DEBUG] No active Baseball matches found on screen.
2026-04-23 09:31:08,445 - [INFO] Checking for eligible Cricket matches...
2026-04-23 09:31:11,075 - [WARNING] Element not found, skipping click. (//*[@text='Cricket' or contains(@content-desc, 'Cricket') or contains(@text, 'Cricket')])
2026-04-23 09:31:11,081 - [ERROR] No eligible professional matches found after scanning all categories.
2026-04-23 09:31:11,081 - [ERROR] [user1] Could not find an eligible match. Ending cycle.
2026-04-23 09:31:11,082 - [INFO] [user1] Closing session cleanly...
2026-04-23 09:31:11,774 - [INFO] [user1] Session closed and device proxy reset.
2026-04-23 09:31:11,775 - [INFO] Resting for 30s before next account...
2026-04-23 09:31:41,776 - [INFO] Running account: user1
2026-04-23 09:31:41,777 - [INFO] [user1] Starting Appium session on device R3CMB0CDBPT...
2026-04-23 09:31:46,194 - [INFO] [user1] Connected to device successfully.
2026-04-23 09:31:46,195 - [TRACE] Sleeping for 10.50 seconds...
2026-04-23 09:32:04,810 - [ERROR] [user1] Encountered fatal error during cycle: HTTPConnectionPool(host='127.0.0.1', port=4723): Max retries exceeded with url: /session/cac97a8d-0d96-4e35-aa5d-611207ed5c1b/timeouts (Caused by NewConnectionError("HTTPConnection(host='127.0.0.1', port=4723): Failed to establish a new connection: [WinError 10061] No connection could be made because the target machine actively refused it"))
Traceback (most recent call last):
  File "C:\Users\Lenovo\AppData\Roaming\Python\Python314\site-packages\urllib3\connection.py", line 204, in _new_conn
    sock = connection.create_connection(
        (self._dns_host, self.port),
    ...<2 lines>...
        socket_options=self.socket_options,
    )
  File "C:\Users\Lenovo\AppData\Roaming\Python\Python314\site-packages\urllib3\util\connection.py", line 85, in create_connection
    raise err
  File "C:\Users\Lenovo\AppData\Roaming\Python\Python314\site-packages\urllib3\util\connection.py", line 73, in create_connection
    sock.connect(sa)
    ~~~~~~~~~~~~^^^^
ConnectionRefusedError: [WinError 10061] No connection could be made because the target machine actively refused it

The above exception was the direct cause of the following exception:

Traceback (most recent call last):
  File "C:\Users\Lenovo\AppData\Roaming\Python\Python314\site-packages\urllib3\connectionpool.py", line 787, in urlopen
    response = self._make_request(
        conn,
    ...<10 lines>...
        **response_kw,
    )
  File "C:\Users\Lenovo\AppData\Roaming\Python\Python314\site-packages\urllib3\connectionpool.py", line 493, in _make_request
    conn.request(
    ~~~~~~~~~~~~^
        method,
        ^^^^^^^
    ...<6 lines>...
        enforce_content_length=enforce_content_length,
        ^^^^^^^^^^^^^^^^^^^^^^^^^^^^^^^^^^^^^^^^^^^^^^
    )
    ^
  File "C:\Users\Lenovo\AppData\Roaming\Python\Python314\site-packages\urllib3\connection.py", line 500, in request
    self.endheaders()
    ~~~~~~~~~~~~~~~^^
  File "C:\Python314\Lib\http\client.py", line 1353, in endheaders
    self._send_output(message_body, encode_chunked=encode_chunked)
    ~~~~~~~~~~~~~~~~~^^^^^^^^^^^^^^^^^^^^^^^^^^^^^^^^^^^^^^^^^^^^^
  File "C:\Python314\Lib\http\client.py", line 1113, in _send_output
    self.send(msg)
    ~~~~~~~~~^^^^^
  File "C:\Python314\Lib\http\client.py", line 1057, in send
    self.connect()
    ~~~~~~~~~~~~^^
  File "C:\Users\Lenovo\AppData\Roaming\Python\Python314\site-packages\urllib3\connection.py", line 331, in connect
    self.sock = self._new_conn()
                ~~~~~~~~~~~~~~^^
  File "C:\Users\Lenovo\AppData\Roaming\Python\Python314\site-packages\urllib3\connection.py", line 219, in _new_conn
    raise NewConnectionError(
        self, f"Failed to establish a new connection: {e}"
    ) from e
urllib3.exceptions.NewConnectionError: HTTPConnection(host='127.0.0.1', port=4723): Failed to establish a new connection: [WinError 10061] No connection could be made because the target machine actively refused it

The above exception was the direct cause of the following exception:

Traceback (most recent call last):
  File "C:\Users\Lenovo\OneDrive\Desktop\SofaApp\core\scheduler.py", line 56, in run_sequential
    self._run_account_cycle(username, driver, account)
    ~~~~~~~~~~~~~~~~~~~~~~~^^^^^^^^^^^^^^^^^^^^^^^^^^^
  File "C:\Users\Lenovo\OneDrive\Desktop\SofaApp\core\scheduler.py", line 83, in _run_account_cycle
    if not navigator.select_eligible_match(match_filters):
           ~~~~~~~~~~~~~~~~~~~~~~~~~~~~~~~^^^^^^^^^^^^^^^
  File "C:\Users\Lenovo\OneDrive\Desktop\SofaApp\core\navigation.py", line 143, in select_eligible_match
    self.driver.implicitly_wait(0)
    ~~~~~~~~~~~~~~~~~~~~~~~~~~~^^^
  File "C:\Users\Lenovo\AppData\Roaming\Python\Python314\site-packages\selenium\webdriver\remote\webdriver.py", line 653, in implicitly_wait
    self.execute(Command.SET_TIMEOUTS, {"implicit": int(float(time_to_wait) * 1000)})
    ~~~~~~~~~~~~^^^^^^^^^^^^^^^^^^^^^^^^^^^^^^^^^^^^^^^^^^^^^^^^^^^^^^^^^^^^^^^^^^^^^
  File "C:\Users\Lenovo\AppData\Roaming\Python\Python314\site-packages\selenium\webdriver\remote\webdriver.py", line 345, in execute
    response = self.command_executor.execute(driver_command, params)
  File "C:\Users\Lenovo\AppData\Roaming\Python\Python314\site-packages\selenium\webdriver\remote\remote_connection.py", line 300, in execute
    return self._request(command_info[0], url, body=data)
           ~~~~~~~~~~~~~^^^^^^^^^^^^^^^^^^^^^^^^^^^^^^^^^
  File "C:\Users\Lenovo\AppData\Roaming\Python\Python314\site-packages\selenium\webdriver\remote\remote_connection.py", line 321, in _request
    response = self._conn.request(method, url, body=body, headers=headers)
  File "C:\Users\Lenovo\AppData\Roaming\Python\Python314\site-packages\urllib3\_request_methods.py", line 143, in request
    return self.request_encode_body(
           ~~~~~~~~~~~~~~~~~~~~~~~~^
        method, url, fields=fields, headers=headers, **urlopen_kw
        ^^^^^^^^^^^^^^^^^^^^^^^^^^^^^^^^^^^^^^^^^^^^^^^^^^^^^^^^^
    )
    ^
  File "C:\Users\Lenovo\AppData\Roaming\Python\Python314\site-packages\urllib3\_request_methods.py", line 278, in request_encode_body
    return self.urlopen(method, url, **extra_kw)
           ~~~~~~~~~~~~^^^^^^^^^^^^^^^^^^^^^^^^^
  File "C:\Users\Lenovo\AppData\Roaming\Python\Python314\site-packages\urllib3\poolmanager.py", line 457, in urlopen
    response = conn.urlopen(method, u.request_uri, **kw)
  File "C:\Users\Lenovo\AppData\Roaming\Python\Python314\site-packages\urllib3\connectionpool.py", line 871, in urlopen
    return self.urlopen(
           ~~~~~~~~~~~~^
        method,
        ^^^^^^^
    ...<13 lines>...
        **response_kw,
        ^^^^^^^^^^^^^^
    )
    ^
  File "C:\Users\Lenovo\AppData\Roaming\Python\Python314\site-packages\urllib3\connectionpool.py", line 871, in urlopen
    return self.urlopen(
           ~~~~~~~~~~~~^
        method,
        ^^^^^^^
    ...<13 lines>...
        **response_kw,
        ^^^^^^^^^^^^^^
    )
    ^
  File "C:\Users\Lenovo\AppData\Roaming\Python\Python314\site-packages\urllib3\connectionpool.py", line 871, in urlopen
    return self.urlopen(
           ~~~~~~~~~~~~^
        method,
        ^^^^^^^
    ...<13 lines>...
        **response_kw,
        ^^^^^^^^^^^^^^
    )
    ^
  File "C:\Users\Lenovo\AppData\Roaming\Python\Python314\site-packages\urllib3\connectionpool.py", line 841, in urlopen
    retries = retries.increment(
        method, url, error=new_e, _pool=self, _stacktrace=sys.exc_info()[2]
    )
  File "C:\Users\Lenovo\AppData\Roaming\Python\Python314\site-packages\urllib3\util\retry.py", line 535, in increment
    raise MaxRetryError(_pool, url, reason) from reason  # type: ignore[arg-type]
    ^^^^^^^^^^^^^^^^^^^^^^^^^^^^^^^^^^^^^^^^^^^^^^^^^^^
urllib3.exceptions.MaxRetryError: HTTPConnectionPool(host='127.0.0.1', port=4723): Max retries exceeded with url: /session/cac97a8d-0d96-4e35-aa5d-611207ed5c1b/timeouts (Caused by NewConnectionError("HTTPConnection(host='127.0.0.1', port=4723): Failed to establish a new connection: [WinError 10061] No connection could be made because the target machine actively refused it"))
2026-04-23 09:32:05,216 - [WARNING] [user1] Session crashed. Recording failure.
2026-04-23 09:32:05,216 - [INFO] [user1] Closing session cleanly...
2026-04-23 09:32:13,336 - [WARNING] [user1] Error quitting driver: HTTPConnectionPool(host='127.0.0.1', port=4723): Max retries exceeded with url: /session/cac97a8d-0d96-4e35-aa5d-611207ed5c1b (Caused by NewConnectionError("HTTPConnection(host='127.0.0.1', port=4723): Failed to establish a new connection: [WinError 10061] No connection could be made because the target machine actively refused it"))
2026-04-23 09:32:13,337 - [INFO] [user1] Session closed and device proxy reset.
2026-04-23 09:32:13,337 - [INFO] Resting for 30s before next account...
2026-04-23 09:32:43,339 - [INFO] Running account: user1
2026-04-23 09:32:43,339 - [INFO] [user1] Starting Appium session on device R3CMB0CDBPT...
2026-04-23 09:32:51,461 - [ERROR] [user1] Failed to start Appium session: HTTPConnectionPool(host='127.0.0.1', port=4723): Max retries exceeded with url: /session (Caused by NewConnectionError("HTTPConnection(host='127.0.0.1', port=4723): Failed to establish a new connection: [WinError 10061] No connection could be made because the target machine actively refused it"))
Traceback (most recent call last):
  File "C:\Users\Lenovo\AppData\Roaming\Python\Python314\site-packages\urllib3\connection.py", line 204, in _new_conn
    sock = connection.create_connection(
        (self._dns_host, self.port),
    ...<2 lines>...
        socket_options=self.socket_options,
    )
  File "C:\Users\Lenovo\AppData\Roaming\Python\Python314\site-packages\urllib3\util\connection.py", line 85, in create_connection
    raise err
  File "C:\Users\Lenovo\AppData\Roaming\Python\Python314\site-packages\urllib3\util\connection.py", line 73, in create_connection
    sock.connect(sa)
    ~~~~~~~~~~~~^^^^
ConnectionRefusedError: [WinError 10061] No connection could be made because the target machine actively refused it

The above exception was the direct cause of the following exception:

Traceback (most recent call last):
  File "C:\Users\Lenovo\AppData\Roaming\Python\Python314\site-packages\urllib3\connectionpool.py", line 787, in urlopen
    response = self._make_request(
        conn,
    ...<10 lines>...
        **response_kw,
    )
  File "C:\Users\Lenovo\AppData\Roaming\Python\Python314\site-packages\urllib3\connectionpool.py", line 493, in _make_request
    conn.request(
    ~~~~~~~~~~~~^
        method,
        ^^^^^^^
    ...<6 lines>...
        enforce_content_length=enforce_content_length,
        ^^^^^^^^^^^^^^^^^^^^^^^^^^^^^^^^^^^^^^^^^^^^^^
    )
    ^
  File "C:\Users\Lenovo\AppData\Roaming\Python\Python314\site-packages\urllib3\connection.py", line 500, in request
    self.endheaders()
    ~~~~~~~~~~~~~~~^^
  File "C:\Python314\Lib\http\client.py", line 1353, in endheaders
    self._send_output(message_body, encode_chunked=encode_chunked)
    ~~~~~~~~~~~~~~~~~^^^^^^^^^^^^^^^^^^^^^^^^^^^^^^^^^^^^^^^^^^^^^
  File "C:\Python314\Lib\http\client.py", line 1113, in _send_output
    self.send(msg)
    ~~~~~~~~~^^^^^
  File "C:\Python314\Lib\http\client.py", line 1057, in send
    self.connect()
    ~~~~~~~~~~~~^^
  File "C:\Users\Lenovo\AppData\Roaming\Python\Python314\site-packages\urllib3\connection.py", line 331, in connect
    self.sock = self._new_conn()
                ~~~~~~~~~~~~~~^^
  File "C:\Users\Lenovo\AppData\Roaming\Python\Python314\site-packages\urllib3\connection.py", line 219, in _new_conn
    raise NewConnectionError(
        self, f"Failed to establish a new connection: {e}"
    ) from e
urllib3.exceptions.NewConnectionError: HTTPConnection(host='127.0.0.1', port=4723): Failed to establish a new connection: [WinError 10061] No connection could be made because the target machine actively refused it

The above exception was the direct cause of the following exception:

Traceback (most recent call last):
  File "C:\Users\Lenovo\OneDrive\Desktop\SofaApp\core\session_manager.py", line 51, in start_session
    driver = webdriver.Remote(server_url, options=options)
  File "C:\Users\Lenovo\AppData\Roaming\Python\Python314\site-packages\appium\webdriver\webdriver.py", line 229, in __init__
    super().__init__(
    ~~~~~~~~~~~~~~~~^
        command_executor=command_executor,
        ^^^^^^^^^^^^^^^^^^^^^^^^^^^^^^^^^^
        options=options,
        ^^^^^^^^^^^^^^^^
    )
    ^
  File "C:\Users\Lenovo\AppData\Roaming\Python\Python314\site-packages\selenium\webdriver\remote\webdriver.py", line 208, in __init__
    self.start_session(capabilities)
    ~~~~~~~~~~~~~~~~~~^^^^^^^^^^^^^^
  File "C:\Users\Lenovo\AppData\Roaming\Python\Python314\site-packages\appium\webdriver\webdriver.py", line 321, in start_session
    response = self.execute(RemoteCommand.NEW_SESSION, w3c_caps)
  File "C:\Users\Lenovo\AppData\Roaming\Python\Python314\site-packages\selenium\webdriver\remote\webdriver.py", line 345, in execute
    response = self.command_executor.execute(driver_command, params)
  File "C:\Users\Lenovo\AppData\Roaming\Python\Python314\site-packages\selenium\webdriver\remote\remote_connection.py", line 300, in execute
    return self._request(command_info[0], url, body=data)
           ~~~~~~~~~~~~~^^^^^^^^^^^^^^^^^^^^^^^^^^^^^^^^^
  File "C:\Users\Lenovo\AppData\Roaming\Python\Python314\site-packages\selenium\webdriver\remote\remote_connection.py", line 321, in _request
    response = self._conn.request(method, url, body=body, headers=headers)
  File "C:\Users\Lenovo\AppData\Roaming\Python\Python314\site-packages\urllib3\_request_methods.py", line 143, in request
    return self.request_encode_body(
           ~~~~~~~~~~~~~~~~~~~~~~~~^
        method, url, fields=fields, headers=headers, **urlopen_kw
        ^^^^^^^^^^^^^^^^^^^^^^^^^^^^^^^^^^^^^^^^^^^^^^^^^^^^^^^^^
    )
    ^
  File "C:\Users\Lenovo\AppData\Roaming\Python\Python314\site-packages\urllib3\_request_methods.py", line 278, in request_encode_body
    return self.urlopen(method, url, **extra_kw)
           ~~~~~~~~~~~~^^^^^^^^^^^^^^^^^^^^^^^^^
  File "C:\Users\Lenovo\AppData\Roaming\Python\Python314\site-packages\urllib3\poolmanager.py", line 457, in urlopen
    response = conn.urlopen(method, u.request_uri, **kw)
  File "C:\Users\Lenovo\AppData\Roaming\Python\Python314\site-packages\urllib3\connectionpool.py", line 871, in urlopen
    return self.urlopen(
           ~~~~~~~~~~~~^
        method,
        ^^^^^^^
    ...<13 lines>...
        **response_kw,
        ^^^^^^^^^^^^^^
    )
    ^
  File "C:\Users\Lenovo\AppData\Roaming\Python\Python314\site-packages\urllib3\connectionpool.py", line 871, in urlopen
    return self.urlopen(
           ~~~~~~~~~~~~^
        method,
        ^^^^^^^
    ...<13 lines>...
        **response_kw,
        ^^^^^^^^^^^^^^
    )
    ^
  File "C:\Users\Lenovo\AppData\Roaming\Python\Python314\site-packages\urllib3\connectionpool.py", line 871, in urlopen
    return self.urlopen(
           ~~~~~~~~~~~~^
        method,
        ^^^^^^^
    ...<13 lines>...
        **response_kw,
        ^^^^^^^^^^^^^^
    )
    ^
  File "C:\Users\Lenovo\AppData\Roaming\Python\Python314\site-packages\urllib3\connectionpool.py", line 841, in urlopen
    retries = retries.increment(
        method, url, error=new_e, _pool=self, _stacktrace=sys.exc_info()[2]
    )
  File "C:\Users\Lenovo\AppData\Roaming\Python\Python314\site-packages\urllib3\util\retry.py", line 535, in increment
    raise MaxRetryError(_pool, url, reason) from reason  # type: ignore[arg-type]
    ^^^^^^^^^^^^^^^^^^^^^^^^^^^^^^^^^^^^^^^^^^^^^^^^^^^
urllib3.exceptions.MaxRetryError: HTTPConnectionPool(host='127.0.0.1', port=4723): Max retries exceeded with url: /session (Caused by NewConnectionError("HTTPConnection(host='127.0.0.1', port=4723): Failed to establish a new connection: [WinError 10061] No connection could be made because the target machine actively refused it"))
2026-04-23 09:32:51,545 - [WARNING] [user1] Driver failed to start. Recording failure.
2026-04-23 09:32:51,545 - [INFO] Running account: user1
2026-04-23 09:32:51,546 - [INFO] [user1] Starting Appium session on device R3CMB0CDBPT...
2026-04-23 09:32:59,667 - [ERROR] [user1] Failed to start Appium session: HTTPConnectionPool(host='127.0.0.1', port=4723): Max retries exceeded with url: /session (Caused by NewConnectionError("HTTPConnection(host='127.0.0.1', port=4723): Failed to establish a new connection: [WinError 10061] No connection could be made because the target machine actively refused it"))
Traceback (most recent call last):
  File "C:\Users\Lenovo\AppData\Roaming\Python\Python314\site-packages\urllib3\connection.py", line 204, in _new_conn
    sock = connection.create_connection(
        (self._dns_host, self.port),
    ...<2 lines>...
        socket_options=self.socket_options,
    )
  File "C:\Users\Lenovo\AppData\Roaming\Python\Python314\site-packages\urllib3\util\connection.py", line 85, in create_connection
    raise err
  File "C:\Users\Lenovo\AppData\Roaming\Python\Python314\site-packages\urllib3\util\connection.py", line 73, in create_connection
    sock.connect(sa)
    ~~~~~~~~~~~~^^^^
ConnectionRefusedError: [WinError 10061] No connection could be made because the target machine actively refused it

The above exception was the direct cause of the following exception:

Traceback (most recent call last):
  File "C:\Users\Lenovo\AppData\Roaming\Python\Python314\site-packages\urllib3\connectionpool.py", line 787, in urlopen
    response = self._make_request(
        conn,
    ...<10 lines>...
        **response_kw,
    )
  File "C:\Users\Lenovo\AppData\Roaming\Python\Python314\site-packages\urllib3\connectionpool.py", line 493, in _make_request
    conn.request(
    ~~~~~~~~~~~~^
        method,
        ^^^^^^^
    ...<6 lines>...
        enforce_content_length=enforce_content_length,
        ^^^^^^^^^^^^^^^^^^^^^^^^^^^^^^^^^^^^^^^^^^^^^^
    )
    ^
  File "C:\Users\Lenovo\AppData\Roaming\Python\Python314\site-packages\urllib3\connection.py", line 500, in request
    self.endheaders()
    ~~~~~~~~~~~~~~~^^
  File "C:\Python314\Lib\http\client.py", line 1353, in endheaders
    self._send_output(message_body, encode_chunked=encode_chunked)
    ~~~~~~~~~~~~~~~~~^^^^^^^^^^^^^^^^^^^^^^^^^^^^^^^^^^^^^^^^^^^^^
  File "C:\Python314\Lib\http\client.py", line 1113, in _send_output
    self.send(msg)
    ~~~~~~~~~^^^^^
  File "C:\Python314\Lib\http\client.py", line 1057, in send
    self.connect()
    ~~~~~~~~~~~~^^
  File "C:\Users\Lenovo\AppData\Roaming\Python\Python314\site-packages\urllib3\connection.py", line 331, in connect
    self.sock = self._new_conn()
                ~~~~~~~~~~~~~~^^
  File "C:\Users\Lenovo\AppData\Roaming\Python\Python314\site-packages\urllib3\connection.py", line 219, in _new_conn
    raise NewConnectionError(
        self, f"Failed to establish a new connection: {e}"
    ) from e
urllib3.exceptions.NewConnectionError: HTTPConnection(host='127.0.0.1', port=4723): Failed to establish a new connection: [WinError 10061] No connection could be made because the target machine actively refused it

The above exception was the direct cause of the following exception:

Traceback (most recent call last):
  File "C:\Users\Lenovo\OneDrive\Desktop\SofaApp\core\session_manager.py", line 51, in start_session
    driver = webdriver.Remote(server_url, options=options)
  File "C:\Users\Lenovo\AppData\Roaming\Python\Python314\site-packages\appium\webdriver\webdriver.py", line 229, in __init__
    super().__init__(
    ~~~~~~~~~~~~~~~~^
        command_executor=command_executor,
        ^^^^^^^^^^^^^^^^^^^^^^^^^^^^^^^^^^
        options=options,
        ^^^^^^^^^^^^^^^^
    )
    ^
  File "C:\Users\Lenovo\AppData\Roaming\Python\Python314\site-packages\selenium\webdriver\remote\webdriver.py", line 208, in __init__
    self.start_session(capabilities)
    ~~~~~~~~~~~~~~~~~~^^^^^^^^^^^^^^
  File "C:\Users\Lenovo\AppData\Roaming\Python\Python314\site-packages\appium\webdriver\webdriver.py", line 321, in start_session
    response = self.execute(RemoteCommand.NEW_SESSION, w3c_caps)
  File "C:\Users\Lenovo\AppData\Roaming\Python\Python314\site-packages\selenium\webdriver\remote\webdriver.py", line 345, in execute
    response = self.command_executor.execute(driver_command, params)
  File "C:\Users\Lenovo\AppData\Roaming\Python\Python314\site-packages\selenium\webdriver\remote\remote_connection.py", line 300, in execute
    return self._request(command_info[0], url, body=data)
           ~~~~~~~~~~~~~^^^^^^^^^^^^^^^^^^^^^^^^^^^^^^^^^
  File "C:\Users\Lenovo\AppData\Roaming\Python\Python314\site-packages\selenium\webdriver\remote\remote_connection.py", line 321, in _request
    response = self._conn.request(method, url, body=body, headers=headers)
  File "C:\Users\Lenovo\AppData\Roaming\Python\Python314\site-packages\urllib3\_request_methods.py", line 143, in request
    return self.request_encode_body(
           ~~~~~~~~~~~~~~~~~~~~~~~~^
        method, url, fields=fields, headers=headers, **urlopen_kw
        ^^^^^^^^^^^^^^^^^^^^^^^^^^^^^^^^^^^^^^^^^^^^^^^^^^^^^^^^^
    )
    ^
  File "C:\Users\Lenovo\AppData\Roaming\Python\Python314\site-packages\urllib3\_request_methods.py", line 278, in request_encode_body
    return self.urlopen(method, url, **extra_kw)
           ~~~~~~~~~~~~^^^^^^^^^^^^^^^^^^^^^^^^^
  File "C:\Users\Lenovo\AppData\Roaming\Python\Python314\site-packages\urllib3\poolmanager.py", line 457, in urlopen
    response = conn.urlopen(method, u.request_uri, **kw)
  File "C:\Users\Lenovo\AppData\Roaming\Python\Python314\site-packages\urllib3\connectionpool.py", line 871, in urlopen
    return self.urlopen(
           ~~~~~~~~~~~~^
        method,
        ^^^^^^^
    ...<13 lines>...
        **response_kw,
        ^^^^^^^^^^^^^^
    )
    ^
  File "C:\Users\Lenovo\AppData\Roaming\Python\Python314\site-packages\urllib3\connectionpool.py", line 871, in urlopen
    return self.urlopen(
           ~~~~~~~~~~~~^
        method,
        ^^^^^^^
    ...<13 lines>...
        **response_kw,
        ^^^^^^^^^^^^^^
    )
    ^
  File "C:\Users\Lenovo\AppData\Roaming\Python\Python314\site-packages\urllib3\connectionpool.py", line 871, in urlopen
    return self.urlopen(
           ~~~~~~~~~~~~^
        method,
        ^^^^^^^
    ...<13 lines>...
        **response_kw,
        ^^^^^^^^^^^^^^
    )
    ^
  File "C:\Users\Lenovo\AppData\Roaming\Python\Python314\site-packages\urllib3\connectionpool.py", line 841, in urlopen
    retries = retries.increment(
        method, url, error=new_e, _pool=self, _stacktrace=sys.exc_info()[2]
    )
  File "C:\Users\Lenovo\AppData\Roaming\Python\Python314\site-packages\urllib3\util\retry.py", line 535, in increment
    raise MaxRetryError(_pool, url, reason) from reason  # type: ignore[arg-type]
    ^^^^^^^^^^^^^^^^^^^^^^^^^^^^^^^^^^^^^^^^^^^^^^^^^^^
urllib3.exceptions.MaxRetryError: HTTPConnectionPool(host='127.0.0.1', port=4723): Max retries exceeded with url: /session (Caused by NewConnectionError("HTTPConnection(host='127.0.0.1', port=4723): Failed to establish a new connection: [WinError 10061] No connection could be made because the target machine actively refused it"))
2026-04-23 09:32:59,680 - [WARNING] [user1] Driver failed to start. Recording failure.
2026-04-23 09:32:59,680 - [ERROR] Account user1 temporarily disabled
2026-04-23 09:32:59,681 - [WARNING] All accounts have failed or hit limits. Stopping scheduler.
2026-04-23 09:32:59,682 - [INFO] Bot execution terminated.
2026-04-23 09:39:53,391 - [INFO] Bot started - Sofascore Automation System
2026-04-23 09:39:53,392 - [INFO] Execution Mode: sequential
2026-04-23 09:39:53,393 - [INFO] Loaded 1 accounts.
2026-04-23 09:39:53,394 - [INFO] Starting execution pool.
2026-04-23 09:39:53,395 - [INFO] Running account: user1
2026-04-23 09:39:53,395 - [INFO] [user1] Starting Appium session on device R3CMB0CDBPT...
2026-04-23 09:39:58,549 - [INFO] [user1] Connected to device successfully.
2026-04-23 09:39:58,550 - [TRACE] Sleeping for 6.77 seconds...
2026-04-23 09:40:05,337 - [INFO] Checking for eligible Football matches...
2026-04-23 09:40:06,769 - [SUCCESS] [METRIC] Found in 1.29s | Fallbacks: 0 | Avg: 1.29s
2026-04-23 09:40:06,769 - [TRACE] Sleeping for 1.73 seconds...
2026-04-23 09:40:09,100 - [DEBUG] No active Football matches found on screen.
2026-04-23 09:40:09,101 - [INFO] Checking for eligible Tennis matches...
2026-04-23 09:40:10,129 - [SUCCESS] [METRIC] Found in 0.94s | Fallbacks: 0 | Avg: 1.11s
2026-04-23 09:40:10,129 - [TRACE] Sleeping for 1.75 seconds...
2026-04-23 09:40:13,480 - [DEBUG] No active Tennis matches found on screen.
2026-04-23 09:40:13,480 - [INFO] Checking for eligible Basketball matches...
2026-04-23 09:40:14,738 - [SUCCESS] [METRIC] Found in 1.14s | Fallbacks: 0 | Avg: 1.12s
2026-04-23 09:40:14,739 - [TRACE] Sleeping for 1.86 seconds...
2026-04-23 09:40:17,167 - [DEBUG] No active Basketball matches found on screen.
2026-04-23 09:40:17,167 - [INFO] Checking for eligible Baseball matches...
2026-04-23 09:40:19,438 - [WARNING] Element not found, skipping click. (//*[@text='Baseball' or contains(@content-desc, 'Baseball') or contains(@text, 'Baseball')])
2026-04-23 09:40:19,438 - [INFO] Checking for eligible Cricket matches...
2026-04-23 09:40:22,156 - [WARNING] Element not found, skipping click. (//*[@text='Cricket' or contains(@content-desc, 'Cricket') or contains(@text, 'Cricket')])
2026-04-23 09:40:22,162 - [ERROR] No eligible professional matches found after scanning all categories.
2026-04-23 09:40:22,162 - [ERROR] [user1] Could not find an eligible match. Ending cycle.
2026-04-23 09:40:22,163 - [INFO] [user1] Closing session cleanly...
2026-04-23 09:40:22,885 - [INFO] [user1] Session closed and device proxy reset.
2026-04-23 09:40:22,886 - [INFO] Resting for 30s before next account...
2026-04-23 09:40:52,887 - [INFO] Running account: user1
2026-04-23 09:40:52,888 - [INFO] [user1] Starting Appium session on device R3CMB0CDBPT...
2026-04-23 09:40:57,655 - [INFO] [user1] Connected to device successfully.
2026-04-23 09:40:57,656 - [TRACE] Sleeping for 10.91 seconds...
2026-04-23 09:41:08,573 - [INFO] Checking for eligible Football matches...
2026-04-23 09:41:10,878 - [SUCCESS] [METRIC] Found in 2.18s | Fallbacks: 0 | Avg: 2.18s
2026-04-23 09:41:10,879 - [TRACE] Sleeping for 1.25 seconds...
2026-04-23 09:41:12,453 - [DEBUG] No active Football matches found on screen.
2026-04-23 09:41:12,454 - [INFO] Checking for eligible Tennis matches...
2026-04-23 09:41:13,271 - [SUCCESS] [METRIC] Found in 0.73s | Fallbacks: 0 | Avg: 1.45s
2026-04-23 09:41:13,271 - [TRACE] Sleeping for 1.85 seconds...
2026-04-23 09:41:16,236 - [DEBUG] No active Tennis matches found on screen.
2026-04-23 09:41:16,236 - [INFO] Checking for eligible Basketball matches...
2026-04-23 09:41:17,617 - [SUCCESS] [METRIC] Found in 1.25s | Fallbacks: 0 | Avg: 1.38s
2026-04-23 09:41:17,617 - [TRACE] Sleeping for 1.62 seconds...
2026-04-23 09:41:20,636 - [DEBUG] No active Basketball matches found on screen.
2026-04-23 09:41:20,636 - [INFO] Checking for eligible Baseball matches...
2026-04-23 09:41:21,433 - [SUCCESS] [METRIC] Found in 0.72s | Fallbacks: 0 | Avg: 1.22s
2026-04-23 09:41:21,434 - [TRACE] Sleeping for 1.25 seconds...
2026-04-23 09:41:24,413 - [DEBUG] No active Baseball matches found on screen.
2026-04-23 09:41:24,413 - [INFO] Checking for eligible Cricket matches...
2026-04-23 09:41:27,050 - [WARNING] Element not found, skipping click. (//*[@text='Cricket' or contains(@content-desc, 'Cricket') or contains(@text, 'Cricket')])
2026-04-23 09:41:27,055 - [ERROR] No eligible professional matches found after scanning all categories.
2026-04-23 09:41:27,055 - [ERROR] [user1] Could not find an eligible match. Ending cycle.
2026-04-23 09:41:27,055 - [INFO] [user1] Closing session cleanly...
2026-04-23 09:41:27,712 - [INFO] [user1] Session closed and device proxy reset.
2026-04-23 09:41:27,713 - [INFO] Resting for 30s before next account...
2026-04-23 09:41:57,714 - [INFO] Running account: user1
2026-04-23 09:41:57,715 - [INFO] [user1] Starting Appium session on device R3CMB0CDBPT...
2026-04-23 09:42:02,251 - [INFO] [user1] Connected to device successfully.
2026-04-23 09:42:02,252 - [TRACE] Sleeping for 10.69 seconds...
2026-04-23 09:42:12,948 - [INFO] Checking for eligible Football matches...
2026-04-23 09:42:15,021 - [WARNING] Element not found, skipping click. (//*[@text='Football' or contains(@content-desc, 'Football') or contains(@text, 'Football')])
2026-04-23 09:42:15,022 - [INFO] Checking for eligible Tennis matches...
2026-04-23 09:42:16,295 - [SUCCESS] [METRIC] Found in 1.18s | Fallbacks: 0 | Avg: 1.18s
2026-04-23 09:42:16,296 - [TRACE] Sleeping for 1.73 seconds...
2026-04-23 09:42:19,390 - [DEBUG] No active Tennis matches found on screen.
2026-04-23 09:42:19,391 - [INFO] Checking for eligible Basketball matches...
2026-04-23 09:42:20,843 - [SUCCESS] [METRIC] Found in 1.34s | Fallbacks: 0 | Avg: 1.26s
2026-04-23 09:42:20,844 - [TRACE] Sleeping for 1.33 seconds...
2026-04-23 09:42:24,098 - [DEBUG] No active Basketball matches found on screen.
2026-04-23 09:42:24,098 - [INFO] Checking for eligible Baseball matches...
2026-04-23 09:42:26,062 - [SUCCESS] [METRIC] Found in 0.91s | Fallbacks: 0 | Avg: 1.14s
2026-04-23 09:42:26,062 - [TRACE] Sleeping for 1.25 seconds...
2026-04-23 09:42:28,887 - [DEBUG] No active Baseball matches found on screen.
2026-04-23 09:42:28,887 - [INFO] Checking for eligible Cricket matches...
2026-04-23 09:42:31,370 - [WARNING] Element not found, skipping click. (//*[@text='Cricket' or contains(@content-desc, 'Cricket') or contains(@text, 'Cricket')])
2026-04-23 09:42:31,376 - [ERROR] No eligible professional matches found after scanning all categories.
2026-04-23 09:42:31,376 - [ERROR] [user1] Could not find an eligible match. Ending cycle.
2026-04-23 09:42:31,377 - [INFO] [user1] Closing session cleanly...
2026-04-23 09:42:32,040 - [INFO] [user1] Session closed and device proxy reset.
2026-04-23 09:42:32,040 - [INFO] Resting for 30s before next account...
2026-04-23 09:43:02,041 - [INFO] Running account: user1
2026-04-23 09:43:02,042 - [INFO] [user1] Starting Appium session on device R3CMB0CDBPT...
2026-04-23 09:43:06,472 - [INFO] [user1] Connected to device successfully.
2026-04-23 09:43:06,473 - [TRACE] Sleeping for 6.16 seconds...
2026-04-23 09:43:12,636 - [INFO] Checking for eligible Football matches...
2026-04-23 09:43:14,949 - [WARNING] Element not found, skipping click. (//*[@text='Football' or contains(@content-desc, 'Football') or contains(@text, 'Football')])
2026-04-23 09:43:14,949 - [INFO] Checking for eligible Tennis matches...
2026-04-23 09:43:16,257 - [SUCCESS] [METRIC] Found in 1.21s | Fallbacks: 0 | Avg: 1.21s
2026-04-23 09:43:16,257 - [TRACE] Sleeping for 1.26 seconds...
2026-04-23 09:43:19,488 - [DEBUG] No active Tennis matches found on screen.
2026-04-23 09:43:19,488 - [INFO] Checking for eligible Basketball matches...
2026-04-23 09:43:20,348 - [SUCCESS] [METRIC] Found in 0.78s | Fallbacks: 0 | Avg: 1.00s
2026-04-23 09:43:20,349 - [TRACE] Sleeping for 1.70 seconds...
2026-04-23 09:43:23,905 - [DEBUG] No active Basketball matches found on screen.
2026-04-23 09:43:23,906 - [INFO] Checking for eligible Baseball matches...
2026-04-23 09:43:26,487 - [WARNING] Element not found, skipping click. (//*[@text='Baseball' or contains(@content-desc, 'Baseball') or contains(@text, 'Baseball')])
2026-04-23 09:43:26,487 - [INFO] Checking for eligible Cricket matches...
2026-04-23 09:43:29,158 - [WARNING] Element not found, skipping click. (//*[@text='Cricket' or contains(@content-desc, 'Cricket') or contains(@text, 'Cricket')])
2026-04-23 09:43:29,163 - [ERROR] No eligible professional matches found after scanning all categories.
2026-04-23 09:43:29,163 - [ERROR] [user1] Could not find an eligible match. Ending cycle.
2026-04-23 09:43:29,164 - [INFO] [user1] Closing session cleanly...
2026-04-23 09:43:29,875 - [INFO] [user1] Session closed and device proxy reset.
2026-04-23 09:43:29,875 - [INFO] Resting for 30s before next account...
2026-04-23 09:43:59,877 - [INFO] Running account: user1
2026-04-23 09:43:59,877 - [INFO] [user1] Starting Appium session on device R3CMB0CDBPT...
2026-04-23 09:44:04,345 - [INFO] [user1] Connected to device successfully.
2026-04-23 09:44:04,345 - [TRACE] Sleeping for 4.38 seconds...
2026-04-23 09:44:08,735 - [INFO] Checking for eligible Football matches...
2026-04-23 09:44:10,144 - [SUCCESS] [METRIC] Found in 1.31s | Fallbacks: 0 | Avg: 1.31s
2026-04-23 09:44:10,145 - [TRACE] Sleeping for 1.71 seconds...
2026-04-23 09:44:13,163 - [DEBUG] No active Football matches found on screen.
2026-04-23 09:44:13,163 - [INFO] Checking for eligible Tennis matches...
2026-04-23 09:44:14,118 - [SUCCESS] [METRIC] Found in 0.86s | Fallbacks: 0 | Avg: 1.08s
2026-04-23 09:44:14,119 - [TRACE] Sleeping for 1.96 seconds...
2026-04-23 09:44:18,374 - [DEBUG] No active Tennis matches found on screen.
2026-04-23 09:44:18,374 - [INFO] Checking for eligible Basketball matches...
2026-04-23 09:44:19,872 - [SUCCESS] [METRIC] Found in 1.40s | Fallbacks: 0 | Avg: 1.19s
2026-04-23 09:44:19,873 - [TRACE] Sleeping for 1.46 seconds...
2026-04-23 09:44:23,958 - [DEBUG] No active Basketball matches found on screen.
2026-04-23 09:44:23,958 - [INFO] Checking for eligible Baseball matches...
2026-04-23 09:44:25,285 - [SUCCESS] [METRIC] Found in 1.26s | Fallbacks: 0 | Avg: 1.21s
2026-04-23 09:44:25,285 - [TRACE] Sleeping for 1.76 seconds...
2026-04-23 09:44:28,880 - [DEBUG] No active Baseball matches found on screen.
2026-04-23 09:44:28,880 - [INFO] Checking for eligible Cricket matches...
2026-04-23 09:44:31,514 - [WARNING] Element not found, skipping click. (//*[@text='Cricket' or contains(@content-desc, 'Cricket') or contains(@text, 'Cricket')])
2026-04-23 09:44:31,519 - [ERROR] No eligible professional matches found after scanning all categories.
2026-04-23 09:44:31,522 - [ERROR] [user1] Could not find an eligible match. Ending cycle.
2026-04-23 09:44:31,523 - [INFO] [user1] Closing session cleanly...
2026-04-23 09:44:32,248 - [INFO] [user1] Session closed and device proxy reset.
2026-04-23 09:44:32,249 - [INFO] Resting for 30s before next account...
2026-04-23 09:45:02,250 - [INFO] Running account: user1
2026-04-23 09:45:02,251 - [INFO] [user1] Starting Appium session on device R3CMB0CDBPT...
2026-04-23 09:45:06,778 - [INFO] [user1] Connected to device successfully.
2026-04-23 09:45:06,778 - [TRACE] Sleeping for 10.63 seconds...
2026-04-23 09:45:17,419 - [INFO] Checking for eligible Football matches...
2026-04-23 09:45:20,094 - [WARNING] Element not found, skipping click. (//*[@text='Football' or contains(@content-desc, 'Football') or contains(@text, 'Football')])
2026-04-23 09:45:20,094 - [INFO] Checking for eligible Tennis matches...
2026-04-23 09:45:21,574 - [SUCCESS] [METRIC] Found in 1.38s | Fallbacks: 0 | Avg: 1.38s
2026-04-23 09:45:21,574 - [TRACE] Sleeping for 1.01 seconds...
2026-04-23 09:45:24,802 - [DEBUG] No active Tennis matches found on screen.
2026-04-23 09:45:24,803 - [INFO] Checking for eligible Basketball matches...
2026-04-23 09:45:25,551 - [SUCCESS] [METRIC] Found in 0.65s | Fallbacks: 0 | Avg: 1.02s
2026-04-23 09:45:25,552 - [TRACE] Sleeping for 1.56 seconds...
2026-04-23 09:45:28,932 - [DEBUG] No active Basketball matches found on screen.
2026-04-23 09:45:28,932 - [INFO] Checking for eligible Baseball matches...
2026-04-23 09:45:30,234 - [SUCCESS] [METRIC] Found in 1.21s | Fallbacks: 0 | Avg: 1.08s
2026-04-23 09:45:30,235 - [TRACE] Sleeping for 1.98 seconds...
2026-04-23 09:45:34,752 - [DEBUG] No active Baseball matches found on screen.
2026-04-23 09:45:34,753 - [INFO] Checking for eligible Cricket matches...
2026-04-23 09:45:37,091 - [WARNING] Element not found, skipping click. (//*[@text='Cricket' or contains(@content-desc, 'Cricket') or contains(@text, 'Cricket')])
2026-04-23 09:45:37,102 - [ERROR] No eligible professional matches found after scanning all categories.
2026-04-23 09:45:37,108 - [ERROR] [user1] Could not find an eligible match. Ending cycle.
2026-04-23 09:45:37,108 - [INFO] [user1] Closing session cleanly...
2026-04-23 09:45:37,780 - [INFO] [user1] Session closed and device proxy reset.
2026-04-23 09:45:37,780 - [INFO] Resting for 30s before next account...
2026-04-23 09:46:07,781 - [INFO] Running account: user1
2026-04-23 09:46:07,782 - [INFO] [user1] Starting Appium session on device R3CMB0CDBPT...
2026-04-23 09:46:12,280 - [INFO] [user1] Connected to device successfully.
2026-04-23 09:46:12,281 - [TRACE] Sleeping for 4.95 seconds...
2026-04-23 09:46:17,233 - [INFO] Checking for eligible Football matches...
2026-04-23 09:46:19,604 - [WARNING] Element not found, skipping click. (//*[@text='Football' or contains(@content-desc, 'Football') or contains(@text, 'Football')])
2026-04-23 09:46:19,605 - [INFO] Checking for eligible Tennis matches...
2026-04-23 09:46:22,185 - [WARNING] Element not found, skipping click. (//*[@text='Tennis' or contains(@content-desc, 'Tennis') or contains(@text, 'Tennis')])
2026-04-23 09:46:22,186 - [INFO] Checking for eligible Basketball matches...
2026-04-23 09:46:24,534 - [WARNING] Element not found, skipping click. (//*[@text='Basketball' or contains(@content-desc, 'Basketball') or contains(@text, 'Basketball')])
2026-04-23 09:46:24,534 - [INFO] Checking for eligible Baseball matches...
2026-04-23 09:46:26,789 - [WARNING] Element not found, skipping click. (//*[@text='Baseball' or contains(@content-desc, 'Baseball') or contains(@text, 'Baseball')])
2026-04-23 09:46:26,790 - [INFO] Checking for eligible Cricket matches...
2026-04-23 09:46:28,962 - [WARNING] Element not found, skipping click. (//*[@text='Cricket' or contains(@content-desc, 'Cricket') or contains(@text, 'Cricket')])
2026-04-23 09:46:28,967 - [ERROR] No eligible professional matches found after scanning all categories.
2026-04-23 09:46:28,968 - [ERROR] [user1] Could not find an eligible match. Ending cycle.
2026-04-23 09:46:28,969 - [INFO] [user1] Closing session cleanly...
2026-04-23 09:46:29,709 - [INFO] [user1] Session closed and device proxy reset.
2026-04-23 09:46:29,710 - [INFO] Resting for 30s before next account...
2026-04-23 09:46:59,712 - [INFO] Running account: user1
2026-04-23 09:46:59,712 - [INFO] [user1] Starting Appium session on device R3CMB0CDBPT...
2026-04-23 09:47:04,143 - [INFO] [user1] Connected to device successfully.
2026-04-23 09:47:04,144 - [TRACE] Sleeping for 8.70 seconds...
2026-04-23 09:47:12,854 - [INFO] Checking for eligible Football matches...
2026-04-23 09:47:15,509 - [WARNING] Element not found, skipping click. (//*[@text='Football' or contains(@content-desc, 'Football') or contains(@text, 'Football')])
2026-04-23 09:47:15,510 - [INFO] Checking for eligible Tennis matches...
2026-04-23 09:47:17,853 - [WARNING] Element not found, skipping click. (//*[@text='Tennis' or contains(@content-desc, 'Tennis') or contains(@text, 'Tennis')])
2026-04-23 09:47:17,854 - [INFO] Checking for eligible Basketball matches...
2026-04-23 09:47:20,271 - [WARNING] Element not found, skipping click. (//*[@text='Basketball' or contains(@content-desc, 'Basketball') or contains(@text, 'Basketball')])
2026-04-23 09:47:20,272 - [INFO] Checking for eligible Baseball matches...
2026-04-23 09:47:22,629 - [WARNING] Element not found, skipping click. (//*[@text='Baseball' or contains(@content-desc, 'Baseball') or contains(@text, 'Baseball')])
2026-04-23 09:47:22,629 - [INFO] Checking for eligible Cricket matches...
2026-04-23 09:47:24,940 - [WARNING] Element not found, skipping click. (//*[@text='Cricket' or contains(@content-desc, 'Cricket') or contains(@text, 'Cricket')])
2026-04-23 09:47:24,945 - [ERROR] No eligible professional matches found after scanning all categories.
2026-04-23 09:47:24,946 - [ERROR] [user1] Could not find an eligible match. Ending cycle.
2026-04-23 09:47:24,946 - [INFO] [user1] Closing session cleanly...
2026-04-23 09:47:25,646 - [INFO] [user1] Session closed and device proxy reset.
2026-04-23 09:47:25,647 - [INFO] Resting for 30s before next account...
2026-04-23 09:47:55,648 - [INFO] Running account: user1
2026-04-23 09:47:55,649 - [INFO] [user1] Starting Appium session on device R3CMB0CDBPT...
2026-04-23 09:48:00,078 - [INFO] [user1] Connected to device successfully.
2026-04-23 09:48:00,078 - [TRACE] Sleeping for 4.37 seconds...
2026-04-23 09:48:04,459 - [INFO] Checking for eligible Football matches...
2026-04-23 09:48:06,673 - [WARNING] Element not found, skipping click. (//*[@text='Football' or contains(@content-desc, 'Football') or contains(@text, 'Football')])
2026-04-23 09:48:06,673 - [INFO] Checking for eligible Tennis matches...
2026-04-23 09:48:09,280 - [WARNING] Element not found, skipping click. (//*[@text='Tennis' or contains(@content-desc, 'Tennis') or contains(@text, 'Tennis')])
2026-04-23 09:48:09,282 - [INFO] Checking for eligible Basketball matches...
2026-04-23 09:48:11,615 - [WARNING] Element not found, skipping click. (//*[@text='Basketball' or contains(@content-desc, 'Basketball') or contains(@text, 'Basketball')])
2026-04-23 09:48:11,616 - [INFO] Checking for eligible Baseball matches...
2026-04-23 09:48:13,855 - [WARNING] Element not found, skipping click. (//*[@text='Baseball' or contains(@content-desc, 'Baseball') or contains(@text, 'Baseball')])
2026-04-23 09:48:13,856 - [INFO] Checking for eligible Cricket matches...
2026-04-23 09:48:16,010 - [WARNING] Element not found, skipping click. (//*[@text='Cricket' or contains(@content-desc, 'Cricket') or contains(@text, 'Cricket')])
2026-04-23 09:48:16,017 - [ERROR] No eligible professional matches found after scanning all categories.
2026-04-23 09:48:16,017 - [ERROR] [user1] Could not find an eligible match. Ending cycle.
2026-04-23 09:48:16,018 - [INFO] [user1] Closing session cleanly...
2026-04-23 09:48:16,735 - [INFO] [user1] Session closed and device proxy reset.
2026-04-23 09:48:16,735 - [INFO] Resting for 30s before next account...
2026-04-23 09:48:46,737 - [INFO] Running account: user1
2026-04-23 09:48:46,737 - [INFO] [user1] Starting Appium session on device R3CMB0CDBPT...
2026-04-23 09:48:51,283 - [INFO] [user1] Connected to device successfully.
2026-04-23 09:48:51,284 - [TRACE] Sleeping for 6.11 seconds...
2026-04-23 09:48:57,401 - [INFO] Checking for eligible Football matches...
2026-04-23 09:49:00,036 - [WARNING] Element not found, skipping click. (//*[@text='Football' or contains(@content-desc, 'Football') or contains(@text, 'Football')])
2026-04-23 09:49:00,037 - [INFO] Checking for eligible Tennis matches...
2026-04-23 09:49:02,443 - [WARNING] Element not found, skipping click. (//*[@text='Tennis' or contains(@content-desc, 'Tennis') or contains(@text, 'Tennis')])
2026-04-23 09:49:02,443 - [INFO] Checking for eligible Basketball matches...
2026-04-23 09:49:04,797 - [WARNING] Element not found, skipping click. (//*[@text='Basketball' or contains(@content-desc, 'Basketball') or contains(@text, 'Basketball')])
2026-04-23 09:49:04,798 - [INFO] Checking for eligible Baseball matches...
2026-04-23 09:49:07,018 - [WARNING] Element not found, skipping click. (//*[@text='Baseball' or contains(@content-desc, 'Baseball') or contains(@text, 'Baseball')])
2026-04-23 09:49:07,019 - [INFO] Checking for eligible Cricket matches...
2026-04-23 09:49:09,309 - [WARNING] Element not found, skipping click. (//*[@text='Cricket' or contains(@content-desc, 'Cricket') or contains(@text, 'Cricket')])
2026-04-23 09:49:09,321 - [ERROR] No eligible professional matches found after scanning all categories.
2026-04-23 09:49:09,342 - [ERROR] [user1] Could not find an eligible match. Ending cycle.
2026-04-23 09:49:09,343 - [INFO] [user1] Closing session cleanly...
2026-04-23 09:49:10,016 - [INFO] [user1] Session closed and device proxy reset.
2026-04-23 09:49:10,016 - [INFO] Resting for 30s before next account...
2026-04-23 09:49:40,018 - [INFO] Running account: user1
2026-04-23 09:49:40,018 - [INFO] [user1] Starting Appium session on device R3CMB0CDBPT...
2026-04-23 09:49:44,525 - [INFO] [user1] Connected to device successfully.
2026-04-23 09:49:44,526 - [TRACE] Sleeping for 8.16 seconds...
2026-04-23 09:49:52,693 - [INFO] Checking for eligible Football matches...
2026-04-23 09:49:54,998 - [WARNING] Element not found, skipping click. (//*[@text='Football' or contains(@content-desc, 'Football') or contains(@text, 'Football')])
2026-04-23 09:49:54,998 - [INFO] Checking for eligible Tennis matches...
2026-04-23 09:49:57,522 - [WARNING] Element not found, skipping click. (//*[@text='Tennis' or contains(@content-desc, 'Tennis') or contains(@text, 'Tennis')])
2026-04-23 09:49:57,523 - [INFO] Checking for eligible Basketball matches...
2026-04-23 09:49:59,636 - [WARNING] Element not found, skipping click. (//*[@text='Basketball' or contains(@content-desc, 'Basketball') or contains(@text, 'Basketball')])
2026-04-23 09:49:59,636 - [INFO] Checking for eligible Baseball matches...
2026-04-23 09:50:01,045 - [SUCCESS] [METRIC] Found in 1.34s | Fallbacks: 0 | Avg: 1.34s
2026-04-23 09:50:01,046 - [TRACE] Sleeping for 1.64 seconds...
2026-04-23 09:50:04,303 - [DEBUG] No active Baseball matches found on screen.
2026-04-23 09:50:04,303 - [INFO] Checking for eligible Cricket matches...
2026-04-23 09:50:06,945 - [WARNING] Element not found, skipping click. (//*[@text='Cricket' or contains(@content-desc, 'Cricket') or contains(@text, 'Cricket')])
2026-04-23 09:50:06,951 - [ERROR] No eligible professional matches found after scanning all categories.
2026-04-23 09:50:06,951 - [ERROR] [user1] Could not find an eligible match. Ending cycle.
2026-04-23 09:50:06,952 - [INFO] [user1] Closing session cleanly...
2026-04-23 09:50:27,361 - [WARNING] [user1] Error quitting driver: Message: Error executing adbExec. Original error: 'Command ''C:\Users\Lenovo\AppData\Local\Android\Sdk\platform-tools\adb.exe' -P 5037 -s R3CMB0CDBPT shell 'settings delete global hidden_api_policy_pre_p_apps;settings delete global hidden_api_policy_p_apps;settings delete global hidden_api_policy'' exited with code 1'; Command output: adb.exe: device 'R3CMB0CDBPT' not found

Stacktrace:
UnknownError: Error executing adbExec. Original error: 'Command ''C:\Users\Lenovo\AppData\Local\Android\Sdk\platform-tools\adb.exe' -P 5037 -s R3CMB0CDBPT shell 'settings delete global hidden_api_policy_pre_p_apps;settings delete global hidden_api_policy_p_apps;settings delete global hidden_api_policy'' exited with code 1'; Command output: adb.exe: device 'R3CMB0CDBPT' not found

    at getResponseForW3CError (C:\Users\Lenovo\AppData\Roaming\npm\node_modules\appium\node_modules\@appium\base-driver\build\lib\protocol\errors.js:824:36)
    at asyncHandler (C:\Users\Lenovo\AppData\Roaming\npm\node_modules\appium\node_modules\@appium\base-driver\build\lib\protocol\protocol.js:430:77)
The above error is caused by
Error: Error executing adbExec. Original error: 'Command ''C:\Users\Lenovo\AppData\Local\Android\Sdk\platform-tools\adb.exe' -P 5037 -s R3CMB0CDBPT shell 'settings delete global hidden_api_policy_pre_p_apps;settings delete global hidden_api_policy_p_apps;settings delete global hidden_api_policy'' exited with code 1'; Command output: adb.exe: device 'R3CMB0CDBPT' not found

    at ChildProcess.<anonymous> (C:\Users\Lenovo\.appium\node_modules\appium-uiautomator2-driver\node_modules\teen_process\build\lib\exec.js:119:43)
    at ChildProcess.emit (node:events:508:28)
    at maybeClose (node:internal/child_process:1100:16)
    at ChildProcess._handle.onexit (node:internal/child_process:305:5)
2026-04-23 09:50:27,363 - [INFO] [user1] Session closed and device proxy reset.
2026-04-23 09:50:27,364 - [INFO] Resting for 30s before next account...
2026-04-23 09:50:57,365 - [INFO] Running account: user1
2026-04-23 09:50:57,366 - [INFO] [user1] Starting Appium session on device R3CMB0CDBPT...
2026-04-23 09:51:17,587 - [ERROR] [user1] Failed to start Appium session: Message: Could not find a connected Android device in 20000ms
Stacktrace:
UnknownError: Could not find a connected Android device in 20000ms
    at getResponseForW3CError (C:\Users\Lenovo\AppData\Roaming\npm\node_modules\appium\node_modules\@appium\base-driver\build\lib\protocol\errors.js:824:36)
    at asyncHandler (C:\Users\Lenovo\AppData\Roaming\npm\node_modules\appium\node_modules\@appium\base-driver\build\lib\protocol\protocol.js:430:77)
The above error is caused by
Error: Could not find a connected Android device in 20000ms
    at ADB.getDevicesWithRetry (C:\Users\Lenovo\.appium\node_modules\appium-uiautomator2-driver\node_modules\appium-adb\build\lib\tools\system-calls.js:360:19)
    at process.processTicksAndRejections (node:internal/process/task_queues:104:5)
    at async AndroidUiautomator2Driver.getDeviceInfoFromCaps (C:\Users\Lenovo\.appium\node_modules\appium-uiautomator2-driver\node_modules\appium-android-driver\build\lib\commands\device\common.js:76:25)
    at async AndroidUiautomator2Driver.createSession (C:\Users\Lenovo\.appium\node_modules\appium-uiautomator2-driver\build\lib\driver.js:211:38)
    at async AppiumDriver.createSession (C:\Users\Lenovo\AppData\Roaming\npm\node_modules\appium\build\lib\appium.js:324:43)
Traceback (most recent call last):
  File "C:\Users\Lenovo\OneDrive\Desktop\SofaApp\core\session_manager.py", line 51, in start_session
    driver = webdriver.Remote(server_url, options=options)
  File "C:\Users\Lenovo\AppData\Roaming\Python\Python314\site-packages\appium\webdriver\webdriver.py", line 229, in __init__
    super().__init__(
    ~~~~~~~~~~~~~~~~^
        command_executor=command_executor,
        ^^^^^^^^^^^^^^^^^^^^^^^^^^^^^^^^^^
        options=options,
        ^^^^^^^^^^^^^^^^
    )
    ^
  File "C:\Users\Lenovo\AppData\Roaming\Python\Python314\site-packages\selenium\webdriver\remote\webdriver.py", line 208, in __init__
    self.start_session(capabilities)
    ~~~~~~~~~~~~~~~~~~^^^^^^^^^^^^^^
  File "C:\Users\Lenovo\AppData\Roaming\Python\Python314\site-packages\appium\webdriver\webdriver.py", line 321, in start_session
    response = self.execute(RemoteCommand.NEW_SESSION, w3c_caps)
  File "C:\Users\Lenovo\AppData\Roaming\Python\Python314\site-packages\selenium\webdriver\remote\webdriver.py", line 347, in execute
    self.error_handler.check_response(response)
    ~~~~~~~~~~~~~~~~~~~~~~~~~~~~~~~~~^^^^^^^^^^
  File "C:\Users\Lenovo\AppData\Roaming\Python\Python314\site-packages\selenium\webdriver\remote\errorhandler.py", line 229, in check_response
    raise exception_class(message, screen, stacktrace)
selenium.common.exceptions.WebDriverException: Message: Could not find a connected Android device in 20000ms
Stacktrace:
UnknownError: Could not find a connected Android device in 20000ms
    at getResponseForW3CError (C:\Users\Lenovo\AppData\Roaming\npm\node_modules\appium\node_modules\@appium\base-driver\build\lib\protocol\errors.js:824:36)
    at asyncHandler (C:\Users\Lenovo\AppData\Roaming\npm\node_modules\appium\node_modules\@appium\base-driver\build\lib\protocol\protocol.js:430:77)
The above error is caused by
Error: Could not find a connected Android device in 20000ms
    at ADB.getDevicesWithRetry (C:\Users\Lenovo\.appium\node_modules\appium-uiautomator2-driver\node_modules\appium-adb\build\lib\tools\system-calls.js:360:19)
    at process.processTicksAndRejections (node:internal/process/task_queues:104:5)
    at async AndroidUiautomator2Driver.getDeviceInfoFromCaps (C:\Users\Lenovo\.appium\node_modules\appium-uiautomator2-driver\node_modules\appium-android-driver\build\lib\commands\device\common.js:76:25)
    at async AndroidUiautomator2Driver.createSession (C:\Users\Lenovo\.appium\node_modules\appium-uiautomator2-driver\build\lib\driver.js:211:38)
    at async AppiumDriver.createSession (C:\Users\Lenovo\AppData\Roaming\npm\node_modules\appium\build\lib\appium.js:324:43)
2026-04-23 09:51:17,653 - [WARNING] [user1] Driver failed to start. Recording failure.
2026-04-23 09:51:17,653 - [INFO] Running account: user1
2026-04-23 09:51:17,654 - [INFO] [user1] Starting Appium session on device R3CMB0CDBPT...
2026-04-23 09:51:37,909 - [ERROR] [user1] Failed to start Appium session: Message: Could not find a connected Android device in 20000ms
Stacktrace:
UnknownError: Could not find a connected Android device in 20000ms
    at getResponseForW3CError (C:\Users\Lenovo\AppData\Roaming\npm\node_modules\appium\node_modules\@appium\base-driver\build\lib\protocol\errors.js:824:36)
    at asyncHandler (C:\Users\Lenovo\AppData\Roaming\npm\node_modules\appium\node_modules\@appium\base-driver\build\lib\protocol\protocol.js:430:77)
The above error is caused by
Error: Could not find a connected Android device in 20000ms
    at ADB.getDevicesWithRetry (C:\Users\Lenovo\.appium\node_modules\appium-uiautomator2-driver\node_modules\appium-adb\build\lib\tools\system-calls.js:360:19)
    at process.processTicksAndRejections (node:internal/process/task_queues:104:5)
    at async AndroidUiautomator2Driver.getDeviceInfoFromCaps (C:\Users\Lenovo\.appium\node_modules\appium-uiautomator2-driver\node_modules\appium-android-driver\build\lib\commands\device\common.js:76:25)
    at async AndroidUiautomator2Driver.createSession (C:\Users\Lenovo\.appium\node_modules\appium-uiautomator2-driver\build\lib\driver.js:211:38)
    at async AppiumDriver.createSession (C:\Users\Lenovo\AppData\Roaming\npm\node_modules\appium\build\lib\appium.js:324:43)
Traceback (most recent call last):
  File "C:\Users\Lenovo\OneDrive\Desktop\SofaApp\core\session_manager.py", line 51, in start_session
    driver = webdriver.Remote(server_url, options=options)
  File "C:\Users\Lenovo\AppData\Roaming\Python\Python314\site-packages\appium\webdriver\webdriver.py", line 229, in __init__
    super().__init__(
    ~~~~~~~~~~~~~~~~^
        command_executor=command_executor,
        ^^^^^^^^^^^^^^^^^^^^^^^^^^^^^^^^^^
        options=options,
        ^^^^^^^^^^^^^^^^
    )
    ^
  File "C:\Users\Lenovo\AppData\Roaming\Python\Python314\site-packages\selenium\webdriver\remote\webdriver.py", line 208, in __init__
    self.start_session(capabilities)
    ~~~~~~~~~~~~~~~~~~^^^^^^^^^^^^^^
  File "C:\Users\Lenovo\AppData\Roaming\Python\Python314\site-packages\appium\webdriver\webdriver.py", line 321, in start_session
    response = self.execute(RemoteCommand.NEW_SESSION, w3c_caps)
  File "C:\Users\Lenovo\AppData\Roaming\Python\Python314\site-packages\selenium\webdriver\remote\webdriver.py", line 347, in execute
    self.error_handler.check_response(response)
    ~~~~~~~~~~~~~~~~~~~~~~~~~~~~~~~~~^^^^^^^^^^
  File "C:\Users\Lenovo\AppData\Roaming\Python\Python314\site-packages\selenium\webdriver\remote\errorhandler.py", line 229, in check_response
    raise exception_class(message, screen, stacktrace)
selenium.common.exceptions.WebDriverException: Message: Could not find a connected Android device in 20000ms
Stacktrace:
UnknownError: Could not find a connected Android device in 20000ms
    at getResponseForW3CError (C:\Users\Lenovo\AppData\Roaming\npm\node_modules\appium\node_modules\@appium\base-driver\build\lib\protocol\errors.js:824:36)
    at asyncHandler (C:\Users\Lenovo\AppData\Roaming\npm\node_modules\appium\node_modules\@appium\base-driver\build\lib\protocol\protocol.js:430:77)
The above error is caused by
Error: Could not find a connected Android device in 20000ms
    at ADB.getDevicesWithRetry (C:\Users\Lenovo\.appium\node_modules\appium-uiautomator2-driver\node_modules\appium-adb\build\lib\tools\system-calls.js:360:19)
    at process.processTicksAndRejections (node:internal/process/task_queues:104:5)
    at async AndroidUiautomator2Driver.getDeviceInfoFromCaps (C:\Users\Lenovo\.appium\node_modules\appium-uiautomator2-driver\node_modules\appium-android-driver\build\lib\commands\device\common.js:76:25)
    at async AndroidUiautomator2Driver.createSession (C:\Users\Lenovo\.appium\node_modules\appium-uiautomator2-driver\build\lib\driver.js:211:38)
    at async AppiumDriver.createSession (C:\Users\Lenovo\AppData\Roaming\npm\node_modules\appium\build\lib\appium.js:324:43)
2026-04-23 09:51:37,915 - [WARNING] [user1] Driver failed to start. Recording failure.
2026-04-23 09:51:37,916 - [INFO] Running account: user1
2026-04-23 09:51:37,917 - [INFO] [user1] Starting Appium session on device R3CMB0CDBPT...
2026-04-23 09:51:58,062 - [ERROR] [user1] Failed to start Appium session: Message: Could not find a connected Android device in 20000ms
Stacktrace:
UnknownError: Could not find a connected Android device in 20000ms
    at getResponseForW3CError (C:\Users\Lenovo\AppData\Roaming\npm\node_modules\appium\node_modules\@appium\base-driver\build\lib\protocol\errors.js:824:36)
    at asyncHandler (C:\Users\Lenovo\AppData\Roaming\npm\node_modules\appium\node_modules\@appium\base-driver\build\lib\protocol\protocol.js:430:77)
The above error is caused by
Error: Could not find a connected Android device in 20000ms
    at ADB.getDevicesWithRetry (C:\Users\Lenovo\.appium\node_modules\appium-uiautomator2-driver\node_modules\appium-adb\build\lib\tools\system-calls.js:360:19)
    at process.processTicksAndRejections (node:internal/process/task_queues:104:5)
    at async AndroidUiautomator2Driver.getDeviceInfoFromCaps (C:\Users\Lenovo\.appium\node_modules\appium-uiautomator2-driver\node_modules\appium-android-driver\build\lib\commands\device\common.js:76:25)
    at async AndroidUiautomator2Driver.createSession (C:\Users\Lenovo\.appium\node_modules\appium-uiautomator2-driver\build\lib\driver.js:211:38)
    at async AppiumDriver.createSession (C:\Users\Lenovo\AppData\Roaming\npm\node_modules\appium\build\lib\appium.js:324:43)
Traceback (most recent call last):
  File "C:\Users\Lenovo\OneDrive\Desktop\SofaApp\core\session_manager.py", line 51, in start_session
    driver = webdriver.Remote(server_url, options=options)
  File "C:\Users\Lenovo\AppData\Roaming\Python\Python314\site-packages\appium\webdriver\webdriver.py", line 229, in __init__
    super().__init__(
    ~~~~~~~~~~~~~~~~^
        command_executor=command_executor,
        ^^^^^^^^^^^^^^^^^^^^^^^^^^^^^^^^^^
        options=options,
        ^^^^^^^^^^^^^^^^
    )
    ^
  File "C:\Users\Lenovo\AppData\Roaming\Python\Python314\site-packages\selenium\webdriver\remote\webdriver.py", line 208, in __init__
    self.start_session(capabilities)
    ~~~~~~~~~~~~~~~~~~^^^^^^^^^^^^^^
  File "C:\Users\Lenovo\AppData\Roaming\Python\Python314\site-packages\appium\webdriver\webdriver.py", line 321, in start_session
    response = self.execute(RemoteCommand.NEW_SESSION, w3c_caps)
  File "C:\Users\Lenovo\AppData\Roaming\Python\Python314\site-packages\selenium\webdriver\remote\webdriver.py", line 347, in execute
    self.error_handler.check_response(response)
    ~~~~~~~~~~~~~~~~~~~~~~~~~~~~~~~~~^^^^^^^^^^
  File "C:\Users\Lenovo\AppData\Roaming\Python\Python314\site-packages\selenium\webdriver\remote\errorhandler.py", line 229, in check_response
    raise exception_class(message, screen, stacktrace)
selenium.common.exceptions.WebDriverException: Message: Could not find a connected Android device in 20000ms
Stacktrace:
UnknownError: Could not find a connected Android device in 20000ms
    at getResponseForW3CError (C:\Users\Lenovo\AppData\Roaming\npm\node_modules\appium\node_modules\@appium\base-driver\build\lib\protocol\errors.js:824:36)
    at asyncHandler (C:\Users\Lenovo\AppData\Roaming\npm\node_modules\appium\node_modules\@appium\base-driver\build\lib\protocol\protocol.js:430:77)
The above error is caused by
Error: Could not find a connected Android device in 20000ms
    at ADB.getDevicesWithRetry (C:\Users\Lenovo\.appium\node_modules\appium-uiautomator2-driver\node_modules\appium-adb\build\lib\tools\system-calls.js:360:19)
    at process.processTicksAndRejections (node:internal/process/task_queues:104:5)
    at async AndroidUiautomator2Driver.getDeviceInfoFromCaps (C:\Users\Lenovo\.appium\node_modules\appium-uiautomator2-driver\node_modules\appium-android-driver\build\lib\commands\device\common.js:76:25)
    at async AndroidUiautomator2Driver.createSession (C:\Users\Lenovo\.appium\node_modules\appium-uiautomator2-driver\build\lib\driver.js:211:38)
    at async AppiumDriver.createSession (C:\Users\Lenovo\AppData\Roaming\npm\node_modules\appium\build\lib\appium.js:324:43)
2026-04-23 09:51:58,067 - [WARNING] [user1] Driver failed to start. Recording failure.
2026-04-23 09:51:58,067 - [ERROR] Account user1 temporarily disabled
2026-04-23 09:51:58,068 - [WARNING] All accounts have failed or hit limits. Stopping scheduler.
2026-04-23 09:51:58,068 - [INFO] Bot execution terminated.
